agentId	originRegionId	isMale	educationLevel	age	isHispanic	race	indiv_census_income	hh_census_income	householdInProvince	reportingRate	reportingRates_Single	family:numberOfPeople	family:haveKids	interest	joviality	jovialityBase	foodNeed:fullnessReachTimeInMinutes	foodNeed:keepingFullTimeInMinutes	foodNeed:hungryTreshold	foodNeed:starvingTreshold	foodNeed:appetite	
0	1	true	HighSchoolOrCollege	41.083333333333336	false	BlackOnly	132677	118719	true	0.8308249267265675	[0.2,0.2,0.8,0.2]	3	true	D	0.04492781656394107	0.0	36.9844482039166	133.9688964078332	45.34370119738893	0.0	0.7671850598694466	
1	1	false	Bachelors	59.083333333333336	false	WhiteOnly	35223	3503	true	0.8239978151504338	[0.8,0.8,0.2,0.2]	3	true	G	0.6715983869691825	0.0	41.01795598498697	142.03591196997394	42.654696010008685	0.0	0.6327348005004343	
2	1	false	Graduate	33.083333333333336	false	Plus2Races	239336	81198	true	0.9181492193647616	[0.2,0.8,0.8,0.2]	3	true	D	0.19167574031958956	0.0	47.875921827176754	155.7518436543535	38.082718781882164	0.0	0.4041359390941083	
3	1	true	HighSchoolOrCollege	57.083333333333336	false	WhiteOnly	126517	250105	true	0.8350897188022837	[0.8,0.2,0.8,0.2]	3	true	F	0.6191159608430027	0.0	45.29291483019362	150.58582966038725	39.80472344653759	0.0	0.4902361723268794	
4	1	false	Bachelors	22.083333333333332	false	WhiteOnly	121669	981267	true	0.7640915534102196	[0.2,0.8,0.8,0.2]	3	true	B	0.9380285421251592	0.0	38.993831294822634	137.98766258964525	44.004112470118244	0.0	0.7002056235059122	
5	1	false	Low	53.083333333333336	false	BlackOnly	321565	184605	true	0.97564431879636	[0.8,0.8,0.8,0.2]	2	false	I	0.5681525390155808	0.0	37.9717822083734	135.9435644167468	44.68547852775107	0.0	0.7342739263875535	
6	1	false	Graduate	34.083333333333336	false	BlackOnly	390151	652286	true	0.9181492193647616	[0.2,0.8,0.8,0.2]	2	false	J	0.1922783708121637	0.0	48.390949627728475	156.78189925545695	37.73936691484768	0.0	0.38696834574238415	
7	1	false	Bachelors	48.083333333333336	false	BlackOnly	493862	282141	true	0.9181492193647616	[0.2,0.8,0.8,0.2]	2	false	I	0.877801418964956	0.0	41.48483688603862	142.96967377207724	42.34344207597425	0.0	0.6171721037987125	
8	1	false	Low	21.083333333333332	false	BlackOnly	92478	312913	true	0.9181492193647616	[0.2,0.8,0.8,0.2]	2	false	B	0.7433905093574152	0.0	38.40159589483088	136.80319178966175	44.39893607011275	0.0	0.7199468035056372	
9	1	true	HighSchoolOrCollege	53.083333333333336	false	WhiteOnly	335941	58098	true	0.8350897188022837	[0.8,0.2,0.8,0.2]	2	false	H	0.6277297136459412	0.0	51.60768782186549	163.215375643731	35.594874785423	0.0	0.27974373927115026	
10	1	false	Bachelors	56.083333333333336	false	AsianOnly	53315	137860	true	0.9419085518138751	[0.8,0.8,0.2,0.2]	2	false	G	0.0504272690801032	0.0	40.91217867127737	141.82435734255472	42.72521421914842	0.0	0.6362607109574211	
11	1	false	Bachelors	33.083333333333336	false	BlackOnly	79362	188560	true	0.9181492193647616	[0.2,0.8,0.8,0.2]	1	false	E	0.7288149341665683	0.0	47.8573222663327	155.7146445326654	38.095118489111535	0.0	0.4047559244555766	
12	1	false	Bachelors	25.083333333333332	false	PacIslandOnly	104443	4232	true	0.9181492193647616	[0.2,0.8,0.8,0.2]	1	false	D	0.5311446952927746	0.0	39.61744644748323	139.23489289496646	43.588369035011176	0.0	0.6794184517505589	
13	1	false	Bachelors	36.083333333333336	false	BlackOnly	132943	133785	true	0.9181492193647616	[0.2,0.8,0.8,0.2]	1	false	A	0.895282912249052	0.0	46.52838207212593	153.05676414425187	38.981078618582714	0.0	0.44905393092913565	
14	1	false	Graduate	33.083333333333336	false	BlackOnly	470389	3847	true	0.9181492193647616	[0.2,0.8,0.8,0.2]	1	false	C	0.8343796714780445	0.0	43.88332340659595	147.7666468131919	40.74445106226936	0.0	0.5372225531134682	
15	1	true	Graduate	28.083333333333332	false	WhiteOnly	61782	6477	true	0.36466425585868595	[0.2,0.2,0.2,0.2]	1	false	H	0.6601418084723906	0.0	42.68642136994018	145.37284273988035	41.54238575337321	0.0	0.5771192876686606	
16	2	true	Bachelors	36.083333333333336	false	WhiteOnly	132677	118719	true	0.586439749074951	[0.2,0.2,0.8,0.2]	3	true	G	0.7649555251823463	0.0	44.1436580118976	148.2873160237952	40.570894658734936	0.0	0.5285447329367468	
17	2	false	Bachelors	53.083333333333336	false	WhiteOnly	20223	43503	true	0.8239978151504338	[0.8,0.8,0.2,0.2]	3	true	B	0.9288086420140407	0.0	52.86916837101848	165.73833674203695	34.75388775265435	0.0	0.23769438763271733	
18	2	false	Graduate	28.083333333333332	false	Plus2Races	239336	141198	true	0.9181492193647616	[0.2,0.8,0.8,0.2]	3	true	E	0.01823223951210795	0.0	38.27395138130993	136.54790276261986	44.484032412460046	0.0	0.7242016206230023	
19	2	true	Bachelors	48.083333333333336	false	WhiteOnly	126517	250105	true	0.586439749074951	[0.2,0.2,0.8,0.2]	3	true	G	0.2366673737933045	0.0	36.71944995706785	133.4388999141357	45.520366695288104	0.0	0.776018334764405	
20	2	false	Bachelors	23.083333333333332	false	WhiteOnly	121669	981267	true	0.7640915534102196	[0.2,0.8,0.8,0.2]	3	true	C	0.9847443359149708	0.0	39.87441105795699	139.74882211591398	43.417059294695335	0.0	0.6708529647347669	
21	2	false	HighSchoolOrCollege	42.083333333333336	false	WhiteOnly	321565	184605	true	0.7640915534102196	[0.2,0.8,0.8,0.2]	3	true	E	0.5152295231312933	0.0	49.5	159.0	37.0	0.0	0.35	
22	2	false	Graduate	25.083333333333332	false	BlackOnly	90151	652286	true	0.9181492193647616	[0.2,0.8,0.8,0.2]	3	true	D	0.8947911679253217	0.0	43.78565993470702	147.57131986941403	40.80956004352865	0.0	0.5404780021764326	
23	2	false	Bachelors	36.083333333333336	false	WhiteOnly	493862	282141	true	0.7640915534102196	[0.2,0.8,0.8,0.2]	3	true	A	0.5390805422898385	0.0	43.552788152757664	147.10557630551534	40.96480789816155	0.0	0.5482403949080779	
24	2	false	HighSchoolOrCollege	22.083333333333332	false	WhiteOnly	92478	312913	true	0.7640915534102196	[0.2,0.8,0.8,0.2]	2	false	I	0.9670095063073502	0.0	36.05938796858872	132.11877593717745	45.96040802094085	0.0	0.7980204010470425	
25	2	true	Bachelors	43.083333333333336	false	WhiteOnly	335941	88098	true	0.586439749074951	[0.2,0.2,0.8,0.2]	2	false	F	0.5355687920848512	0.0	39.47070995786949	138.94141991573898	43.68619336142034	0.0	0.684309668071017	
26	2	false	Bachelors	54.083333333333336	false	AsianOnly	53315	137860	true	0.9419085518138751	[0.8,0.8,0.2,0.2]	2	false	J	0.5100442408151492	0.0	49.5	159.0	37.0	0.0	0.35	
27	2	false	Bachelors	31.083333333333332	false	WhiteOnly	54362	188560	true	0.5672894400869586	[0.2,0.8,0.2,0.2]	2	false	G	0.8721829027272586	0.0	48.85808590551433	157.71617181102866	37.42794272965711	0.0	0.37139713648285566	
28	2	false	Bachelors	28.083333333333332	false	Other	104443	34232	true	0.9181492193647616	[0.2,0.8,0.8,0.2]	2	false	A	0.026030620186679898	0.0	45.05948075895376	150.1189615179075	39.9603461606975	0.0	0.4980173080348747	
29	2	false	Bachelors	33.083333333333336	false	WhiteOnly	132943	183785	true	0.7640915534102196	[0.2,0.8,0.8,0.2]	2	false	H	0.23741346016066167	0.0	45.86565625621746	151.73131251243493	39.42289582918836	0.0	0.47114479145941796	
30	2	false	Graduate	31.083333333333332	false	WhiteOnly	470389	3847	true	0.7640915534102196	[0.2,0.8,0.8,0.2]	2	false	I	0.2882789797756068	0.0	43.82648193900489	147.65296387800979	40.78234537399673	0.0	0.5391172686998368	
31	2	true	Graduate	28.083333333333332	false	WhiteOnly	61782	36477	true	0.36466425585868595	[0.2,0.2,0.2,0.2]	2	false	A	0.7743289256054267	0.0	46.09857980332995	152.1971596066599	39.2676134644467	0.0	0.46338067322233506	
32	2	true	Graduate	20.083333333333332	false	WhiteOnly	66562	143017	true	0.36466425585868595	[0.2,0.2,0.2,0.2]	2	false	E	0.5621803924226032	0.0	40.803936545263085	141.60787309052617	42.797375636491275	0.0	0.6398687818245637	
33	2	true	Bachelors	39.083333333333336	false	WhiteOnly	68357	97711	true	0.36466425585868595	[0.2,0.2,0.2,0.2]	1	false	G	0.5115610413481043	0.0	47.297105499085134	154.59421099817027	38.468596333943246	0.0	0.4234298166971623	
34	2	true	Bachelors	30.083333333333332	false	WhiteOnly	421727	8627	true	0.586439749074951	[0.2,0.2,0.8,0.2]	1	false	F	0.3129097895935883	0.0	47.4477357399376	154.8954714798752	38.368176173374934	0.0	0.4184088086687467	
35	2	true	Bachelors	32.083333333333336	false	WhiteOnly	85367	615522	true	0.586439749074951	[0.2,0.2,0.8,0.2]	1	false	I	0.7282205903163647	0.0	38.05708026651239	136.1141605330248	44.6286131556584	0.0	0.7314306577829202	
36	2	true	Bachelors	28.083333333333332	false	WhiteOnly	426497	30154	true	0.586439749074951	[0.2,0.2,0.8,0.2]	1	false	A	0.5203196415917503	0.0	40.6773505585321	141.3547011170642	42.88176629431194	0.0	0.6440883147155969	
37	2	false	Bachelors	31.083333333333332	false	BlackOnly	94098	135361	true	0.9181492193647616	[0.2,0.8,0.8,0.2]	1	false	A	0.9909430732194655	0.0	39.36908856852193	138.73817713704386	43.753940954318715	0.0	0.6876970477159356	
38	2	false	Graduate	25.083333333333332	true	WhiteOnly	53077	54277	true	0.5672894400869586	[0.2,0.8,0.2,0.2]	1	false	H	0.42448503725167264	0.0	46.24221917661693	152.48443835323386	39.171853882255384	0.0	0.4585926941127692	
39	2	false	Graduate	30.083333333333332	false	WhiteOnly	68241	33261	true	0.5672894400869586	[0.2,0.8,0.2,0.2]	1	false	C	0.369017914576766	0.0	44.12114440981213	148.24228881962426	40.58590372679191	0.0	0.5292951863395957	
40	2	false	Graduate	42.083333333333336	false	WhiteOnly	174210	131632	true	0.7640915534102196	[0.2,0.8,0.8,0.2]	1	false	H	0.5653790495100153	0.0	46.81588476285217	153.63176952570436	38.78941015809855	0.0	0.4394705079049276	
41	2	true	Graduate	33.083333333333336	false	BlackOnly	380460	155472	true	0.8308249267265675	[0.2,0.2,0.8,0.2]	1	false	F	0.6299979478844511	0.0	37.339872343687645	134.6797446873753	45.1067517708749	0.0	0.7553375885437451	
42	3	true	HighSchoolOrCollege	41.083333333333336	false	BlackOnly	132677	78719	true	0.8308249267265675	[0.2,0.2,0.8,0.2]	3	true	G	0.44449049294111265	0.0	45.11640834098927	150.23281668197853	39.92239443934049	0.0	0.4961197219670246	
43	3	false	HighSchoolOrCollege	57.083333333333336	false	WhiteOnly	20223	13503	true	0.8239978151504338	[0.8,0.8,0.2,0.2]	3	true	A	0.5633914181975047	0.0	36.2421149491895	132.484229898379	45.83859003387367	0.0	0.7919295016936834	
44	3	false	Graduate	30.083333333333332	false	Plus2Races	239336	81198	true	0.9181492193647616	[0.2,0.8,0.8,0.2]	3	true	B	0.32202240367864066	0.0	52.55758306700272	165.11516613400542	34.961611288664855	0.0	0.24808056443324283	
45	3	true	HighSchoolOrCollege	55.083333333333336	false	WhiteOnly	126517	250105	true	0.8350897188022837	[0.8,0.2,0.8,0.2]	3	true	I	0.9307816304987682	0.0	49.58819247785418	159.17638495570836	36.94120501476388	0.0	0.3470602507381939	
46	3	false	HighSchoolOrCollege	23.083333333333332	false	WhiteOnly	121669	181267	true	0.7640915534102196	[0.2,0.8,0.8,0.2]	3	true	I	0.5863308818069188	0.0	50.3919947643847	160.78398952876938	36.40533682374353	0.0	0.32026684118717674	
47	3	false	Low	51.083333333333336	false	BlackOnly	321565	134605	true	0.97564431879636	[0.8,0.8,0.8,0.2]	2	false	B	0.2288481683795428	0.0	37.528484204763274	135.05696840952655	44.98101053015782	0.0	0.7490505265078908	
48	3	false	Graduate	30.083333333333332	false	BlackOnly	65151	652286	true	0.8195081705943794	[0.2,0.8,0.2,0.2]	2	false	C	0.6335788833063635	0.0	52.68396837597808	165.36793675195617	34.87735441601461	0.0	0.24386772080073055	
49	3	false	Bachelors	48.083333333333336	false	BlackOnly	493862	182141	true	0.9181492193647616	[0.2,0.8,0.8,0.2]	2	false	G	0.8778461244596152	0.0	53.947965025600055	167.8959300512001	34.034689982933294	0.0	0.2017344991466647	
50	3	false	HighSchoolOrCollege	21.083333333333332	false	BlackOnly	67478	312913	true	0.8195081705943794	[0.2,0.8,0.2,0.2]	2	false	E	0.5807172170070787	0.0	41.233078045652285	142.46615609130458	42.511281302898475	0.0	0.6255640651449238	
51	3	true	HighSchoolOrCollege	52.083333333333336	false	WhiteOnly	335941	58098	true	0.8350897188022837	[0.8,0.2,0.8,0.2]	2	false	D	0.8126646607843159	0.0	50.9166196877448	161.8332393754896	36.0555868748368	0.0	0.30277934374183996	
52	3	false	HighSchoolOrCollege	58.083333333333336	false	AsianOnly	28315	137860	true	0.9419085518138751	[0.8,0.8,0.2,0.2]	2	false	I	0.5516786240729901	0.0	39.60225477102177	139.20450954204352	43.59849681931882	0.0	0.679924840965941	
53	3	false	HighSchoolOrCollege	30.083333333333332	false	BlackOnly	29362	138560	true	0.8195081705943794	[0.2,0.8,0.2,0.2]	2	false	B	0.7433861441427315	0.0	36.166932424900054	132.3338648498001	45.8887117167333	0.0	0.7944355858366647	
54	3	false	HighSchoolOrCollege	26.083333333333332	false	Other	79443	14232	true	0.9181492193647616	[0.2,0.8,0.8,0.2]	1	false	C	0.4153643613847273	0.0	50.57461408331422	161.14922816662846	36.28359061112385	0.0	0.3141795305561925	
55	3	false	Bachelors	44.083333333333336	false	WhiteOnly	132943	133785	true	0.7640915534102196	[0.2,0.8,0.8,0.2]	1	false	J	0.384362987934286	0.0	50.36425210693372	160.72850421386744	36.423831928710854	0.0	0.3211915964355427	
56	3	false	Graduate	37.083333333333336	false	BlackOnly	470389	3847	true	0.9181492193647616	[0.2,0.8,0.8,0.2]	1	false	F	0.4915761075519559	0.0	49.55020891738522	159.10041783477044	36.96652738840985	0.0	0.34832636942049255	
57	3	true	Graduate	26.083333333333332	false	WhiteOnly	36782	26477	true	0.36466425585868595	[0.2,0.2,0.2,0.2]	1	false	A	0.3106080411963743	0.0	36.76320439823117	133.52640879646233	45.49119706784589	0.0	0.7745598533922943	
58	3	true	Bachelors	23.083333333333332	false	WhiteOnly	41562	143017	true	0.36466425585868595	[0.2,0.2,0.2,0.2]	1	false	J	0.17313454405118156	0.0	39.42709160305603	138.85418320611205	43.71527226462931	0.0	0.6857636132314656	
59	3	true	HighSchoolOrCollege	44.083333333333336	false	WhiteOnly	13357	27711	true	0.36466425585868595	[0.2,0.2,0.2,0.2]	1	false	H	0.5130333905978448	0.0	39.04991074304306	138.0998214860861	43.96672617130463	0.0	0.6983363085652314	
60	4	true	HighSchoolOrCollege	45.083333333333336	false	BlackOnly	132677	78719	true	0.8308249267265675	[0.2,0.2,0.8,0.2]	3	true	A	0.5679419582852094	0.0	36.31640905310968	132.63281810621936	45.78906063126021	0.0	0.7894530315630107	
61	4	false	HighSchoolOrCollege	64.08333333333333	false	WhiteOnly	223	43503	true	0.8239978151504338	[0.8,0.8,0.2,0.2]	3	true	I	0.1609612817732019	0.0	45.269198322466295	150.5383966449326	39.82053445168914	0.0	0.4910267225844569	
62	4	false	Graduate	33.083333333333336	false	Plus2Races	239336	81198	true	0.9181492193647616	[0.2,0.8,0.8,0.2]	3	true	D	0.9966268771355485	0.0	37.05123359194551	134.102467183891	45.29917760536966	0.0	0.7649588802684829	
63	4	true	HighSchoolOrCollege	55.083333333333336	false	WhiteOnly	76517	250105	true	0.8350897188022837	[0.8,0.2,0.8,0.2]	3	true	D	0.05899362679163811	0.0	41.542674230031295	143.0853484600626	42.30488384664581	0.0	0.6152441923322902	
64	4	false	Bachelors	20.083333333333332	false	BlackOnly	96669	131267	true	0.9181492193647616	[0.2,0.8,0.8,0.2]	3	true	B	0.5765606021782	0.0	46.03145960441983	152.06291920883967	39.31236026372011	0.0	0.4656180131860056	
65	4	false	Low	55.083333333333336	false	BlackOnly	96565	134605	true	0.97564431879636	[0.8,0.8,0.8,0.2]	2	false	H	0.1951303594197129	0.0	40.35839676305154	140.71679352610306	43.09440215796564	0.0	0.654720107898282	
66	4	false	Graduate	34.083333333333336	false	BlackOnly	65151	652286	true	0.8195081705943794	[0.2,0.8,0.2,0.2]	2	false	I	0.8391665547897978	0.0	44.816971270214594	149.6339425404292	40.12201915319027	0.0	0.5061009576595136	
67	4	false	Bachelors	54.083333333333336	false	BlackOnly	93862	132141	true	0.97564431879636	[0.8,0.8,0.8,0.2]	2	false	H	0.4351565106876415	0.0	47.43230361235817	154.86460722471634	38.37846425842789	0.0	0.41892321292139445	
68	4	true	HighSchoolOrCollege	21.083333333333332	false	BlackOnly	67478	312913	true	0.6653085272175364	[0.2,0.2,0.2,0.2]	2	false	A	0.4678691286625061	0.0	48.31900758597619	156.63801517195236	37.78732827601588	0.0	0.38936641380079373	
69	4	true	HighSchoolOrCollege	59.083333333333336	false	WhiteOnly	335941	88098	true	0.8350897188022837	[0.8,0.2,0.8,0.2]	2	false	A	0.7699124084043649	0.0	52.900425618132445	165.8008512362649	34.7330495879117	0.0	0.23665247939558504	
70	4	false	HighSchoolOrCollege	58.083333333333336	false	AsianOnly	28315	67860	true	0.9419085518138751	[0.8,0.8,0.2,0.2]	2	false	D	0.07392106242456375	0.0	39.645197191539765	139.29039438307953	43.569868538973495	0.0	0.6784934269486745	
71	4	false	Bachelors	35.083333333333336	false	BlackOnly	29362	138560	true	0.8195081705943794	[0.2,0.8,0.2,0.2]	1	false	C	0.14754381930200244	0.0	40.25490199926067	140.50980399852133	43.163398667159555	0.0	0.6581699333579778	
72	4	false	Bachelors	25.083333333333332	false	Other	79443	34232	true	0.9181492193647616	[0.2,0.8,0.8,0.2]	1	false	H	0.8278759185218534	0.0	38.23809631451807	136.47619262903612	44.50793579032129	0.0	0.7253967895160645	
73	4	false	Bachelors	46.083333333333336	false	BlackOnly	132943	133785	true	0.9181492193647616	[0.2,0.8,0.8,0.2]	1	false	G	0.7975863287335169	0.0	39.43453959031508	138.86907918063017	43.710306939789945	0.0	0.6855153469894971	
74	4	false	Graduate	39.083333333333336	false	BlackOnly	95389	3847	true	0.9181492193647616	[0.2,0.8,0.8,0.2]	1	false	D	0.9574628435520763	0.0	45.48001584979143	150.96003169958286	39.67998943347238	0.0	0.48399947167361895	
75	4	true	Graduate	32.083333333333336	false	WhiteOnly	36782	36477	true	0.36466425585868595	[0.2,0.2,0.2,0.2]	1	false	G	0.682606531047005	0.0	36.40541599152243	132.81083198304486	45.72972267231838	0.0	0.786486133615919	
76	4	true	Graduate	29.083333333333332	false	BlackOnly	41562	83017	true	0.6653085272175364	[0.2,0.2,0.2,0.2]	1	false	J	0.5139375304500136	0.0	50.52924711808643	161.05849423617286	36.313835254609046	0.0	0.31569176273045235	
77	5	true	HighSchoolOrCollege	45.083333333333336	false	BlackOnly	132677	78719	true	0.8308249267265675	[0.2,0.2,0.8,0.2]	3	true	A	0.21675875286842938	0.0	52.1109166900165	164.22183338003302	35.25938887332233	0.0	0.2629694436661165	
78	5	false	HighSchoolOrCollege	59.083333333333336	false	WhiteOnly	20223	13503	true	0.8239978151504338	[0.8,0.8,0.2,0.2]	3	true	F	0.022682407521727455	0.0	42.12338507600778	144.24677015201556	41.917743282661476	0.0	0.595887164133074	
79	5	false	Bachelors	32.083333333333336	false	Plus2Races	239336	81198	true	0.9181492193647616	[0.2,0.8,0.8,0.2]	3	true	J	0.31069969291866006	0.0	53.81138197861381	167.62276395722762	34.125745347590794	0.0	0.20628726737953973	
80	5	true	HighSchoolOrCollege	58.083333333333336	false	WhiteOnly	126517	250105	true	0.8350897188022837	[0.8,0.2,0.8,0.2]	3	true	C	0.8382505439896085	0.0	42.96411837742683	145.92823675485366	41.357254415048786	0.0	0.5678627207524392	
81	5	false	HighSchoolOrCollege	21.083333333333332	false	BlackOnly	121669	181267	true	0.9181492193647616	[0.2,0.8,0.8,0.2]	3	true	D	0.17392312212444416	0.0	42.26535905789768	144.53071811579537	41.82309396140154	0.0	0.5911546980700771	
82	5	false	Low	50.083333333333336	false	BlackOnly	321565	134605	true	0.97564431879636	[0.8,0.8,0.8,0.2]	3	true	A	0.49452931509390263	0.0	41.16434392708841	142.32868785417682	42.55710404860773	0.0	0.6278552024303863	
83	5	false	Graduate	33.083333333333336	false	BlackOnly	65151	652286	true	0.8195081705943794	[0.2,0.8,0.2,0.2]	2	false	F	0.1691104410301867	0.0	41.19447161682225	142.3889432336445	42.537018922118506	0.0	0.6268509461059251	
84	5	false	HighSchoolOrCollege	52.083333333333336	false	BlackOnly	493862	182141	true	0.97564431879636	[0.8,0.8,0.8,0.2]	2	false	C	0.31649754313412426	0.0	50.121147193116286	160.24229438623257	36.585901871255814	0.0	0.3292950935627905	
85	5	true	Low	24.083333333333332	false	BlackOnly	42478	312913	true	0.6653085272175364	[0.2,0.2,0.2,0.2]	2	false	C	0.2711538593687064	0.0	53.79441982961778	167.58883965923556	34.13705344692148	0.0	0.2068526723460739	
86	5	true	HighSchoolOrCollege	51.083333333333336	false	WhiteOnly	335941	58098	true	0.8350897188022837	[0.8,0.2,0.8,0.2]	2	false	F	0.7665115890652388	0.0	41.02335398922576	142.04670797845154	42.65109734051616	0.0	0.632554867025808	
87	5	false	HighSchoolOrCollege	56.083333333333336	false	AsianOnly	28315	67860	true	0.9419085518138751	[0.8,0.8,0.2,0.2]	2	false	G	0.5602266120098757	0.0	49.060628023257685	158.12125604651538	37.29291465116154	0.0	0.3646457325580771	
88	5	false	HighSchoolOrCollege	34.083333333333336	false	BlackOnly	29362	138560	true	0.8195081705943794	[0.2,0.8,0.2,0.2]	2	false	G	0.3525373391430715	0.0	45.66253026272395	151.3250605254479	39.558313158184035	0.0	0.4779156579092018	
89	5	false	HighSchoolOrCollege	29.083333333333332	false	Other	79443	14232	true	0.9181492193647616	[0.2,0.8,0.8,0.2]	2	false	F	0.4751088867612403	0.0	39.142808128768934	138.28561625753787	43.90479458082071	0.0	0.6952397290410357	
90	5	false	HighSchoolOrCollege	43.083333333333336	false	BlackOnly	132943	133785	true	0.9181492193647616	[0.2,0.8,0.8,0.2]	1	false	D	0.34722034990017436	0.0	47.057198152402925	154.11439630480584	38.62853456506471	0.0	0.4314267282532358	
91	5	false	Graduate	38.083333333333336	false	BlackOnly	470389	3847	true	0.9181492193647616	[0.2,0.8,0.8,0.2]	1	false	I	0.784448840304237	0.0	39.95471195516921	139.90942391033843	43.36352536322053	0.0	0.6681762681610264	
92	5	true	Bachelors	26.083333333333332	false	WhiteOnly	36782	26477	true	0.36466425585868595	[0.2,0.2,0.2,0.2]	1	false	I	0.9681960215571431	0.0	46.88394969548655	153.7678993909731	38.7440335363423	0.0	0.4372016768171149	
93	5	true	Bachelors	20.083333333333332	false	BlackOnly	41562	83017	true	0.6653085272175364	[0.2,0.2,0.2,0.2]	1	false	I	0.19560359714533904	0.0	44.8923374571328	149.7846749142656	40.07177502857814	0.0	0.5035887514289069	
94	5	true	HighSchoolOrCollege	45.083333333333336	false	WhiteOnly	43357	27711	true	0.36466425585868595	[0.2,0.2,0.2,0.2]	1	false	B	0.8272282013974332	0.0	42.66780534227977	145.33561068455953	41.55479643848015	0.0	0.5777398219240076	
95	5	true	HighSchoolOrCollege	39.083333333333336	false	BlackOnly	421727	18627	true	0.8308249267265675	[0.2,0.2,0.8,0.2]	1	false	I	0.042524762508618585	0.0	50.775267101509655	161.5505342030193	36.149821932326894	0.0	0.3074910966163448	
96	6	true	HighSchoolOrCollege	49.083333333333336	false	BlackOnly	32677	58719	true	0.6653085272175364	[0.2,0.2,0.2,0.2]	3	true	J	0.7614795406206842	0.0	37.24127072567448	134.48254145134896	45.17248618288368	0.0	0.758624309144184	
97	6	false	HighSchoolOrCollege	63.083333333333336	false	BlackOnly	223	13503	true	0.9419085518138751	[0.8,0.8,0.2,0.2]	3	true	E	0.33279941125391765	0.0	44.56880322254004	149.13760644508008	40.287464518306635	0.0	0.5143732259153319	
98	6	false	HighSchoolOrCollege	30.083333333333332	false	Plus2Races	239336	31198	true	0.9181492193647616	[0.2,0.8,0.8,0.2]	3	true	J	0.18038997684134928	0.0	42.494510080009945	144.9890201600199	41.67032661332671	0.0	0.5835163306663352	
99	6	true	Low	58.083333333333336	false	BlackOnly	26517	100105	true	0.8765234960785928	[0.8,0.2,0.2,0.2]	3	true	I	0.9573052749732562	0.0	45.388427716372604	150.7768554327452	39.741048189084935	0.0	0.48705240945424666	
100	6	false	HighSchoolOrCollege	17.083333333333332	false	BlackOnly	46669	81267	true	0.8195081705943794	[0.2,0.8,0.2,0.2]	3	true	C	0.22275408337946356	0.0	37.12835248978412	134.25670497956824	45.24776500681059	0.0	0.7623882503405295	
101	6	false	Low	55.083333333333336	false	BlackOnly	46565	34605	true	0.9419085518138751	[0.8,0.8,0.2,0.2]	2	false	F	0.050685987672720256	0.0	45.92310948601418	151.84621897202834	39.38459367599055	0.0	0.46922968379952745	
102	6	false	Bachelors	33.083333333333336	false	BlackOnly	40151	152286	true	0.8195081705943794	[0.2,0.8,0.2,0.2]	2	false	J	0.9855862302586585	0.0	41.39783284916078	142.79566569832156	42.40144476722615	0.0	0.6200722383613074	
103	6	false	HighSchoolOrCollege	51.083333333333336	false	BlackOnly	43862	62141	true	0.9419085518138751	[0.8,0.8,0.2,0.2]	2	false	I	0.6426737704799972	0.0	42.5973438410299	145.1946876820598	41.60177077264674	0.0	0.5800885386323368	
104	6	true	Low	19.083333333333332	false	BlackOnly	42478	112913	true	0.6653085272175364	[0.2,0.2,0.2,0.2]	2	false	D	0.6160804132168884	0.0	50.751253021454986	161.50250604290997	36.16583131903001	0.0	0.30829156595150053	
105	6	true	Low	55.083333333333336	false	WhiteOnly	85941	18098	true	0.8350897188022837	[0.8,0.2,0.8,0.2]	2	false	E	0.8837254393136146	0.0	36.59208489430693	133.18416978861387	45.60527673712872	0.0	0.7802638368564357	
106	6	false	HighSchoolOrCollege	56.083333333333336	false	BlackOnly	3315	57860	true	0.9419085518138751	[0.8,0.8,0.2,0.2]	2	false	E	0.31770327334228	0.0	36.099065369035344	132.1981307380707	45.9339564206431	0.0	0.7966978210321551	
107	6	false	HighSchoolOrCollege	37.083333333333336	false	BlackOnly	29362	48560	true	0.8195081705943794	[0.2,0.8,0.2,0.2]	1	false	B	0.6704459000775977	0.0	44.29641072277165	148.59282144554328	40.469059518152235	0.0	0.5234529759076118	
108	6	false	HighSchoolOrCollege	27.083333333333332	false	BlackOnly	29443	14232	true	0.8195081705943794	[0.2,0.8,0.2,0.2]	1	false	A	0.7008542370575529	0.0	53.532169733562526	167.06433946712505	34.31188684429165	0.0	0.21559434221458235	
109	6	false	HighSchoolOrCollege	45.083333333333336	false	BlackOnly	57943	33785	true	0.8195081705943794	[0.2,0.8,0.2,0.2]	1	false	J	0.09427116360869892	0.0	43.122643865983946	146.2452877319679	41.2515707560107	0.0	0.562578537800535	
110	6	false	Graduate	38.083333333333336	false	BlackOnly	45389	3847	true	0.8195081705943794	[0.2,0.8,0.2,0.2]	1	false	D	0.7400486657122533	0.0	43.52441993329449	147.048839866589	40.983720044470346	0.0	0.5491860022235171	
111	6	true	HighSchoolOrCollege	29.083333333333332	false	BlackOnly	11782	6477	true	0.6653085272175364	[0.2,0.2,0.2,0.2]	1	false	A	0.4854699085885633	0.0	48.078576977880495	156.15715395576098	37.94761534807967	0.0	0.3973807674039835	
112	6	true	HighSchoolOrCollege	22.083333333333332	false	BlackOnly	16562	43017	true	0.6653085272175364	[0.2,0.2,0.2,0.2]	1	false	B	0.6374258061879639	0.0	38.53624770951224	137.07249541902448	44.30916819365851	0.0	0.7154584096829253	
113	7	true	HighSchoolOrCollege	47.083333333333336	false	BlackOnly	57677	58719	true	0.6653085272175364	[0.2,0.2,0.2,0.2]	3	true	A	0.16871251444379287	0.0	45.57489442799395	151.14978885598788	39.61673704800404	0.0	0.4808368524002018	
114	7	false	HighSchoolOrCollege	60.083333333333336	false	BlackOnly	20223	3503	true	0.9419085518138751	[0.8,0.8,0.2,0.2]	3	true	I	0.41394398873309324	0.0	46.45793980758732	152.91587961517465	39.02804012827512	0.0	0.451402006413756	
115	7	false	Bachelors	34.083333333333336	false	Plus2Races	89336	31198	true	0.9181492193647616	[0.2,0.8,0.8,0.2]	2	false	G	0.3141062964717458	0.0	51.425224987289816	162.85044997457965	35.71651667514012	0.0	0.28582583375700604	
116	7	true	HighSchoolOrCollege	58.083333333333336	false	BlackOnly	26517	100105	true	0.8765234960785928	[0.8,0.2,0.2,0.2]	2	false	G	0.5874010472971894	0.0	48.93096563848271	157.8619312769654	37.37935624101153	0.0	0.3689678120505764	
117	7	false	HighSchoolOrCollege	15.083333333333334	false	BlackOnly	71669	81267	true	0.9181492193647616	[0.2,0.8,0.8,0.2]	2	false	H	0.4334138869186761	0.0	37.11542373874962	134.23084747749925	45.256384174166925	0.0	0.7628192087083461	
118	7	false	Low	57.083333333333336	false	BlackOnly	46565	34605	true	0.9419085518138751	[0.8,0.8,0.2,0.2]	1	false	H	0.9787422703399822	0.0	38.48791753783276	136.97583507566551	44.3413883081115	0.0	0.7170694154055749	
119	7	false	Bachelors	34.083333333333336	false	BlackOnly	40151	102286	true	0.8195081705943794	[0.2,0.8,0.2,0.2]	1	false	J	0.09768635500231437	0.0	53.995533929117904	167.99106785823582	34.002977380588064	0.0	0.2001488690294031	
120	7	false	HighSchoolOrCollege	53.083333333333336	false	BlackOnly	68862	62141	true	0.9419085518138751	[0.8,0.8,0.2,0.2]	1	false	H	0.24470808170379277	0.0	38.516064999178184	137.03212999835637	44.32262333388121	0.0	0.7161311666940604	
121	8	true	Bachelors	24.083333333333332	false	BlackOnly	82677	78719	true	0.8308249267265675	[0.2,0.2,0.8,0.2]	3	true	D	0.6626752361395098	0.0	45.47105218699602	150.94210437399204	39.685965208669316	0.0	0.484298260433466	
122	8	false	Bachelors	40.083333333333336	false	WhiteOnly	223	3503	true	0.5672894400869586	[0.2,0.8,0.2,0.2]	3	true	C	0.02061470438321178	0.0	46.95505422581391	153.91010845162782	38.69663051612406	0.0	0.4348315258062029	
123	8	false	Graduate	19.083333333333332	false	Plus2Races	239336	81198	true	0.9181492193647616	[0.2,0.8,0.8,0.2]	3	true	G	0.6994663880039056	0.0	41.43479799857559	142.86959599715118	42.376801334282945	0.0	0.6188400667141472	
124	8	true	HighSchoolOrCollege	30.083333333333332	false	WhiteOnly	76517	150105	true	0.586439749074951	[0.2,0.2,0.8,0.2]	3	true	J	0.9483744753346929	0.0	48.101249843990665	156.20249968798134	37.93250010400622	0.0	0.3966250052003112	
125	8	false	Bachelors	16.083333333333332	false	BlackOnly	96669	181267	true	0.9181492193647616	[0.2,0.8,0.8,0.2]	3	true	F	0.21242250788513528	0.0	38.73208490791092	137.46416981582183	44.178610061392725	0.0	0.7089305030696362	
126	8	false	Low	34.083333333333336	false	BlackOnly	96565	134605	true	0.9181492193647616	[0.2,0.8,0.8,0.2]	3	true	G	0.25693893344551977	0.0	40.37194943788352	140.74389887576706	43.08536704141098	0.0	0.6542683520705492	
127	8	false	Graduate	19.083333333333332	false	BlackOnly	65151	152286	true	0.8195081705943794	[0.2,0.8,0.2,0.2]	3	true	D	0.36126970301232664	0.0	47.159752982931835	154.31950596586367	38.560164678045446	0.0	0.4280082339022723	
128	8	false	Bachelors	27.083333333333332	false	BlackOnly	93862	132141	true	0.9181492193647616	[0.2,0.8,0.8,0.2]	3	true	H	0.017349500791815853	0.0	36.95155672203687	133.90311344407374	45.365628851975416	0.0	0.7682814425987708	
129	8	false	Low	19.083333333333332	false	BlackOnly	67478	162913	true	0.8195081705943794	[0.2,0.8,0.2,0.2]	3	true	F	0.6916437416044942	0.0	46.03973030405252	152.07946060810505	39.30684646396499	0.0	0.4653423231982493	
130	8	true	Low	26.083333333333332	false	WhiteOnly	335941	58098	true	0.586439749074951	[0.2,0.2,0.8,0.2]	3	true	C	0.9139280436078883	0.0	49.745517805365864	159.49103561073173	36.836321463089426	0.0	0.34181607315447127	
131	8	false	Bachelors	39.083333333333336	false	AsianOnly	28315	67860	true	0.8195081705943794	[0.2,0.8,0.2,0.2]	2	false	H	0.6508301305814297	0.0	48.42267887111301	156.845357742226	37.71821408592466	0.0	0.385910704296233	
132	8	false	Bachelors	21.083333333333332	false	BlackOnly	54362	138560	true	0.8195081705943794	[0.2,0.8,0.2,0.2]	2	false	D	0.6262247141858944	0.0	46.2305596551307	152.4611193102614	39.179626896579535	0.0	0.4589813448289767	
133	8	false	Bachelors	19.083333333333332	false	AsianOnly	79443	14232	true	0.9181492193647616	[0.2,0.8,0.8,0.2]	2	false	H	0.4159628804551584	0.0	36.53518319518883	133.07036639037767	45.64321120320745	0.0	0.7821605601603724	
134	8	false	Bachelors	24.083333333333332	false	BlackOnly	132943	93785	true	0.9181492193647616	[0.2,0.8,0.8,0.2]	2	false	I	0.023969245043427234	0.0	44.25142675334628	148.50285350669256	40.49904883110248	0.0	0.524952441555124	
135	8	false	Graduate	22.083333333333332	false	BlackOnly	95389	3847	true	0.9181492193647616	[0.2,0.8,0.8,0.2]	2	false	C	0.8893805449419457	0.0	53.60117288633655	167.20234577267308	34.2658847424423	0.0	0.21329423712211504	
136	8	true	Graduate	17.083333333333332	false	WhiteOnly	36782	6477	true	0.36466425585868595	[0.2,0.2,0.2,0.2]	2	false	D	0.39679833898951755	0.0	51.44014934183807	162.88029868367613	35.70656710544129	0.0	0.2853283552720643	
137	8	true	Bachelors	17.083333333333332	false	BlackOnly	41562	83017	true	0.6653085272175364	[0.2,0.2,0.2,0.2]	2	false	B	0.7936360284067165	0.0	41.91130269010438	143.82260538020876	42.05913153993041	0.0	0.6029565769965206	
138	8	true	HighSchoolOrCollege	22.083333333333332	false	WhiteOnly	43357	27711	true	0.36466425585868595	[0.2,0.2,0.2,0.2]	2	false	F	0.3473982163548558	0.0	51.71274086164533	163.42548172329066	35.52483942556978	0.0	0.276241971278489	
139	8	true	HighSchoolOrCollege	20.083333333333332	false	BlackOnly	421727	8627	true	0.8308249267265675	[0.2,0.2,0.8,0.2]	2	false	J	0.5475698915984034	0.0	47.96330018991971	155.9266003798394	38.02446654005353	0.0	0.40122332700267643	
140	8	true	Bachelors	24.083333333333332	false	BlackOnly	60367	165522	true	0.6653085272175364	[0.2,0.2,0.2,0.2]	2	false	F	0.22311165935323973	0.0	37.985048139003695	135.9700962780074	44.67663457399753	0.0	0.7338317286998767	
141	8	true	Low	16.083333333333332	false	WhiteOnly	76497	154	true	0.586439749074951	[0.2,0.2,0.8,0.2]	2	false	E	0.30946909223746566	0.0	41.81766214500865	143.6353242900173	42.121558569994235	0.0	0.6060779284997118	
142	8	false	HighSchoolOrCollege	21.083333333333332	false	BlackOnly	94098	75361	true	0.9181492193647616	[0.2,0.8,0.8,0.2]	2	false	F	0.9808776725760184	0.0	36.9055285159807	133.8110570319614	45.39631432267953	0.0	0.7698157161339767	
143	8	false	Graduate	16.083333333333332	true	WhiteOnly	28077	4277	true	0.5672894400869586	[0.2,0.8,0.2,0.2]	1	false	B	0.9447778231517203	0.0	44.24920090580607	148.49840181161215	40.50053272946262	0.0	0.525026636473131	
144	8	false	Graduate	21.083333333333332	false	BlackOnly	43241	3261	true	0.8195081705943794	[0.2,0.8,0.2,0.2]	1	false	B	0.19937450047487326	0.0	41.49778771359867	142.99557542719734	42.33480819093422	0.0	0.6167404095467109	
145	8	false	Bachelors	25.083333333333332	false	BlackOnly	99210	81632	true	0.9181492193647616	[0.2,0.8,0.8,0.2]	1	false	C	0.3038978416929534	0.0	43.783255566983485	147.56651113396697	40.811162955344344	0.0	0.5405581477672172	
146	8	true	Bachelors	23.083333333333332	false	BlackOnly	80460	105472	true	0.8308249267265675	[0.2,0.2,0.8,0.2]	1	false	J	0.9979070252041514	0.0	53.58438173795305	167.1687634759061	34.277078841364634	0.0	0.21385394206823166	
147	8	false	HighSchoolOrCollege	24.083333333333332	true	BlackOnly	38725	174364	true	0.8195081705943794	[0.2,0.8,0.2,0.2]	1	false	D	0.412567626762809	0.0	37.05067546557455	134.1013509311491	45.29954968961697	0.0	0.7649774844808483	
148	8	true	Bachelors	22.083333333333332	false	WhiteOnly	63572	50704	true	0.36466425585868595	[0.2,0.2,0.2,0.2]	1	false	G	0.21229837836612053	0.0	38.004094640974614	136.00818928194923	44.66393690601693	0.0	0.7331968453008463	
149	8	false	Bachelors	19.083333333333332	false	AsianOnly	31056	94083	true	0.8195081705943794	[0.2,0.8,0.2,0.2]	1	false	B	0.4759085188299992	0.0	50.75484945934776	161.5096989186955	36.16343369376816	0.0	0.308171684688408	
150	8	false	Bachelors	17.083333333333332	false	WhiteOnly	468308	544	true	0.7640915534102196	[0.2,0.8,0.8,0.2]	1	false	C	0.0645596204518133	0.0	49.49398436380189	158.98796872760377	37.004010424132076	0.0	0.3502005212066036	
151	8	true	HighSchoolOrCollege	16.083333333333332	false	WhiteOnly	84704	47464	true	0.586439749074951	[0.2,0.2,0.8,0.2]	1	false	D	0.0949204119340793	0.0	45.43528861290534	150.87057722581068	39.70980759139644	0.0	0.48549037956982205	
152	8	false	Graduate	15.083333333333334	false	AsianOnly	88622	9456	true	0.9181492193647616	[0.2,0.8,0.8,0.2]	1	false	D	0.7411552631941197	0.0	41.18938770090991	142.37877540181984	42.54040819939339	0.0	0.6270204099696696	
153	8	true	Graduate	16.083333333333332	false	AsianOnly	171953	143181	true	0.8308249267265675	[0.2,0.2,0.8,0.2]	1	false	E	0.3038695819997289	0.0	53.19673353060898	166.39346706121796	34.535510979594015	0.0	0.2267755489797007	
154	9	true	Low	20.083333333333332	false	BlackOnly	132677	28719	true	0.8308249267265675	[0.2,0.2,0.8,0.2]	3	true	F	0.714442636384845	0.0	49.5	159.0	37.0	0.0	0.35	
155	9	false	HighSchoolOrCollege	53.083333333333336	false	WhiteOnly	223	3503	true	0.8239978151504338	[0.8,0.8,0.2,0.2]	3	true	D	0.7756301159402559	0.0	41.35684069594474	142.71368139188948	42.42877286937017	0.0	0.6214386434685086	
156	9	false	Bachelors	15.083333333333334	false	Plus2Races	239336	11198	true	0.9181492193647616	[0.2,0.8,0.8,0.2]	3	true	E	0.6552345298914236	0.0	36.76505407994645	133.5301081598929	45.48996394670237	0.0	0.7744981973351183	
157	9	true	Low	44.083333333333336	false	WhiteOnly	76517	150105	true	0.586439749074951	[0.2,0.2,0.8,0.2]	3	true	E	0.7653139367823651	0.0	41.90385933209478	143.80771866418957	42.06409377860348	0.0	0.603204688930174	
158	9	false	HighSchoolOrCollege	17.083333333333332	false	BlackOnly	96669	131267	true	0.9181492193647616	[0.2,0.8,0.8,0.2]	3	true	E	0.1668720781179701	0.0	47.75549153506649	155.51098307013297	38.16300564328901	0.0	0.4081502821644504	
159	9	false	Low	34.083333333333336	false	BlackOnly	96565	34605	true	0.9181492193647616	[0.2,0.8,0.8,0.2]	3	true	G	0.6165053948441921	0.0	36.44767093134185	132.8953418626837	45.70155271243877	0.0	0.7850776356219384	
160	9	false	Bachelors	15.083333333333334	false	BlackOnly	65151	152286	true	0.8195081705943794	[0.2,0.8,0.2,0.2]	3	true	J	0.05450420860999183	0.0	40.25260083681053	140.50520167362106	43.16493277545965	0.0	0.6582466387729825	
161	9	false	HighSchoolOrCollege	25.083333333333332	false	BlackOnly	93862	132141	true	0.9181492193647616	[0.2,0.8,0.8,0.2]	3	true	H	0.5987359739617313	0.0	40.214015657903644	140.4280313158073	43.190656228064235	0.0	0.6595328114032118	
162	9	false	Low	19.083333333333332	false	BlackOnly	42478	162913	true	0.8195081705943794	[0.2,0.8,0.2,0.2]	2	false	C	0.6525449495583723	0.0	49.96183775348738	159.92367550697477	36.69210816434175	0.0	0.3346054082170873	
163	9	true	Low	32.083333333333336	false	WhiteOnly	335941	18098	true	0.586439749074951	[0.2,0.2,0.8,0.2]	2	false	F	0.10685506206657824	0.0	48.494485060202805	156.9889701204056	37.67034329319813	0.0	0.3835171646599064	
164	9	false	HighSchoolOrCollege	40.083333333333336	false	AsianOnly	28315	17860	true	0.8195081705943794	[0.2,0.8,0.2,0.2]	2	false	G	0.6722882378338492	0.0	38.786930526634016	137.57386105326805	44.142046315577325	0.0	0.7071023157788662	
165	9	false	HighSchoolOrCollege	22.083333333333332	false	BlackOnly	29362	48560	true	0.8195081705943794	[0.2,0.8,0.2,0.2]	2	false	F	0.5035376039497697	0.0	36.52593599556002	133.05187199112004	45.64937600295998	0.0	0.7824688001479992	
166	9	false	HighSchoolOrCollege	19.083333333333332	false	AsianOnly	54443	14232	true	0.8195081705943794	[0.2,0.8,0.2,0.2]	2	false	E	0.6544100226041109	0.0	38.416628981690565	136.83325796338113	44.38891401220629	0.0	0.7194457006103145	
167	9	false	HighSchoolOrCollege	21.083333333333332	false	BlackOnly	132943	33785	true	0.9181492193647616	[0.2,0.8,0.8,0.2]	2	false	E	0.22670759915730998	0.0	39.59128175808334	139.18256351616668	43.60581216127777	0.0	0.6802906080638885	
168	9	false	Bachelors	23.083333333333332	false	BlackOnly	95389	3847	true	0.9181492193647616	[0.2,0.8,0.8,0.2]	2	false	B	0.5545248586620056	0.0	47.42884392346001	154.85768784692002	38.38077071769333	0.0	0.4190385358846665	
169	9	true	Bachelors	18.083333333333332	false	WhiteOnly	36782	6477	true	0.36466425585868595	[0.2,0.2,0.2,0.2]	2	false	B	0.9875438985325862	0.0	38.84573683295231	137.69147366590462	44.10284211136513	0.0	0.7051421055682564	
170	9	true	HighSchoolOrCollege	18.083333333333332	false	BlackOnly	41562	13017	true	0.6653085272175364	[0.2,0.2,0.2,0.2]	2	false	A	0.9066893050265769	0.0	45.951465328070086	151.90293065614017	39.36568978128661	0.0	0.46828448906433057	
171	9	true	Low	20.083333333333332	false	BlackOnly	13357	27711	true	0.6653085272175364	[0.2,0.2,0.2,0.2]	1	false	H	0.2798251704789858	0.0	38.93866202068545	137.8773240413709	44.0408919862097	0.0	0.702044599310485	
172	9	true	Low	24.083333333333332	false	BlackOnly	421727	8627	true	0.8308249267265675	[0.2,0.2,0.8,0.2]	1	false	F	0.18239698937951565	0.0	45.92609820873352	151.85219641746704	39.38260119417765	0.0	0.4691300597088828	
173	9	true	HighSchoolOrCollege	24.083333333333332	false	BlackOnly	35367	165522	true	0.6653085272175364	[0.2,0.2,0.2,0.2]	1	false	F	0.7107943671620918	0.0	40.807775442584074	141.61555088516815	42.794816371610615	0.0	0.6397408185805308	
174	9	true	Low	19.083333333333332	false	WhiteOnly	76497	154	true	0.586439749074951	[0.2,0.2,0.8,0.2]	1	false	D	0.7175248785218172	0.0	47.918347274866946	155.8366945497339	38.0544351500887	0.0	0.40272175750443506	
175	9	false	Low	17.083333333333332	false	BlackOnly	69098	25361	true	0.8195081705943794	[0.2,0.8,0.2,0.2]	1	false	B	0.32064273132744536	0.0	40.897566341304874	141.79513268260973	42.734955772463415	0.0	0.6367477886231708	
176	9	false	Bachelors	15.083333333333334	true	WhiteOnly	28077	14277	true	0.5672894400869586	[0.2,0.8,0.2,0.2]	1	false	I	0.07399829820496184	0.0	47.11502325065916	154.23004650131833	38.58998449956056	0.0	0.429499224978028	
177	9	false	Bachelors	23.083333333333332	false	BlackOnly	3241	3261	true	0.8195081705943794	[0.2,0.8,0.2,0.2]	1	false	A	0.4016345549253987	0.0	43.27715051829006	146.5543010365801	41.14856632113997	0.0	0.5574283160569982	
178	9	false	HighSchoolOrCollege	27.083333333333332	false	BlackOnly	99210	11632	true	0.9181492193647616	[0.2,0.8,0.8,0.2]	1	false	B	0.8571123422405705	0.0	39.70877448102139	139.4175489620428	43.527483679319076	0.0	0.6763741839659537	
179	9	true	HighSchoolOrCollege	15.083333333333334	false	BlackOnly	80460	55472	true	0.8308249267265675	[0.2,0.2,0.8,0.2]	1	false	C	0.6438984455011726	0.0	43.91856203200767	147.83712406401534	40.72095864532822	0.0	0.5360479322664109	
180	10	true	HighSchoolOrCollege	44.083333333333336	false	BlackOnly	132677	118719	true	0.8308249267265675	[0.2,0.2,0.8,0.2]	3	true	A	0.2427968453125391	0.0	37.19685129179025	134.3937025835805	45.202099138806496	0.0	0.7601049569403248	
181	10	false	HighSchoolOrCollege	55.083333333333336	false	WhiteOnly	223	43503	true	0.8239978151504338	[0.8,0.8,0.2,0.2]	3	true	B	0.19861166404604114	0.0	44.826165075495695	149.6523301509914	40.11588994966954	0.0	0.5057944974834768	
182	10	false	Graduate	31.083333333333332	false	Plus2Races	239336	141198	true	0.9181492193647616	[0.2,0.8,0.8,0.2]	3	true	G	0.3693174968385685	0.0	38.81741931069347	137.63483862138693	44.121720459537684	0.0	0.7060860229768843	
183	10	true	HighSchoolOrCollege	51.083333333333336	false	WhiteOnly	126517	250105	true	0.8350897188022837	[0.8,0.2,0.8,0.2]	3	true	C	0.23935025797748577	0.0	46.078728883926765	152.15745776785351	39.280847410715495	0.0	0.4640423705357746	
184	10	false	Bachelors	21.083333333333332	false	WhiteOnly	121669	181267	true	0.7640915534102196	[0.2,0.8,0.8,0.2]	3	true	F	0.4445716043013893	0.0	38.22713610423818	136.45427220847637	44.51524259717455	0.0	0.7257621298587275	
185	10	false	Low	48.083333333333336	false	BlackOnly	321565	184605	true	0.9181492193647616	[0.2,0.8,0.8,0.2]	3	true	J	0.9470669086506958	0.0	37.44214794605056	134.88429589210114	45.03856803596629	0.0	0.7519284017983147	
186	10	false	Graduate	30.083333333333332	false	BlackOnly	90151	652286	true	0.9181492193647616	[0.2,0.8,0.8,0.2]	2	false	I	0.36974801886826647	0.0	40.70347617444176	141.40695234888352	42.86434921703883	0.0	0.6432174608519413	
187	10	false	Bachelors	48.083333333333336	false	WhiteOnly	493862	182141	true	0.7640915534102196	[0.2,0.8,0.8,0.2]	2	false	A	0.322779752220949	0.0	43.91408779149356	147.82817558298711	40.72394147233763	0.0	0.5361970736168815	
188	10	true	Low	24.083333333333332	false	WhiteOnly	67478	312913	true	0.36466425585868595	[0.2,0.2,0.2,0.2]	2	false	E	0.004959166979494722	0.0	41.94644152586082	143.89288305172164	42.03570564942612	0.0	0.601785282471306	
189	10	true	HighSchoolOrCollege	49.083333333333336	false	WhiteOnly	335941	88098	true	0.586439749074951	[0.2,0.2,0.8,0.2]	2	false	F	0.17980233562439485	0.0	45.42623450754793	150.85246901509586	39.71584366163471	0.0	0.48579218308173555	
190	10	false	HighSchoolOrCollege	57.083333333333336	false	AsianOnly	28315	137860	true	0.9419085518138751	[0.8,0.8,0.2,0.2]	2	false	B	0.06053626871879292	0.0	51.860073823102645	163.72014764620528	35.4266174512649	0.0	0.27133087256324523	
191	10	false	Bachelors	32.083333333333336	false	WhiteOnly	54362	138560	true	0.5672894400869586	[0.2,0.8,0.2,0.2]	2	false	A	0.9332818695332404	0.0	49.7326404912092	159.4652809824184	36.84490633919387	0.0	0.3422453169596933	
192	10	false	Bachelors	26.083333333333332	false	Other	79443	34232	true	0.9181492193647616	[0.2,0.8,0.8,0.2]	2	false	C	0.6212521400257034	0.0	49.5	159.0	37.0	0.0	0.35	
193	10	false	Bachelors	39.083333333333336	false	WhiteOnly	132943	133785	true	0.7640915534102196	[0.2,0.8,0.8,0.2]	1	false	D	0.6544864013701199	0.0	39.0467121205869	138.0934242411738	43.9688585862754	0.0	0.6984429293137701	
194	10	false	Graduate	30.083333333333332	false	BlackOnly	470389	3847	true	0.9181492193647616	[0.2,0.8,0.8,0.2]	1	false	B	0.21930754839086897	0.0	51.448417992571365	162.89683598514273	35.70105467161909	0.0	0.2850527335809546	
195	10	true	Graduate	25.083333333333332	false	WhiteOnly	61782	26477	true	0.36466425585868595	[0.2,0.2,0.2,0.2]	1	false	G	0.7260302187244008	0.0	43.44623818965936	146.89247637931874	41.035841206893764	0.0	0.551792060344688	
196	10	true	Graduate	21.083333333333332	false	WhiteOnly	66562	143017	true	0.36466425585868595	[0.2,0.2,0.2,0.2]	1	false	G	0.2824120083829216	0.0	53.01661977398371	166.03323954796744	34.65558681734419	0.0	0.23277934086720953	
197	10	true	HighSchoolOrCollege	43.083333333333336	false	WhiteOnly	43357	47711	true	0.36466425585868595	[0.2,0.2,0.2,0.2]	1	false	F	0.2831403958886102	0.0	39.789360437260626	139.57872087452125	43.47375970849292	0.0	0.6736879854246459	
198	10	true	HighSchoolOrCollege	33.083333333333336	false	WhiteOnly	421727	18627	true	0.586439749074951	[0.2,0.2,0.8,0.2]	1	false	C	0.12407368359224258	0.0	41.876848461524474	143.75369692304895	42.08210102565035	0.0	0.6041050512825176	
199	11	true	Bachelors	43.083333333333336	false	WhiteOnly	132677	118719	true	0.586439749074951	[0.2,0.2,0.8,0.2]	3	true	J	0.8160472029387994	0.0	44.49963422844872	148.99926845689745	40.33357718103419	0.0	0.5166788590517093	
200	11	false	Bachelors	58.083333333333336	false	WhiteOnly	223	43503	true	0.8239978151504338	[0.8,0.8,0.2,0.2]	3	true	E	0.24020083876184128	0.0	52.84764111971154	165.69528223942308	34.768239253525635	0.0	0.2384119626762819	
201	11	false	Graduate	30.083333333333332	false	Plus2Races	239336	141198	true	0.9181492193647616	[0.2,0.8,0.8,0.2]	3	true	E	0.23624121442191026	0.0	43.455163018651305	146.9103260373026	41.02989132089913	0.0	0.5514945660449566	
202	11	true	HighSchoolOrCollege	50.083333333333336	false	WhiteOnly	126517	250105	true	0.8350897188022837	[0.8,0.2,0.8,0.2]	3	true	B	0.9230623371329112	0.0	38.910875057142775	137.82175011428555	44.05941662857148	0.0	0.7029708314285743	
203	11	false	Bachelors	25.083333333333332	false	WhiteOnly	121669	981267	true	0.7640915534102196	[0.2,0.8,0.8,0.2]	3	true	J	0.37984435743173806	0.0	48.23947091476566	156.47894182953132	37.84035272348956	0.0	0.3920176361744781	
204	11	false	Low	50.083333333333336	false	WhiteOnly	321565	284605	true	0.9204234728229822	[0.8,0.8,0.8,0.2]	2	false	I	0.4904574613303637	0.0	49.840989413190535	159.68197882638106	36.772673724539644	0.0	0.33863368622698226	
205	11	false	Graduate	34.083333333333336	false	BlackOnly	90151	652286	true	0.9181492193647616	[0.2,0.8,0.8,0.2]	2	false	B	0.956400550147833	0.0	39.18570852489481	138.3714170497896	43.87619431673679	0.0	0.6938097158368397	
206	11	false	Bachelors	47.083333333333336	false	WhiteOnly	493862	282141	true	0.7640915534102196	[0.2,0.8,0.8,0.2]	2	false	F	0.46279123969401026	0.0	45.37983876011763	150.75967752023524	39.746774159921586	0.0	0.4873387079960791	
207	11	false	HighSchoolOrCollege	26.083333333333332	false	WhiteOnly	67478	312913	true	0.5672894400869586	[0.2,0.8,0.2,0.2]	2	false	D	0.30296877299096037	0.0	40.55712696768532	141.11425393537064	42.96191535487645	0.0	0.6480957677438225	
208	11	true	HighSchoolOrCollege	48.083333333333336	false	WhiteOnly	335941	88098	true	0.586439749074951	[0.2,0.2,0.8,0.2]	2	false	A	0.19440025372387093	0.0	52.481839514411	164.963679028822	35.01210699039267	0.0	0.25060534951963326	
209	11	false	Bachelors	51.083333333333336	false	AsianOnly	53315	137860	true	0.9419085518138751	[0.8,0.8,0.2,0.2]	2	false	A	0.8794768627595494	0.0	39.30790775296868	138.61581550593735	43.79472816468755	0.0	0.6897364082343773	
210	11	false	Bachelors	37.083333333333336	false	WhiteOnly	54362	188560	true	0.5672894400869586	[0.2,0.8,0.2,0.2]	2	false	E	0.00995943621415063	0.0	42.01879455440508	144.03758910881015	41.98747029706328	0.0	0.5993735148531639	
211	11	false	Bachelors	32.083333333333336	false	Plus2Races	104443	34232	true	0.9181492193647616	[0.2,0.8,0.8,0.2]	1	false	E	0.6192328768625167	0.0	44.76534718232953	149.53069436465904	40.15643521178031	0.0	0.5078217605890157	
212	11	false	Bachelors	44.083333333333336	false	WhiteOnly	132943	183785	true	0.7640915534102196	[0.2,0.8,0.8,0.2]	1	false	D	0.8549839533999243	0.0	53.740947663635346	167.4818953272707	34.17270155757643	0.0	0.20863507787882174	
213	11	false	Graduate	37.083333333333336	false	WhiteOnly	470389	23847	true	0.7640915534102196	[0.2,0.8,0.8,0.2]	1	false	C	0.7262427199279406	0.0	50.56326228333815	161.1265245666763	36.291158477774566	0.0	0.3145579238887283	
214	11	true	Graduate	33.083333333333336	false	WhiteOnly	61782	26477	true	0.36466425585868595	[0.2,0.2,0.2,0.2]	1	false	E	0.3747120348392571	0.0	53.097803033855485	166.19560606771097	34.601464644096346	0.0	0.23007323220481724	
215	11	true	Graduate	26.083333333333332	false	WhiteOnly	66562	143017	true	0.36466425585868595	[0.2,0.2,0.2,0.2]	1	false	C	0.21603399910514398	0.0	48.67620180992139	157.35240361984276	37.54919879338574	0.0	0.37745993966928715	
216	11	true	HighSchoolOrCollege	42.083333333333336	false	WhiteOnly	43357	47711	true	0.36466425585868595	[0.2,0.2,0.2,0.2]	1	false	I	0.8856901904060052	0.0	42.51038669384703	145.02077338769408	41.65974220410198	0.0	0.582987110205099	
217	12	true	HighSchoolOrCollege	43.083333333333336	false	BlackOnly	82677	58719	true	0.8308249267265675	[0.2,0.2,0.8,0.2]	3	true	H	0.23654403748853803	0.0	48.19095967970703	156.38191935941404	37.87269354686198	0.0	0.39363467734309915	
218	12	false	HighSchoolOrCollege	58.083333333333336	true	WhiteOnly	223	3503	true	0.8239978151504338	[0.8,0.8,0.2,0.2]	3	true	I	0.8152052821800052	0.0	49.60148545079127	159.20297090158255	36.93234303280582	0.0	0.3466171516402908	
219	12	false	Bachelors	30.083333333333332	false	Plus2Races	239336	31198	true	0.9181492193647616	[0.2,0.8,0.8,0.2]	3	true	E	0.2777411735120371	0.0	42.03104704334972	144.06209408669946	41.979301971100185	0.0	0.5989650985550092	
220	12	true	HighSchoolOrCollege	51.083333333333336	false	WhiteOnly	51517	150105	true	0.6720990985064282	[0.8,0.2,0.2,0.2]	3	true	E	0.5877279728522108	0.0	46.06803529261747	152.13607058523496	39.28797647158835	0.0	0.4643988235794175	
221	12	true	HighSchoolOrCollege	20.083333333333332	false	WhiteOnly	96669	131267	true	0.586439749074951	[0.2,0.2,0.8,0.2]	3	true	E	0.7970555711060812	0.0	44.99965302330996	149.99930604661992	40.00023131779336	0.0	0.5000115658896679	
222	12	true	Low	45.083333333333336	false	BlackOnly	71565	64605	true	0.8308249267265675	[0.2,0.2,0.8,0.2]	3	true	A	0.49422229449981603	0.0	42.58792083079217	145.17584166158434	41.60805277947189	0.0	0.5804026389735943	
223	12	false	Graduate	28.083333333333332	false	BlackOnly	65151	652286	true	0.8195081705943794	[0.2,0.8,0.2,0.2]	3	true	F	0.8051848918518111	0.0	48.66844282996804	157.3368856599361	37.55437144668797	0.0	0.37771857233439854	
224	12	false	HighSchoolOrCollege	46.083333333333336	false	BlackOnly	68862	132141	true	0.8195081705943794	[0.2,0.8,0.2,0.2]	3	true	H	0.7088083023809926	0.0	46.13351960076784	152.26703920153568	39.24432026615477	0.0	0.46221601330773876	
225	12	true	Low	23.083333333333332	false	BlackOnly	42478	162913	true	0.6653085272175364	[0.2,0.2,0.2,0.2]	3	true	J	0.18561946192076006	0.0	53.301192538013915	166.60238507602782	34.46587164132406	0.0	0.22329358206620292	
226	12	true	Low	45.083333333333336	false	WhiteOnly	335941	58098	true	0.586439749074951	[0.2,0.2,0.8,0.2]	3	true	J	0.058597129207977106	0.0	46.162242276893835	152.32448455378767	39.22517181540411	0.0	0.4612585907702054	
227	12	true	HighSchoolOrCollege	50.083333333333336	false	BlackOnly	28315	57860	true	0.8765234960785928	[0.8,0.2,0.2,0.2]	2	false	G	0.48503094298149463	0.0	52.92099999287545	165.8419999857509	34.71933333808303	0.0	0.23596666690415158	
228	12	true	HighSchoolOrCollege	33.083333333333336	false	BlackOnly	29362	78560	true	0.6653085272175364	[0.2,0.2,0.2,0.2]	2	false	A	0.8355916823933234	0.0	52.29561412650546	164.59122825301094	35.13625724899636	0.0	0.2568128624498179	
229	12	false	HighSchoolOrCollege	25.083333333333332	false	AsianOnly	54443	14232	true	0.8195081705943794	[0.2,0.8,0.2,0.2]	2	false	D	0.5900357466235158	0.0	50.07319908298216	160.1463981659643	36.61786727801189	0.0	0.33089336390059476	
230	12	true	HighSchoolOrCollege	42.083333333333336	false	WhiteOnly	132943	93785	true	0.586439749074951	[0.2,0.2,0.8,0.2]	2	false	H	0.2950231561874035	0.0	42.74427825601773	145.48855651203547	41.50381449598818	0.0	0.575190724799409	
231	12	false	Graduate	30.083333333333332	false	BlackOnly	70389	3847	true	0.9181492193647616	[0.2,0.8,0.8,0.2]	2	false	F	0.4630254689308241	0.0	40.35592484359009	140.71184968718018	43.096050104273274	0.0	0.6548025052136638	
232	12	true	Bachelors	29.083333333333332	false	WhiteOnly	36782	6477	true	0.36466425585868595	[0.2,0.2,0.2,0.2]	2	false	J	0.33507396575467807	0.0	45.98319837316796	151.96639674633593	39.34453441788803	0.0	0.46722672089440137	
233	12	true	Bachelors	22.083333333333332	false	BlackOnly	41562	43017	true	0.6653085272175364	[0.2,0.2,0.2,0.2]	2	false	B	0.7423189372281446	0.0	49.48501444459629	158.97002888919258	37.009990370269136	0.0	0.35049951851345695	
234	12	true	Low	42.083333333333336	true	WhiteOnly	13357	27711	true	0.36466425585868595	[0.2,0.2,0.2,0.2]	2	false	E	0.746588278912844	0.0	43.14349721212987	146.28699442425975	41.23766852524675	0.0	0.5618834262623376	
235	12	true	Low	31.083333333333332	false	BlackOnly	421727	8627	true	0.8308249267265675	[0.2,0.2,0.8,0.2]	2	false	J	0.8358745783620132	0.0	37.36818623800306	134.73637247600612	45.0878758413313	0.0	0.7543937920665647	
236	12	true	HighSchoolOrCollege	37.083333333333336	false	BlackOnly	35367	115522	true	0.6653085272175364	[0.2,0.2,0.2,0.2]	2	false	I	0.3059690711578804	0.0	50.75970353100755	161.5194070620151	36.16019764599496	0.0	0.30800988229974824	
237	12	true	Low	28.083333333333332	false	WhiteOnly	51497	154	true	0.36466425585868595	[0.2,0.2,0.2,0.2]	2	false	I	0.2828417058497935	0.0	42.64097483172316	145.2819496634463	41.57268344551789	0.0	0.5786341722758945	
238	12	true	Low	32.083333333333336	false	BlackOnly	69098	35361	true	0.6653085272175364	[0.2,0.2,0.2,0.2]	1	false	G	0.4027435473260854	0.0	42.6914701009874	145.3829402019748	41.53901993267507	0.0	0.5769509966337534	
239	12	false	Bachelors	25.083333333333332	true	WhiteOnly	28077	4277	true	0.5672894400869586	[0.2,0.8,0.2,0.2]	1	false	G	0.2689320231293749	0.0	37.9251846818041	135.8503693636082	44.716543545463935	0.0	0.7358271772731968	
240	12	true	Graduate	31.083333333333332	false	WhiteOnly	23241	3261	true	0.36466425585868595	[0.2,0.2,0.2,0.2]	1	false	D	0.2943511439923895	0.0	42.731517178514736	145.46303435702947	41.51232188099017	0.0	0.5756160940495086	
241	12	true	HighSchoolOrCollege	47.083333333333336	false	BlackOnly	74210	41632	true	0.8308249267265675	[0.2,0.2,0.8,0.2]	1	false	H	0.5449468336564158	0.0	46.25373836446651	152.50747672893303	39.16417442368899	0.0	0.4582087211844497	
242	12	true	Bachelors	33.083333333333336	false	BlackOnly	55460	65472	true	0.6653085272175364	[0.2,0.2,0.2,0.2]	1	false	D	0.42067955919521605	0.0	48.61408579059544	157.22817158119088	37.59060947293638	0.0	0.3795304736468188	
243	12	true	Low	43.083333333333336	true	BlackOnly	38725	124364	true	0.6653085272175364	[0.2,0.2,0.2,0.2]	1	false	H	0.725700679790186	0.0	52.34614068036636	164.69228136073272	35.10257287975576	0.0	0.25512864398778795	
244	12	true	HighSchoolOrCollege	31.083333333333332	false	WhiteOnly	38572	20704	true	0.36466425585868595	[0.2,0.2,0.2,0.2]	1	false	C	0.912242792214054	0.0	48.695077347488876	157.39015469497775	37.53661510167409	0.0	0.3768307550837042	
245	12	false	HighSchoolOrCollege	29.083333333333332	false	BlackOnly	31056	54083	true	0.8195081705943794	[0.2,0.8,0.2,0.2]	1	false	I	0.8479371739278173	0.0	49.67874429401103	159.35748858802205	36.88083713732598	0.0	0.34404185686629896	
246	12	true	HighSchoolOrCollege	25.083333333333332	false	WhiteOnly	468308	544	true	0.586439749074951	[0.2,0.2,0.8,0.2]	1	false	I	0.040863416852979006	0.0	37.567426318209414	135.13485263641883	44.955049121193724	0.0	0.7477524560596862	
247	12	true	Low	29.083333333333332	false	WhiteOnly	59704	47464	true	0.36466425585868595	[0.2,0.2,0.2,0.2]	1	false	E	0.9241575697424741	0.0	49.882919049950175	159.76583809990035	36.744720633366555	0.0	0.33723603166832755	
248	12	true	Graduate	33.083333333333336	false	BlackOnly	63622	9456	true	0.6653085272175364	[0.2,0.2,0.2,0.2]	1	false	F	0.22289992612741683	0.0	42.90935359016423	145.81870718032846	41.39376427322385	0.0	0.5696882136611925	
249	13	true	HighSchoolOrCollege	44.083333333333336	false	BlackOnly	132677	78719	true	0.8308249267265675	[0.2,0.2,0.8,0.2]	3	true	B	0.43380257200806405	0.0	42.95815384412555	145.9163076882511	41.361230770582964	0.0	0.5680615385291483	
250	13	false	HighSchoolOrCollege	62.083333333333336	false	BlackOnly	20223	13503	true	0.9419085518138751	[0.8,0.8,0.2,0.2]	3	true	D	0.3040964274940302	0.0	41.95983319517384	143.9196663903477	42.0267778698841	0.0	0.6013388934942051	
251	13	false	Graduate	30.083333333333332	false	Plus2Races	239336	81198	true	0.9181492193647616	[0.2,0.8,0.8,0.2]	2	false	H	0.20487891116508583	0.0	38.02450662453726	136.0490132490745	44.650328916975155	0.0	0.732516445848758	
252	13	true	HighSchoolOrCollege	59.083333333333336	false	WhiteOnly	76517	250105	true	0.8350897188022837	[0.8,0.2,0.8,0.2]	2	false	G	0.40156892677011646	0.0	47.419963782325674	154.83992756465136	38.386690811782884	0.0	0.4193345405891442	
253	13	false	HighSchoolOrCollege	21.083333333333332	false	BlackOnly	96669	131267	true	0.9181492193647616	[0.2,0.8,0.8,0.2]	2	false	J	0.9058714681606603	0.0	49.50552998145935	159.0110599629187	36.99631334569377	0.0	0.34981566728468844	
254	13	false	Low	53.083333333333336	false	BlackOnly	96565	64605	true	0.97564431879636	[0.8,0.8,0.8,0.2]	1	false	F	0.6940567126031845	0.0	52.40063341858639	164.80126683717276	35.066244387609075	0.0	0.25331221938045384	
255	13	false	Graduate	31.083333333333332	false	BlackOnly	90151	652286	true	0.9181492193647616	[0.2,0.8,0.8,0.2]	1	false	F	0.6315483656240108	0.0	50.41486531697401	160.82973063394803	36.390089788683994	0.0	0.31950448943419973	
256	14	false	HighSchoolOrCollege	62.083333333333336	false	BlackOnly	32677	58719	true	0.9419085518138751	[0.8,0.8,0.2,0.2]	2	false	F	0.8804901631454192	0.0	41.64510681755091	143.29021363510182	42.23659545496606	0.0	0.611829772748303	
257	15	true	HighSchoolOrCollege	24.083333333333332	false	BlackOnly	32677	58719	true	0.6653085272175364	[0.2,0.2,0.2,0.2]	3	true	J	0.14288206111147328	0.0	36.51185990583393	133.02371981166786	45.658760062777375	0.0	0.782938003138869	
258	15	false	HighSchoolOrCollege	39.083333333333336	false	BlackOnly	223	13503	true	0.8195081705943794	[0.2,0.8,0.2,0.2]	3	true	G	0.8094673092033399	0.0	36.01318400490949	132.02636800981898	45.99121066339367	0.0	0.7995605331696838	
259	15	false	Bachelors	17.083333333333332	false	Plus2Races	64336	31198	true	0.8195081705943794	[0.2,0.8,0.2,0.2]	3	true	G	0.6373622047646642	0.0	48.878444030548074	157.75688806109616	37.41437064630128	0.0	0.37071853231506413	
260	15	true	HighSchoolOrCollege	28.083333333333332	false	BlackOnly	26517	70105	true	0.6653085272175364	[0.2,0.2,0.2,0.2]	3	true	J	0.5191224165820554	0.0	53.46116348073767	166.92232696147533	34.35922434617489	0.0	0.21796121730874446	
261	15	true	HighSchoolOrCollege	19.083333333333332	false	BlackOnly	46669	81267	true	0.6653085272175364	[0.2,0.2,0.2,0.2]	3	true	I	0.486683873085763	0.0	46.273314341501006	152.546628683002	39.15112377233267	0.0	0.45755618861663316	
262	15	false	Low	21.083333333333332	false	BlackOnly	46565	64605	true	0.8195081705943794	[0.2,0.8,0.2,0.2]	3	true	G	0.3266757875956088	0.0	52.1136324490642	164.2272648981284	35.257578367290535	0.0	0.26287891836452676	
263	15	false	Graduate	16.083333333333332	false	BlackOnly	40151	102286	true	0.8195081705943794	[0.2,0.8,0.2,0.2]	3	true	C	0.9188818222846484	0.0	48.11287686511507	156.22575373023014	37.92474875658995	0.0	0.39623743782949755	
264	15	false	HighSchoolOrCollege	21.083333333333332	false	BlackOnly	43862	62141	true	0.8195081705943794	[0.2,0.8,0.2,0.2]	3	true	H	0.8363590869860071	0.0	50.57593036127642	161.15186072255284	36.28271309248238	0.0	0.3141356546241192	
265	15	true	Low	15.083333333333334	false	BlackOnly	12478	92913	true	0.6653085272175364	[0.2,0.2,0.2,0.2]	2	false	J	0.5912041998301608	0.0	45.51445098960711	151.02890197921423	39.65703267359526	0.0	0.48285163367976297	
266	15	true	Low	24.083333333333332	false	WhiteOnly	60941	18098	true	0.36466425585868595	[0.2,0.2,0.2,0.2]	2	false	G	0.7622424371775908	0.0	51.10482652803051	162.20965305606103	35.93011564797966	0.0	0.296505782398983	
267	15	false	HighSchoolOrCollege	34.083333333333336	false	BlackOnly	23315	57860	true	0.8195081705943794	[0.2,0.8,0.2,0.2]	2	false	G	0.9437821129024038	0.0	48.34725789913485	156.69451579826972	37.768494733910096	0.0	0.38842473669550487	
268	15	false	HighSchoolOrCollege	21.083333333333332	false	BlackOnly	24362	48560	true	0.8195081705943794	[0.2,0.8,0.2,0.2]	2	false	B	0.7212762617838578	0.0	49.82635198092271	159.65270396184542	36.782432012718196	0.0	0.3391216006359097	
269	15	false	HighSchoolOrCollege	17.083333333333332	false	BlackOnly	29443	14232	true	0.8195081705943794	[0.2,0.8,0.2,0.2]	2	false	G	0.1774256345531654	0.0	42.33206326283566	144.66412652567132	41.7786244914429	0.0	0.5889312245721448	
270	15	true	HighSchoolOrCollege	20.083333333333332	false	BlackOnly	32943	33785	true	0.6653085272175364	[0.2,0.2,0.2,0.2]	2	false	J	0.8602055380140917	0.0	44.781528099668094	149.5630561993362	40.145647933554606	0.0	0.5072823966777302	
271	15	false	Graduate	21.083333333333332	false	BlackOnly	45389	3847	true	0.8195081705943794	[0.2,0.8,0.2,0.2]	2	false	D	0.5051578440063738	0.0	49.99371572396072	159.98743144792144	36.670856184026185	0.0	0.3335428092013093	
272	15	true	Bachelors	16.083333333333332	false	BlackOnly	11782	26477	true	0.6653085272175364	[0.2,0.2,0.2,0.2]	2	false	H	0.39468476597761626	0.0	36.12600039696022	132.25200079392044	45.91599973535985	0.0	0.7957999867679926	
273	15	true	Bachelors	18.083333333333332	false	BlackOnly	16562	43017	true	0.6653085272175364	[0.2,0.2,0.2,0.2]	2	false	B	0.8597640241883435	0.0	43.926690174992885	147.85338034998577	40.715539883338074	0.0	0.5357769941669038	
274	15	true	Low	20.083333333333332	false	BlackOnly	13357	27711	true	0.6653085272175364	[0.2,0.2,0.2,0.2]	1	false	G	0.4748184375360692	0.0	48.60868304938296	157.21736609876592	37.59421130041136	0.0	0.3797105650205681	
275	15	true	Low	21.083333333333332	false	BlackOnly	71727	8627	true	0.8308249267265675	[0.2,0.2,0.8,0.2]	1	false	E	0.5616265856947963	0.0	37.75101125427768	135.50202250855534	44.83265916381488	0.0	0.741632958190744	
276	15	true	HighSchoolOrCollege	23.083333333333332	false	BlackOnly	15367	75522	true	0.6653085272175364	[0.2,0.2,0.2,0.2]	1	false	B	0.6335860192111112	0.0	37.12038898107541	134.24077796215082	45.253074012616395	0.0	0.7626537006308196	
277	15	true	Low	17.083333333333332	false	BlackOnly	26497	20154	true	0.6653085272175364	[0.2,0.2,0.2,0.2]	1	false	D	0.6628117846327286	0.0	50.32700329138042	160.65400658276084	36.44866447241305	0.0	0.3224332236206525	
278	15	false	Low	21.083333333333332	false	BlackOnly	44098	25361	true	0.8195081705943794	[0.2,0.8,0.2,0.2]	1	false	G	0.4318117046843598	0.0	47.487146890696984	154.97429378139398	38.34190207286868	0.0	0.41709510364343383	
279	15	false	Bachelors	17.083333333333332	false	BlackOnly	13077	14277	true	0.8195081705943794	[0.2,0.8,0.2,0.2]	1	false	I	0.7265790015171445	0.0	38.93753580292333	137.87507160584664	44.041642798051114	0.0	0.7020821399025557	
280	15	false	Graduate	22.083333333333332	false	BlackOnly	23241	23261	true	0.8195081705943794	[0.2,0.8,0.2,0.2]	1	false	E	0.5008442436052523	0.0	36.45624116979599	132.91248233959197	45.69583922013601	0.0	0.7847919610068004	
281	15	false	HighSchoolOrCollege	21.083333333333332	false	BlackOnly	49210	41632	true	0.8195081705943794	[0.2,0.8,0.2,0.2]	1	false	J	0.5430421370749787	0.0	41.40174978104622	142.80349956209244	42.398833479302525	0.0	0.6199416739651261	
282	15	true	Bachelors	24.083333333333332	false	BlackOnly	30460	65472	true	0.6653085272175364	[0.2,0.2,0.2,0.2]	1	false	G	0.0961371292986749	0.0	44.377435513755856	148.7548710275117	40.41504299082943	0.0	0.5207521495414714	
283	16	false	HighSchoolOrCollege	31.083333333333332	false	BlackOnly	132677	78719	true	0.9181492193647616	[0.2,0.8,0.8,0.2]	3	true	A	0.14749548371560128	0.0	52.95380702366153	165.90761404732308	34.69746198422565	0.0	0.23487309921128224	
284	16	false	HighSchoolOrCollege	58.083333333333336	false	BlackOnly	223	13503	true	0.9419085518138751	[0.8,0.8,0.2,0.2]	3	true	D	0.1046356271779495	0.0	47.38694625567608	154.77389251135216	38.40870249621595	0.0	0.4204351248107975	
285	16	false	Bachelors	21.083333333333332	false	Plus2Races	239336	31198	true	0.9181492193647616	[0.2,0.8,0.8,0.2]	3	true	E	0.03912105228039331	0.0	45.00089432031382	150.00178864062764	39.99940378645745	0.0	0.4999701893228726	
286	16	true	HighSchoolOrCollege	49.083333333333336	false	BlackOnly	76517	250105	true	0.8308249267265675	[0.2,0.2,0.8,0.2]	3	true	F	0.6211846936188776	0.0	38.684845133062616	137.36969026612525	44.210103244624925	0.0	0.7105051622312462	
287	16	false	HighSchoolOrCollege	18.083333333333332	false	BlackOnly	121669	181267	true	0.9181492193647616	[0.2,0.8,0.8,0.2]	3	true	B	0.5168493770173024	0.0	51.88505371301265	163.7701074260253	35.409964191324896	0.0	0.27049820956624493	
288	16	false	Low	43.083333333333336	false	BlackOnly	321565	134605	true	0.9181492193647616	[0.2,0.8,0.8,0.2]	2	false	J	0.17567404337481085	0.0	38.10303939909571	136.2060787981914	44.59797373393619	0.0	0.7298986866968097	
289	16	false	Bachelors	22.083333333333332	false	BlackOnly	65151	652286	true	0.8195081705943794	[0.2,0.8,0.2,0.2]	2	false	A	0.6486008419163705	0.0	36.93018990801296	133.86037981602593	45.37987339465802	0.0	0.7689936697329011	
290	16	false	HighSchoolOrCollege	39.083333333333336	false	BlackOnly	493862	182141	true	0.9181492193647616	[0.2,0.8,0.8,0.2]	2	false	A	0.9988741381208617	0.0	51.07042766253872	162.14085532507744	35.95304822497419	0.0	0.29765241124870934	
291	16	false	Low	17.083333333333332	false	BlackOnly	42478	312913	true	0.8195081705943794	[0.2,0.8,0.2,0.2]	2	false	G	0.06693436194136915	0.0	48.0516013589821	156.1032027179642	37.965599094011935	0.0	0.3982799547005968	
292	16	true	Low	44.083333333333336	false	WhiteOnly	335941	58098	true	0.586439749074951	[0.2,0.2,0.8,0.2]	2	false	A	0.7543413422536259	0.0	51.697889073897045	163.3957781477941	35.53474061740197	0.0	0.27673703087009854	
293	16	false	HighSchoolOrCollege	53.083333333333336	false	BlackOnly	23315	67860	true	0.9419085518138751	[0.8,0.8,0.2,0.2]	2	false	I	0.9048128214859175	0.0	40.68714123432664	141.3742824686533	42.875239177115574	0.0	0.6437619588557787	
294	16	false	HighSchoolOrCollege	22.083333333333332	false	BlackOnly	29362	138560	true	0.8195081705943794	[0.2,0.8,0.2,0.2]	2	false	G	0.20476707653591353	0.0	47.161245341090215	154.32249068218044	38.55916977260652	0.0	0.42795848863032615	
295	16	false	HighSchoolOrCollege	19.083333333333332	false	BlackOnly	79443	14232	true	0.9181492193647616	[0.2,0.8,0.8,0.2]	1	false	J	0.3515614613794118	0.0	38.88920603101467	137.77841206202936	44.07386264599022	0.0	0.7036931322995109	
296	16	false	HighSchoolOrCollege	25.083333333333332	false	BlackOnly	132943	133785	true	0.9181492193647616	[0.2,0.8,0.8,0.2]	1	false	H	0.9444808424988246	0.0	37.34475697194219	134.68951394388438	45.103495352038536	0.0	0.7551747676019269	
297	16	false	Graduate	21.083333333333332	false	BlackOnly	95389	3847	true	0.9181492193647616	[0.2,0.8,0.8,0.2]	1	false	F	0.7172080791101767	0.0	46.20115343989222	152.40230687978442	39.19923104007186	0.0	0.4599615520035928	
298	16	false	Bachelors	16.083333333333332	false	BlackOnly	36782	6477	true	0.8195081705943794	[0.2,0.8,0.2,0.2]	1	false	B	0.7043901884839765	0.0	38.68597556881073	137.37195113762147	44.20934962079285	0.0	0.7104674810396423	
299	16	true	Bachelors	18.083333333333332	false	BlackOnly	41562	83017	true	0.6653085272175364	[0.2,0.2,0.2,0.2]	1	false	E	0.27151603874181807	0.0	46.65575113998774	153.31150227997549	38.89616590667484	0.0	0.444808295333742	
300	16	true	Low	32.083333333333336	false	BlackOnly	13357	27711	true	0.6653085272175364	[0.2,0.2,0.2,0.2]	1	false	H	0.14218374101549136	0.0	50.59291275958088	161.18582551916177	36.27139149361275	0.0	0.31356957468063745	
301	17	true	HighSchoolOrCollege	43.083333333333336	false	BlackOnly	57677	58719	true	0.6653085272175364	[0.2,0.2,0.2,0.2]	3	true	A	0.5723104130075589	0.0	53.83807212058072	167.67614424116144	34.10795191961286	0.0	0.20539759598064278	
302	17	false	HighSchoolOrCollege	59.083333333333336	false	BlackOnly	20223	3503	true	0.9419085518138751	[0.8,0.8,0.2,0.2]	3	true	A	0.5584990595325804	0.0	49.82747260048202	159.65494520096402	36.78168493301199	0.0	0.33908424665059944	
303	17	false	HighSchoolOrCollege	28.083333333333332	false	Plus2Races	89336	11198	true	0.9181492193647616	[0.2,0.8,0.8,0.2]	3	true	I	0.2798893319979663	0.0	51.4671812939322	162.9343625878644	35.688545804045205	0.0	0.28442729020226015	
304	17	true	Low	59.083333333333336	false	BlackOnly	26517	100105	true	0.8765234960785928	[0.8,0.2,0.2,0.2]	3	true	G	0.7892434539321259	0.0	39.983306929399916	139.96661385879983	43.34446204706673	0.0	0.6672231023533363	
305	17	false	HighSchoolOrCollege	18.083333333333332	false	BlackOnly	46669	81267	true	0.8195081705943794	[0.2,0.8,0.2,0.2]	3	true	H	0.7841113936482769	0.0	43.461807862865214	146.92361572573043	41.02546142475653	0.0	0.5512730712378262	
306	17	false	Low	53.083333333333336	false	BlackOnly	46565	34605	true	0.9419085518138751	[0.8,0.8,0.2,0.2]	3	true	A	0.8315816646057869	0.0	36.17853839454108	132.35707678908216	45.88097440363928	0.0	0.794048720181964	
307	17	false	HighSchoolOrCollege	27.083333333333332	false	BlackOnly	40151	102286	true	0.8195081705943794	[0.2,0.8,0.2,0.2]	2	false	D	0.10951654081518591	0.0	41.661214468525216	143.32242893705043	42.225857020983184	0.0	0.6112928510491593	
308	17	false	HighSchoolOrCollege	45.083333333333336	false	BlackOnly	43862	62141	true	0.8195081705943794	[0.2,0.8,0.2,0.2]	2	false	B	0.2568745200590594	0.0	43.88171707919661	147.76343415839324	40.74552194720226	0.0	0.537276097360113	
309	17	false	Low	19.083333333333332	false	BlackOnly	42478	112913	true	0.8195081705943794	[0.2,0.8,0.2,0.2]	2	false	I	0.6139839881561435	0.0	38.15229277095419	136.30458554190838	44.5651381526972	0.0	0.7282569076348602	
310	17	true	Low	54.083333333333336	false	WhiteOnly	85941	18098	true	0.8350897188022837	[0.8,0.2,0.8,0.2]	2	false	B	0.26597050246258835	0.0	38.604416008330986	137.20883201666197	44.26372266111268	0.0	0.7131861330556338	
311	17	false	HighSchoolOrCollege	55.083333333333336	false	BlackOnly	28315	57860	true	0.9419085518138751	[0.8,0.8,0.2,0.2]	2	false	J	0.14283549731174594	0.0	39.51824731288913	139.03649462577826	43.65450179140724	0.0	0.6827250895703622	
312	17	false	HighSchoolOrCollege	31.083333333333332	false	BlackOnly	29362	48560	true	0.8195081705943794	[0.2,0.8,0.2,0.2]	2	false	H	0.28081324067087376	0.0	50.486701022319195	160.9734020446384	36.342199318453865	0.0	0.31710996592269336	
313	17	false	HighSchoolOrCollege	21.083333333333332	false	BlackOnly	29443	14232	true	0.8195081705943794	[0.2,0.8,0.2,0.2]	2	false	D	0.9866495550317611	0.0	52.56956240726494	165.13912481452988	34.953625061823374	0.0	0.24768125309116873	
314	17	false	HighSchoolOrCollege	37.083333333333336	false	BlackOnly	57943	33785	true	0.8195081705943794	[0.2,0.8,0.2,0.2]	1	false	J	0.2439379644673353	0.0	44.962778010379964	149.92555602075993	40.024814659746696	0.0	0.5012407329873346	
315	17	false	Graduate	33.083333333333336	false	BlackOnly	45389	3847	true	0.8195081705943794	[0.2,0.8,0.2,0.2]	1	false	C	0.2289843098679153	0.0	48.818939133074004	157.637878266148	37.454040577950664	0.0	0.37270202889753323	
316	17	true	HighSchoolOrCollege	29.083333333333332	false	BlackOnly	36782	6477	true	0.6653085272175364	[0.2,0.2,0.2,0.2]	1	false	D	0.23836181389088462	0.0	47.970284447392864	155.9405688947857	38.019810368404755	0.0	0.40099051842023786	
317	17	true	HighSchoolOrCollege	22.083333333333332	false	BlackOnly	41562	43017	true	0.6653085272175364	[0.2,0.2,0.2,0.2]	1	false	E	0.17246257129463327	0.0	41.83470991350434	143.66941982700868	42.110193390997104	0.0	0.6055096695498552	
318	17	true	Low	43.083333333333336	false	BlackOnly	13357	27711	true	0.6653085272175364	[0.2,0.2,0.2,0.2]	1	false	J	0.41883793124030977	0.0	45.26552206949431	150.53104413898862	39.822985287003796	0.0	0.4911492643501898	
319	17	true	Low	32.083333333333336	false	BlackOnly	96727	8627	true	0.8308249267265675	[0.2,0.2,0.8,0.2]	1	false	D	0.18614350194967322	0.0	45.551119872068135	151.10223974413628	39.63258675195458	0.0	0.4816293375977288	
320	17	true	HighSchoolOrCollege	35.083333333333336	false	BlackOnly	35367	75522	true	0.6653085272175364	[0.2,0.2,0.2,0.2]	1	false	C	0.25751423720753297	0.0	38.38737090307596	136.77474180615192	44.40841939794936	0.0	0.7204209698974681	
321	18	true	HighSchoolOrCollege	48.083333333333336	false	BlackOnly	57677	28719	true	0.6653085272175364	[0.2,0.2,0.2,0.2]	3	true	G	0.5519311832950318	0.0	49.45676349657888	158.91352699315775	37.02882433561408	0.0	0.35144121678070406	
322	18	false	HighSchoolOrCollege	63.083333333333336	false	BlackOnly	20223	3503	true	0.9419085518138751	[0.8,0.8,0.2,0.2]	3	true	F	0.1273821304799717	0.0	53.80962895511496	167.61925791022992	34.12691402992336	0.0	0.206345701496168	
323	18	false	Bachelors	30.083333333333332	false	Plus2Races	89336	11198	true	0.9181492193647616	[0.2,0.8,0.8,0.2]	3	true	I	0.9978320417859861	0.0	37.65559904627692	135.31119809255384	44.89626730248205	0.0	0.7448133651241027	
324	18	true	HighSchoolOrCollege	59.083333333333336	false	WhiteOnly	51517	150105	true	0.6720990985064282	[0.8,0.2,0.2,0.2]	2	false	G	0.9911143207061408	0.0	46.894693823235556	153.7893876464711	38.736870784509634	0.0	0.4368435392254815	
325	18	false	HighSchoolOrCollege	22.083333333333332	false	BlackOnly	71669	81267	true	0.9181492193647616	[0.2,0.8,0.8,0.2]	2	false	F	0.9111617554500541	0.0	48.094082761260935	156.18816552252187	37.937278159159376	0.0	0.3968639079579687	
326	18	false	Low	58.083333333333336	false	BlackOnly	71565	64605	true	0.97564431879636	[0.8,0.8,0.8,0.2]	2	false	I	0.28471937880904985	0.0	51.96072203587788	163.92144407175576	35.35951864274808	0.0	0.2679759321374039	
327	18	false	Graduate	32.083333333333336	false	BlackOnly	65151	152286	true	0.8195081705943794	[0.2,0.8,0.2,0.2]	1	false	I	0.0619670583090548	0.0	48.863915345585966	157.72783069117193	37.424056436276025	0.0	0.37120282181380126	
328	18	false	HighSchoolOrCollege	57.083333333333336	false	BlackOnly	68862	62141	true	0.9419085518138751	[0.8,0.8,0.2,0.2]	1	false	G	0.7422460204765019	0.0	50.314881471929766	160.62976294385953	36.456745685380156	0.0	0.32283728426900793	
329	18	false	Low	22.083333333333332	false	BlackOnly	67478	162913	true	0.8195081705943794	[0.2,0.8,0.2,0.2]	1	false	H	0.5887331219834449	0.0	52.96828219440996	165.93656438881993	34.68781187039336	0.0	0.234390593519668	
330	19	true	Bachelors	45.083333333333336	false	BlackOnly	132677	118719	true	0.8308249267265675	[0.2,0.2,0.8,0.2]	3	true	E	0.3835543225672188	0.0	36.31406901340556	132.62813802681111	45.790620657729626	0.0	0.7895310328864813	
331	19	false	Bachelors	59.083333333333336	false	WhiteOnly	223	13503	true	0.8239978151504338	[0.8,0.8,0.2,0.2]	3	true	D	0.7641614222412728	0.0	38.996850673832185	137.99370134766437	44.00209955077854	0.0	0.7001049775389271	
332	19	false	Graduate	31.083333333333332	false	Plus2Races	239336	81198	true	0.9181492193647616	[0.2,0.8,0.8,0.2]	3	true	D	0.5224132694206304	0.0	53.11576171079877	166.23152342159756	34.58949219280082	0.0	0.2294746096400409	
333	19	true	HighSchoolOrCollege	56.083333333333336	false	WhiteOnly	126517	250105	true	0.8350897188022837	[0.8,0.2,0.8,0.2]	3	true	H	0.334744692692709	0.0	42.675580722245385	145.35116144449077	41.549612851836415	0.0	0.5774806425918206	
334	19	false	Bachelors	24.083333333333332	false	WhiteOnly	121669	981267	true	0.7640915534102196	[0.2,0.8,0.8,0.2]	3	true	I	0.7305296673581259	0.0	44.31348107033705	148.6269621406741	40.457679286441966	0.0	0.5228839643220983	
335	19	false	Low	53.083333333333336	false	BlackOnly	321565	284605	true	0.97564431879636	[0.8,0.8,0.8,0.2]	3	true	B	0.7257713503948464	0.0	48.946935801788584	157.89387160357717	37.36870946547428	0.0	0.36843547327371395	
336	19	false	Graduate	30.083333333333332	false	BlackOnly	90151	652286	true	0.9181492193647616	[0.2,0.8,0.8,0.2]	2	false	C	0.3279903866211461	0.0	52.54001482323505	165.08002964647008	34.97332345117664	0.0	0.24866617255883183	
337	19	false	Bachelors	51.083333333333336	false	WhiteOnly	493862	282141	true	0.9204234728229822	[0.8,0.8,0.8,0.2]	2	false	E	0.6275789658564415	0.0	47.91877546709619	155.83755093419236	38.05414968860254	0.0	0.4027074844301271	
338	19	true	Low	20.083333333333332	false	WhiteOnly	67478	312913	true	0.36466425585868595	[0.2,0.2,0.2,0.2]	2	false	E	0.10516665433339234	0.0	50.40301151167492	160.80602302334984	36.39799232555006	0.0	0.31989961627750274	
339	19	true	HighSchoolOrCollege	50.083333333333336	false	WhiteOnly	335941	58098	true	0.8350897188022837	[0.8,0.2,0.8,0.2]	2	false	C	0.5123535852566552	0.0	36.51711805850126	133.03423611700254	45.655254627665826	0.0	0.7827627313832913	
340	19	false	Bachelors	59.083333333333336	false	AmerIndianOnly	28315	137860	true	0.9419085518138751	[0.8,0.8,0.2,0.2]	2	false	G	0.049033112287267255	0.0	36.162018808092355	132.3240376161847	45.89198746127177	0.0	0.7945993730635883	
341	19	false	Bachelors	38.083333333333336	false	WhiteOnly	54362	188560	true	0.5672894400869586	[0.2,0.8,0.2,0.2]	2	false	J	0.289512504198838	0.0	40.87123392808104	141.74246785616208	42.75251071461264	0.0	0.637625535730632	
342	19	false	Bachelors	29.083333333333332	false	Other	79443	14232	true	0.9181492193647616	[0.2,0.8,0.8,0.2]	2	false	F	0.3097472542870858	0.0	50.670425807752935	161.34085161550587	36.219716128164706	0.0	0.3109858064082355	
343	19	false	Bachelors	44.083333333333336	false	WhiteOnly	132943	183785	true	0.7640915534102196	[0.2,0.8,0.8,0.2]	2	false	E	0.9944502839719385	0.0	40.75834957625956	141.51669915251912	42.82776694916029	0.0	0.6413883474580147	
344	19	false	Graduate	39.083333333333336	false	BlackOnly	470389	3847	true	0.9181492193647616	[0.2,0.8,0.8,0.2]	1	false	J	0.17426680983107667	0.0	37.815279764860094	135.6305595297202	44.789813490093266	0.0	0.7394906745046634	
345	19	true	Graduate	33.083333333333336	false	WhiteOnly	61782	26477	true	0.36466425585868595	[0.2,0.2,0.2,0.2]	1	false	H	0.4815193818421064	0.0	46.630952746396375	153.26190549279275	38.91269816906908	0.0	0.44563490845345405	
346	19	true	Graduate	22.083333333333332	false	WhiteOnly	66562	143017	true	0.36466425585868595	[0.2,0.2,0.2,0.2]	1	false	J	0.3296885849516501	0.0	52.44682668517683	164.89365337035366	35.035448876548784	0.0	0.2517724438274391	
347	19	true	HighSchoolOrCollege	45.083333333333336	false	WhiteOnly	43357	27711	true	0.36466425585868595	[0.2,0.2,0.2,0.2]	1	false	E	0.8231790656459749	0.0	41.34196848000954	142.68393696001908	42.438687679993635	0.0	0.6219343839996818	
348	19	true	HighSchoolOrCollege	38.083333333333336	false	BlackOnly	421727	18627	true	0.8308249267265675	[0.2,0.2,0.8,0.2]	1	false	B	0.5552782391722321	0.0	40.884166541327076	141.76833308265415	42.743888972448616	0.0	0.6371944486224309	
349	19	true	Bachelors	40.083333333333336	false	WhiteOnly	60367	615522	true	0.36466425585868595	[0.2,0.2,0.2,0.2]	1	false	E	0.1263301643772824	0.0	47.853194833832525	155.70638966766506	38.09787011077832	0.0	0.4048935055389158	
350	19	true	HighSchoolOrCollege	32.083333333333336	false	WhiteOnly	426497	20154	true	0.586439749074951	[0.2,0.2,0.8,0.2]	1	false	J	0.5326726693740256	0.0	48.3629043487676	156.7258086975352	37.75806376748827	0.0	0.3879031883744134	
351	20	true	HighSchoolOrCollege	44.083333333333336	false	BlackOnly	132677	78719	true	0.8308249267265675	[0.2,0.2,0.8,0.2]	3	true	B	0.9470253742537518	0.0	52.612389684131365	165.22477936826272	34.925073543912426	0.0	0.2462536771956212	
352	20	false	HighSchoolOrCollege	57.083333333333336	false	WhiteOnly	35223	43503	true	0.8239978151504338	[0.8,0.8,0.2,0.2]	3	true	D	0.5128807830562181	0.0	49.858145906015324	159.71629181203065	36.76123606265645	0.0	0.3380618031328224	
353	20	false	Graduate	31.083333333333332	false	Plus2Races	239336	81198	true	0.9181492193647616	[0.2,0.8,0.8,0.2]	3	true	H	0.994374011344771	0.0	37.87858941084633	135.75717882169266	44.74760705943578	0.0	0.737380352971789	
354	20	true	HighSchoolOrCollege	53.083333333333336	false	WhiteOnly	126517	250105	true	0.8350897188022837	[0.8,0.2,0.8,0.2]	3	true	B	0.3155305900543327	0.0	50.34885150648562	160.69770301297126	36.43409899567625	0.0	0.3217049497838126	
355	20	false	Bachelors	21.083333333333332	false	WhiteOnly	121669	981267	true	0.7640915534102196	[0.2,0.8,0.8,0.2]	3	true	H	0.521098037599481	0.0	44.69221388427144	149.38442776854288	40.20519074381904	0.0	0.510259537190952	
356	20	false	Low	49.083333333333336	false	BlackOnly	321565	184605	true	0.9181492193647616	[0.2,0.8,0.8,0.2]	3	true	D	0.5763751696531674	0.0	43.2962754776476	146.5925509552952	41.13581634823493	0.0	0.5567908174117466	
357	20	false	Graduate	33.083333333333336	false	BlackOnly	90151	652286	true	0.9181492193647616	[0.2,0.8,0.8,0.2]	3	true	J	0.6395615056399034	0.0	45.71539514131954	151.43079028263907	39.523069905786976	0.0	0.4761534952893487	
358	20	false	Bachelors	46.083333333333336	false	WhiteOnly	493862	282141	true	0.7640915534102196	[0.2,0.8,0.8,0.2]	2	false	F	0.26378500262853244	0.0	42.98215462330043	145.96430924660086	41.345230251133046	0.0	0.5672615125566522	
359	20	false	HighSchoolOrCollege	21.083333333333332	false	WhiteOnly	92478	312913	true	0.7640915534102196	[0.2,0.8,0.8,0.2]	2	false	H	0.3785618614440023	0.0	47.577615317267146	155.1552306345343	38.281589788488574	0.0	0.4140794894244286	
360	20	true	HighSchoolOrCollege	48.083333333333336	false	WhiteOnly	335941	88098	true	0.586439749074951	[0.2,0.2,0.8,0.2]	2	false	G	0.4478939229634453	0.0	39.408693628180146	138.8173872563603	43.72753758121324	0.0	0.6863768790606619	
361	20	false	HighSchoolOrCollege	50.083333333333336	false	PacIslandOnly	53315	137860	true	0.9419085518138751	[0.8,0.8,0.2,0.2]	2	false	I	0.7456153365562157	0.0	48.244721600247345	156.4894432004947	37.83685226650177	0.0	0.3918426133250885	
362	20	false	Bachelors	30.083333333333332	false	WhiteOnly	54362	138560	true	0.5672894400869586	[0.2,0.8,0.2,0.2]	2	false	C	0.2903993813893574	0.0	42.91383502066506	145.82767004133012	41.390776652889954	0.0	0.5695388326444978	
363	20	false	Bachelors	29.083333333333332	false	Plus2Races	79443	34232	true	0.9181492193647616	[0.2,0.8,0.8,0.2]	2	false	I	0.6323729999317192	0.0	51.55763670890743	163.11527341781485	35.62824219406171	0.0	0.28141210970308567	
364	20	false	Bachelors	42.083333333333336	false	WhiteOnly	132943	133785	true	0.7640915534102196	[0.2,0.8,0.8,0.2]	2	false	A	0.7223366345622276	0.0	38.226195555838004	136.452391111676	44.51586962944133	0.0	0.7257934814720667	
365	20	false	Graduate	36.083333333333336	false	BlackOnly	470389	23847	true	0.9181492193647616	[0.2,0.8,0.8,0.2]	2	false	B	0.16869126865992956	0.0	41.93639487980833	143.87278975961667	42.042403413461116	0.0	0.6021201706730557	
366	20	true	Graduate	29.083333333333332	false	WhiteOnly	61782	36477	true	0.36466425585868595	[0.2,0.2,0.2,0.2]	2	false	G	0.794069583752394	0.0	52.23252010310293	164.46504020620586	35.17831993126471	0.0	0.2589159965632356	
367	20	true	Bachelors	22.083333333333332	false	WhiteOnly	66562	143017	true	0.36466425585868595	[0.2,0.2,0.2,0.2]	2	false	D	0.7219632245993022	0.0	45.06113457075888	150.12226914151776	39.95924361949408	0.0	0.49796218097470407	
368	20	true	HighSchoolOrCollege	42.083333333333336	true	WhiteOnly	43357	47711	true	0.36466425585868595	[0.2,0.2,0.2,0.2]	1	false	C	0.03697722479902954	0.0	51.140728798482144	162.2814575969643	35.9061808010119	0.0	0.2953090400505951	
369	20	true	HighSchoolOrCollege	38.083333333333336	false	WhiteOnly	421727	48627	true	0.586439749074951	[0.2,0.2,0.8,0.2]	1	false	J	0.5987182583445242	0.0	42.0893953869317	144.1787907738634	41.94040307537887	0.0	0.5970201537689435	
370	20	true	HighSchoolOrCollege	37.083333333333336	false	WhiteOnly	85367	615522	true	0.586439749074951	[0.2,0.2,0.8,0.2]	1	false	J	0.6836961365712001	0.0	53.175254945479935	166.35050989095987	34.549830036346705	0.0	0.2274915018173354	
371	20	true	HighSchoolOrCollege	27.083333333333332	false	WhiteOnly	426497	30154	true	0.586439749074951	[0.2,0.2,0.8,0.2]	1	false	C	0.6251872941099348	0.0	45.694950964711644	151.38990192942327	39.536699356858904	0.0	0.4768349678429452	
372	20	false	HighSchoolOrCollege	34.083333333333336	false	BlackOnly	94098	75361	true	0.9181492193647616	[0.2,0.8,0.8,0.2]	1	false	A	0.911591700676677	0.0	41.41865792303434	142.8373158460687	42.387561384643774	0.0	0.6193780692321887	
373	20	false	Graduate	25.083333333333332	true	WhiteOnly	53077	54277	true	0.5672894400869586	[0.2,0.8,0.2,0.2]	1	false	C	0.006693829829625075	0.0	49.816920009692	159.633840019384	36.78871999353867	0.0	0.3394359996769334	
374	20	false	Graduate	35.083333333333336	false	WhiteOnly	43241	33261	true	0.5672894400869586	[0.2,0.8,0.2,0.2]	1	false	D	0.06822635570694624	0.0	36.961224921922906	133.9224498438458	45.359183385384725	0.0	0.7679591692692364	
375	20	false	Bachelors	47.083333333333336	false	WhiteOnly	174210	131632	true	0.7640915534102196	[0.2,0.8,0.8,0.2]	1	false	H	0.4259027516226077	0.0	46.48705976478748	152.97411952957498	39.00862682347501	0.0	0.4504313411737506	
376	21	true	Bachelors	47.083333333333336	false	BlackOnly	132677	118719	true	0.8308249267265675	[0.2,0.2,0.8,0.2]	3	true	D	0.6765481467975036	0.0	42.734139021970385	145.46827804394076	41.510573985353076	0.0	0.5755286992676538	
377	21	false	Bachelors	56.083333333333336	false	WhiteOnly	20223	43503	true	0.8239978151504338	[0.8,0.8,0.2,0.2]	3	true	E	0.5987803361031059	0.0	46.746624420489965	153.49324884097993	38.83558371967336	0.0	0.4417791859836679	
378	21	false	Graduate	38.083333333333336	false	Plus2Races	239336	141198	true	0.9181492193647616	[0.2,0.8,0.8,0.2]	3	true	J	0.5899563141508037	0.0	49.67946449300774	159.35892898601548	36.880357004661505	0.0	0.3440178502330752	
379	21	true	HighSchoolOrCollege	59.083333333333336	false	WhiteOnly	126517	250105	true	0.8350897188022837	[0.8,0.2,0.8,0.2]	3	true	J	0.4280743526884727	0.0	49.59531178591854	159.19062357183708	36.93645880938764	0.0	0.3468229404693819	
380	21	false	Bachelors	24.083333333333332	false	WhiteOnly	121669	981267	true	0.7640915534102196	[0.2,0.8,0.8,0.2]	3	true	J	0.06516948880043494	0.0	36.25014997932378	132.50029995864756	45.833233347117485	0.0	0.7916616673558742	
381	21	false	HighSchoolOrCollege	54.083333333333336	false	BlackOnly	321565	284605	true	0.97564431879636	[0.8,0.8,0.8,0.2]	3	true	G	0.07206986067653887	0.0	41.2868781637095	142.573756327419	42.475414557526996	0.0	0.6237707278763499	
382	21	false	Graduate	32.083333333333336	false	BlackOnly	90151	652286	true	0.9181492193647616	[0.2,0.8,0.8,0.2]	3	true	H	0.8623290419127261	0.0	51.868052189627264	163.73610437925453	35.42129854024849	0.0	0.2710649270124247	
383	21	false	Bachelors	47.083333333333336	false	WhiteOnly	493862	282141	true	0.7640915534102196	[0.2,0.8,0.8,0.2]	3	true	F	0.5281022612026625	0.0	49.897965719176796	159.7959314383536	36.7346895205488	0.0	0.33673447602744006	
384	21	false	HighSchoolOrCollege	21.083333333333332	false	WhiteOnly	67478	312913	true	0.5672894400869586	[0.2,0.8,0.2,0.2]	3	true	B	0.7168794730300947	0.0	51.05713658526385	162.1142731705277	35.96190894315743	0.0	0.2980954471578716	
385	21	true	HighSchoolOrCollege	51.083333333333336	false	WhiteOnly	335941	88098	true	0.8350897188022837	[0.8,0.2,0.8,0.2]	2	false	B	0.10778788540907891	0.0	43.93199177440947	147.86398354881894	40.712005483727026	0.0	0.5356002741863511	
386	21	false	Bachelors	56.083333333333336	false	BlackOnly	28315	187860	true	0.9419085518138751	[0.8,0.8,0.2,0.2]	2	false	E	0.5008383990772801	0.0	47.358973942490294	154.7179478849806	38.42735070500647	0.0	0.4213675352503235	
387	21	false	Bachelors	37.083333333333336	false	WhiteOnly	54362	188560	true	0.5672894400869586	[0.2,0.8,0.2,0.2]	2	false	B	0.3810831327273144	0.0	36.06370053177815	132.1274010635563	45.95753297881456	0.0	0.7978766489407282	
388	21	false	Bachelors	31.083333333333332	false	Other	104443	34232	true	0.9181492193647616	[0.2,0.8,0.8,0.2]	2	false	C	0.894557872875508	0.0	38.76679727777057	137.53359455554113	44.15546848148629	0.0	0.7077734240743143	
389	21	false	Bachelors	44.083333333333336	false	WhiteOnly	132943	183785	true	0.7640915534102196	[0.2,0.8,0.8,0.2]	2	false	A	0.5119498864226771	0.0	48.66709516841799	157.33419033683597	37.55526988772134	0.0	0.37776349438606704	
390	21	false	Graduate	35.083333333333336	false	WhiteOnly	470389	23847	true	0.7640915534102196	[0.2,0.8,0.8,0.2]	2	false	F	0.9641238127827539	0.0	50.24558880098821	160.4911776019764	36.5029407993412	0.0	0.3251470399670597	
391	21	true	Graduate	34.083333333333336	false	WhiteOnly	61782	36477	true	0.36466425585868595	[0.2,0.2,0.2,0.2]	2	false	D	0.4037381278728699	0.0	51.09513013713486	162.19026027426972	35.93657990857676	0.0	0.2968289954288379	
392	21	true	Graduate	25.083333333333332	false	WhiteOnly	66562	193017	true	0.36466425585868595	[0.2,0.2,0.2,0.2]	2	false	J	0.9463107037594043	0.0	52.376140369281025	164.75228073856204	35.08257308714599	0.0	0.25412865435729926	
393	21	true	HighSchoolOrCollege	48.083333333333336	false	WhiteOnly	43357	47711	true	0.36466425585868595	[0.2,0.2,0.2,0.2]	2	false	D	0.595852241681839	0.0	37.95215311246275	135.9043062249255	44.6985645916915	0.0	0.7349282295845749	
394	21	true	HighSchoolOrCollege	39.083333333333336	false	WhiteOnly	421727	18627	true	0.586439749074951	[0.2,0.2,0.8,0.2]	2	false	I	0.07080587303613717	0.0	47.77545991667469	155.55091983334938	38.149693388883534	0.0	0.40748466944417694	
395	21	true	Bachelors	44.083333333333336	false	WhiteOnly	60367	615522	true	0.36466425585868595	[0.2,0.2,0.2,0.2]	2	false	G	0.439667004080727	0.0	44.49612038207405	148.9922407641481	40.33591974528397	0.0	0.5167959872641984	
396	21	true	HighSchoolOrCollege	32.083333333333336	false	WhiteOnly	426497	30154	true	0.586439749074951	[0.2,0.2,0.8,0.2]	2	false	E	0.7636427698289311	0.0	41.31148197762733	142.62296395525465	42.45901201491511	0.0	0.6229506007457556	
397	21	false	HighSchoolOrCollege	38.083333333333336	false	BlackOnly	369098	135361	true	0.9181492193647616	[0.2,0.8,0.8,0.2]	1	false	G	0.7104810208393572	0.0	49.579132476950925	159.15826495390183	36.94724501536605	0.0	0.3473622507683025	
398	21	false	Graduate	32.083333333333336	true	WhiteOnly	53077	54277	true	0.5672894400869586	[0.2,0.8,0.2,0.2]	1	false	G	0.9697592991416005	0.0	47.916051243373076	155.83210248674615	38.05596583775128	0.0	0.4027982918875641	
399	21	false	Graduate	41.083333333333336	false	WhiteOnly	23241	33261	true	0.5672894400869586	[0.2,0.8,0.2,0.2]	1	false	J	0.7195455609054071	0.0	46.68477693624136	153.36955387248273	38.87681537583909	0.0	0.44384076879195444	
400	21	false	Bachelors	54.083333333333336	false	WhiteOnly	174210	181632	true	0.9204234728229822	[0.8,0.8,0.8,0.2]	1	false	I	0.22107013837632394	0.0	50.85030312658324	161.70060625316648	36.09979791561118	0.0	0.3049898957805587	
401	21	true	Graduate	37.083333333333336	false	BlackOnly	380460	805472	true	0.8308249267265675	[0.2,0.2,0.8,0.2]	1	false	E	0.7408016012185219	0.0	48.37145096022926	156.7429019204585	37.752366026513826	0.0	0.38761830132569136	
402	21	false	HighSchoolOrCollege	42.083333333333336	true	WhiteOnly	63725	824364	true	0.5672894400869586	[0.2,0.8,0.2,0.2]	1	false	J	0.0033743712321790964	0.0	40.34194700902285	140.6838940180457	43.10536866065143	0.0	0.6552684330325715	
403	21	true	Bachelors	38.083333333333336	false	WhiteOnly	88572	70704	true	0.586439749074951	[0.2,0.2,0.8,0.2]	1	false	B	0.04007068254119428	0.0	42.10388905244575	144.2077781048915	41.93074063170283	0.0	0.5965370315851417	
404	21	false	Bachelors	31.083333333333332	false	BlackOnly	31056	184083	true	0.8195081705943794	[0.2,0.8,0.2,0.2]	1	false	F	0.28794714325544213	0.0	38.28334731571679	136.56669463143356	44.477768456188805	0.0	0.7238884228094403	
405	21	false	Bachelors	32.083333333333336	false	WhiteOnly	468308	20544	true	0.7640915534102196	[0.2,0.8,0.8,0.2]	1	false	H	0.22403220614210462	0.0	49.54913813485746	159.09827626971492	36.96724124342836	0.0	0.3483620621714182	
406	21	true	HighSchoolOrCollege	32.083333333333336	false	WhiteOnly	359704	87464	true	0.586439749074951	[0.2,0.2,0.8,0.2]	1	false	F	0.6374250741627653	0.0	38.5405651769283	137.0811303538566	44.30628988204781	0.0	0.7153144941023901	
407	22	true	HighSchoolOrCollege	40.083333333333336	false	BlackOnly	132677	78719	true	0.8308249267265675	[0.2,0.2,0.8,0.2]	3	true	D	0.825533701711701	0.0	48.099693843731174	156.19938768746235	37.933537437512555	0.0	0.3966768718756276	
408	22	false	HighSchoolOrCollege	58.083333333333336	false	WhiteOnly	223	13503	true	0.8239978151504338	[0.8,0.8,0.2,0.2]	3	true	E	0.7060127824117272	0.0	51.71603383298384	163.43206766596768	35.52264411134411	0.0	0.2761322055672054	
409	22	false	Bachelors	34.083333333333336	false	Plus2Races	239336	31198	true	0.9181492193647616	[0.2,0.8,0.8,0.2]	3	true	B	0.0581646322397632	0.0	47.255276128840514	154.51055225768104	38.49648258077299	0.0	0.42482412903864947	
410	22	true	Low	50.083333333333336	false	WhiteOnly	76517	250105	true	0.8350897188022837	[0.8,0.2,0.8,0.2]	3	true	G	0.950367647063393	0.0	40.26105639974416	140.52211279948833	43.15929573350389	0.0	0.6579647866751945	
411	22	false	HighSchoolOrCollege	16.083333333333332	false	BlackOnly	121669	981267	true	0.9181492193647616	[0.2,0.8,0.8,0.2]	3	true	D	0.22935431832747422	0.0	49.34499932299924	158.6899986459985	37.10333378466717	0.0	0.3551666892333587	
412	22	false	Low	46.083333333333336	false	BlackOnly	96565	134605	true	0.9181492193647616	[0.2,0.8,0.8,0.2]	3	true	E	0.5453707863560056	0.0	38.63872903552793	137.27745807105586	44.240847309648046	0.0	0.7120423654824024	
413	22	false	Bachelors	33.083333333333336	false	BlackOnly	65151	652286	true	0.8195081705943794	[0.2,0.8,0.2,0.2]	2	false	C	0.1454405571303483	0.0	50.813176416005	161.62635283201	36.12454905599667	0.0	0.3062274527998333	
414	22	false	HighSchoolOrCollege	48.083333333333336	false	BlackOnly	93862	182141	true	0.9181492193647616	[0.2,0.8,0.8,0.2]	2	false	G	0.6719598017020924	0.0	53.34085190617756	166.68170381235512	34.43943206254829	0.0	0.22197160312741449	
415	22	false	Low	17.083333333333332	false	BlackOnly	42478	312913	true	0.8195081705943794	[0.2,0.8,0.2,0.2]	2	false	I	0.8297850954844879	0.0	48.165753808688876	156.33150761737775	37.88949746087408	0.0	0.3944748730437042	
416	22	true	Low	47.083333333333336	false	WhiteOnly	335941	58098	true	0.586439749074951	[0.2,0.2,0.8,0.2]	2	false	D	0.46127734975933854	0.0	51.5823191725677	163.16463834513542	35.6117872182882	0.0	0.28058936091441	
417	22	false	HighSchoolOrCollege	57.083333333333336	false	BlackOnly	28315	67860	true	0.9419085518138751	[0.8,0.8,0.2,0.2]	2	false	I	0.0874416616473479	0.0	45.3994627878253	150.7989255756506	39.73369147478313	0.0	0.48668457373915663	
418	22	false	HighSchoolOrCollege	31.083333333333332	false	BlackOnly	29362	138560	true	0.8195081705943794	[0.2,0.8,0.2,0.2]	2	false	I	0.4183014873125993	0.0	38.30218285507156	136.6043657101431	44.4652114299523	0.0	0.7232605714976148	
419	22	false	HighSchoolOrCollege	28.083333333333332	false	AsianOnly	79443	14232	true	0.9181492193647616	[0.2,0.8,0.8,0.2]	2	false	A	0.24456154597018953	0.0	42.45140247745626	144.90280495491254	41.699065015029156	0.0	0.5849532507514579	
420	22	false	HighSchoolOrCollege	43.083333333333336	false	BlackOnly	132943	133785	true	0.9181492193647616	[0.2,0.8,0.8,0.2]	1	false	F	0.6582061547442141	0.0	47.32449519316654	154.64899038633308	38.45033653788897	0.0	0.42251682689444875	
421	22	false	Graduate	35.083333333333336	false	BlackOnly	95389	3847	true	0.9181492193647616	[0.2,0.8,0.8,0.2]	1	false	J	0.8688364579656565	0.0	46.13515388586584	152.2703077717317	39.243230742756104	0.0	0.4621615371378053	
422	22	true	Bachelors	28.083333333333332	false	WhiteOnly	36782	26477	true	0.36466425585868595	[0.2,0.2,0.2,0.2]	1	false	I	0.06960412575786767	0.0	47.827267642417596	155.6545352848352	38.115154905054936	0.0	0.4057577452527468	
423	22	true	Bachelors	21.083333333333332	false	BlackOnly	41562	83017	true	0.6653085272175364	[0.2,0.2,0.2,0.2]	1	false	F	0.951264000120312	0.0	45.956360622043086	151.91272124408619	39.36242625197127	0.0	0.46812131259856377	
424	22	true	Low	41.083333333333336	false	WhiteOnly	43357	27711	true	0.36466425585868595	[0.2,0.2,0.2,0.2]	1	false	J	0.33180719801920755	0.0	47.99336532285434	155.9867306457087	38.00442311809711	0.0	0.4002211559048554	
425	22	true	Low	38.083333333333336	false	BlackOnly	421727	18627	true	0.8308249267265675	[0.2,0.2,0.8,0.2]	1	false	C	0.30520546702303564	0.0	42.384918572526146	144.7698371450523	41.7433876183159	0.0	0.587169380915795	
426	23	true	HighSchoolOrCollege	45.083333333333336	false	BlackOnly	82677	58719	true	0.8308249267265675	[0.2,0.2,0.8,0.2]	3	true	J	0.4127140960847546	0.0	46.78544901174033	153.57089802348065	38.80970065883977	0.0	0.4404850329419889	
427	23	false	HighSchoolOrCollege	64.08333333333333	false	BlackOnly	20223	13503	true	0.9419085518138751	[0.8,0.8,0.2,0.2]	3	true	A	0.36260057210443575	0.0	50.06641047475762	160.13282094951524	36.622393016828255	0.0	0.33111965084141287	
428	23	false	Bachelors	31.083333333333332	false	Plus2Races	239336	31198	true	0.9181492193647616	[0.2,0.8,0.8,0.2]	3	true	J	0.676545275662085	0.0	46.56035393818418	153.12070787636836	38.95976404121055	0.0	0.44798820206052753	
429	23	true	Low	55.083333333333336	false	BlackOnly	51517	150105	true	0.8765234960785928	[0.8,0.2,0.2,0.2]	3	true	F	0.28213910558931643	0.0	51.01327495975207	162.02654991950413	35.99115002683195	0.0	0.29955750134159775	
430	23	false	HighSchoolOrCollege	23.083333333333332	false	BlackOnly	71669	131267	true	0.9181492193647616	[0.2,0.8,0.8,0.2]	2	false	C	0.07561164285991506	0.0	53.02108715750523	166.04217431501044	34.652608561663186	0.0	0.23263042808315915	
431	23	false	Low	58.083333333333336	false	BlackOnly	71565	64605	true	0.97564431879636	[0.8,0.8,0.8,0.2]	2	false	B	0.13423903830384631	0.0	46.6854623309504	153.3709246619008	38.876358446033066	0.0	0.4438179223016532	
432	23	false	Bachelors	32.083333333333336	false	BlackOnly	40151	152286	true	0.8195081705943794	[0.2,0.8,0.2,0.2]	2	false	I	0.475203735859718	0.0	41.49796937208473	142.99593874416945	42.33468708527685	0.0	0.6167343542638423	
433	23	false	HighSchoolOrCollege	54.083333333333336	false	BlackOnly	68862	132141	true	0.9419085518138751	[0.8,0.8,0.2,0.2]	2	false	A	0.12026101964132752	0.0	48.64718892065988	157.29437784131977	37.56854071956008	0.0	0.37842703597800403	
434	23	false	Low	24.083333333333332	false	BlackOnly	42478	162913	true	0.8195081705943794	[0.2,0.8,0.2,0.2]	1	false	F	0.32070806822643727	0.0	53.792996778305664	167.58599355661133	34.13800214779622	0.0	0.20690010738981107	
435	23	true	Low	56.083333333333336	false	WhiteOnly	335941	18098	true	0.8350897188022837	[0.8,0.2,0.8,0.2]	1	false	F	0.11984206043686563	0.0	51.25334784937441	162.5066956987488	35.8311014337504	0.0	0.2915550716875199	
436	23	false	HighSchoolOrCollege	57.083333333333336	false	BlackOnly	23315	57860	true	0.9419085518138751	[0.8,0.8,0.2,0.2]	1	false	F	0.4621940956256201	0.0	42.75782596504189	145.51565193008378	41.49478268997207	0.0	0.5747391344986037	
437	23	false	HighSchoolOrCollege	38.083333333333336	false	BlackOnly	29362	48560	true	0.8195081705943794	[0.2,0.8,0.2,0.2]	1	false	A	0.7055002893924035	0.0	44.4244785632906	148.84895712658118	40.38368095780626	0.0	0.5191840478903134	
438	24	true	HighSchoolOrCollege	49.083333333333336	false	BlackOnly	82677	78719	true	0.8308249267265675	[0.2,0.2,0.8,0.2]	3	true	J	0.656630290127487	0.0	38.02308640456075	136.04617280912152	44.65127573029284	0.0	0.7325637865146417	
439	24	false	HighSchoolOrCollege	63.083333333333336	false	WhiteOnly	223	13503	true	0.8239978151504338	[0.8,0.8,0.2,0.2]	3	true	B	0.3395679473449119	0.0	38.19327655757414	136.38655311514827	44.53781562828391	0.0	0.7268907814141955	
440	24	false	Bachelors	32.083333333333336	false	Plus2Races	239336	81198	true	0.9181492193647616	[0.2,0.8,0.8,0.2]	3	true	G	0.4028716315505503	0.0	47.744675958002375	155.48935191600475	38.170216027998414	0.0	0.4085108013999207	
441	24	true	Low	59.083333333333336	false	WhiteOnly	51517	250105	true	0.6720990985064282	[0.8,0.2,0.2,0.2]	2	false	A	0.7214847411491224	0.0	42.789326724964624	145.57865344992925	41.47378218335692	0.0	0.5736891091678458	
442	24	false	HighSchoolOrCollege	20.083333333333332	false	BlackOnly	96669	181267	true	0.9181492193647616	[0.2,0.8,0.8,0.2]	2	false	F	0.14593930147201162	0.0	39.858816935141334	139.71763387028267	43.42745537657244	0.0	0.6713727688286221	
443	24	false	Low	57.083333333333336	false	BlackOnly	96565	134605	true	0.97564431879636	[0.8,0.8,0.8,0.2]	2	false	E	0.5284040523734798	0.0	42.95505457150889	145.9101091430178	41.3632969523274	0.0	0.5681648476163703	
444	24	false	Graduate	34.083333333333336	false	BlackOnly	40151	652286	true	0.8195081705943794	[0.2,0.8,0.2,0.2]	2	false	D	0.26856995415758556	0.0	53.4228076608107	166.84561532162138	34.38479489279287	0.0	0.2192397446396434	
445	24	false	HighSchoolOrCollege	54.083333333333336	false	BlackOnly	93862	182141	true	0.97564431879636	[0.8,0.8,0.8,0.2]	1	false	F	0.4618716793098496	0.0	52.77358267337321	165.54716534674643	34.817611551084525	0.0	0.24088057755422626	
446	24	false	Low	24.083333333333332	false	BlackOnly	42478	162913	true	0.8195081705943794	[0.2,0.8,0.2,0.2]	1	false	F	0.9626140700992522	0.0	46.519571203699776	153.03914240739954	38.986952530866816	0.0	0.4493476265433409	
447	24	true	Low	55.083333333333336	false	WhiteOnly	335941	58098	true	0.8350897188022837	[0.8,0.2,0.8,0.2]	1	false	D	0.9496519236370562	0.0	47.45982180377464	154.9196436075493	38.36011879748357	0.0	0.41800593987417867	
448	24	false	HighSchoolOrCollege	61.083333333333336	false	BlackOnly	23315	67860	true	0.9419085518138751	[0.8,0.8,0.2,0.2]	1	false	D	0.5665489907747048	0.0	51.94734625843189	163.89469251686378	35.36843582771208	0.0	0.2684217913856037	
449	25	true	HighSchoolOrCollege	43.083333333333336	false	BlackOnly	82677	78719	true	0.8308249267265675	[0.2,0.2,0.8,0.2]	3	true	F	0.8744184951762507	0.0	39.14492738879193	138.28985477758386	43.903381740805386	0.0	0.6951690870402691	
450	25	false	HighSchoolOrCollege	59.083333333333336	false	WhiteOnly	20223	3503	true	0.8239978151504338	[0.8,0.8,0.2,0.2]	3	true	J	0.21906868862722506	0.0	39.056682916970296	138.11336583394058	43.96221138868647	0.0	0.6981105694343235	
451	25	false	Bachelors	27.083333333333332	false	Plus2Races	239336	31198	true	0.9181492193647616	[0.2,0.8,0.8,0.2]	3	true	D	0.8011691121666334	0.0	44.57890093526201	149.15780187052403	40.28073270982532	0.0	0.5140366354912661	
452	25	true	HighSchoolOrCollege	55.083333333333336	false	WhiteOnly	76517	250105	true	0.8350897188022837	[0.8,0.2,0.8,0.2]	3	true	B	0.6946643876394316	0.0	47.72870648566231	155.45741297132463	38.18086234289179	0.0	0.4090431171445897	
453	25	false	HighSchoolOrCollege	21.083333333333332	false	BlackOnly	96669	131267	true	0.9181492193647616	[0.2,0.8,0.8,0.2]	2	false	I	0.44277868363745143	0.0	45.744683913779326	151.48936782755865	39.50354405748045	0.0	0.47517720287402243	
454	25	false	Low	50.083333333333336	false	BlackOnly	96565	64605	true	0.97564431879636	[0.8,0.8,0.8,0.2]	2	false	B	0.754224192138609	0.0	47.01177779855702	154.02355559711404	38.65881480096199	0.0	0.4329407400480994	
455	25	false	Bachelors	28.083333333333332	false	BlackOnly	65151	652286	true	0.8195081705943794	[0.2,0.8,0.2,0.2]	2	false	D	0.45885880323524764	0.0	47.43714090480553	154.87428180961106	38.37523939679632	0.0	0.4187619698398157	
456	25	false	HighSchoolOrCollege	45.083333333333336	false	BlackOnly	93862	132141	true	0.9181492193647616	[0.2,0.8,0.8,0.2]	2	false	H	0.6427040113049869	0.0	42.75824456301678	145.51648912603355	41.49450362465548	0.0	0.5747251812327739	
457	25	false	Low	23.083333333333332	false	BlackOnly	42478	312913	true	0.8195081705943794	[0.2,0.8,0.2,0.2]	2	false	H	0.6327728728705245	0.0	48.679462885128956	157.3589257702579	37.54702474324736	0.0	0.377351237162368	
458	25	true	HighSchoolOrCollege	52.083333333333336	false	WhiteOnly	335941	18098	true	0.8350897188022837	[0.8,0.2,0.8,0.2]	1	false	E	0.1727628327055576	0.0	52.44948530022914	164.89897060045828	35.0336764665139	0.0	0.25168382332569517	
459	25	false	HighSchoolOrCollege	58.083333333333336	false	AsianOnly	28315	67860	true	0.9419085518138751	[0.8,0.8,0.2,0.2]	1	false	E	0.9639901921237927	0.0	40.64430122497674	141.2886024499535	42.90379918334884	0.0	0.6451899591674418	
460	25	false	HighSchoolOrCollege	34.083333333333336	false	BlackOnly	29362	78560	true	0.8195081705943794	[0.2,0.8,0.2,0.2]	1	false	C	0.9186085749777165	0.0	49.89600328309024	159.79200656618048	36.73599781127317	0.0	0.33679989056365867	
461	25	false	HighSchoolOrCollege	22.083333333333332	false	AsianOnly	54443	4232	true	0.8195081705943794	[0.2,0.8,0.2,0.2]	1	false	I	0.9804754387052694	0.0	47.03189605007383	154.06379210014768	38.645402633284114	0.0	0.4322701316642056	
462	25	false	HighSchoolOrCollege	43.083333333333336	false	BlackOnly	132943	93785	true	0.9181492193647616	[0.2,0.8,0.8,0.2]	1	false	A	0.41303847651885406	0.0	40.565585898416224	141.13117179683246	42.95627606772252	0.0	0.6478138033861259	
463	26	true	HighSchoolOrCollege	38.083333333333336	false	BlackOnly	82677	58719	true	0.8308249267265675	[0.2,0.2,0.8,0.2]	3	true	B	0.2993125565327812	0.0	37.80483926154604	135.6096785230921	44.796773825635974	0.0	0.7398386912817986	
464	26	false	HighSchoolOrCollege	55.083333333333336	false	WhiteOnly	20223	3503	true	0.8239978151504338	[0.8,0.8,0.2,0.2]	3	true	F	0.6015074051100346	0.0	46.44584648028089	152.89169296056178	39.03610234647941	0.0	0.45180511732397033	
465	26	false	Bachelors	30.083333333333332	false	Plus2Races	239336	11198	true	0.9181492193647616	[0.2,0.8,0.8,0.2]	3	true	C	0.36709784659088085	0.0	38.58535346232096	137.17070692464193	44.276431025119365	0.0	0.713821551255968	
466	26	true	Low	54.083333333333336	false	WhiteOnly	76517	250105	true	0.8350897188022837	[0.8,0.2,0.8,0.2]	2	false	H	0.4941266891505126	0.0	39.050852288516396	138.1017045770328	43.96609847432241	0.0	0.6983049237161203	
467	26	false	HighSchoolOrCollege	22.083333333333332	false	BlackOnly	96669	181267	true	0.9181492193647616	[0.2,0.8,0.8,0.2]	2	false	J	0.8858259558771563	0.0	46.491642775539056	152.9832855510781	39.00557148297396	0.0	0.45027857414869815	
468	26	false	Low	47.083333333333336	false	BlackOnly	96565	64605	true	0.9181492193647616	[0.2,0.8,0.8,0.2]	2	false	F	0.27873742717197103	0.0	42.49737406897907	144.99474813795814	41.66841728734729	0.0	0.5834208643673644	
469	26	false	Bachelors	25.083333333333332	false	BlackOnly	65151	652286	true	0.8195081705943794	[0.2,0.8,0.2,0.2]	2	false	I	0.5937278225679491	0.0	51.6011475065956	163.2022950131912	35.599234995602934	0.0	0.2799617497801466	
470	26	false	HighSchoolOrCollege	43.083333333333336	false	BlackOnly	93862	182141	true	0.9181492193647616	[0.2,0.8,0.8,0.2]	1	false	A	0.47537910466079136	0.0	49.81007387753787	159.62014775507575	36.79328408164142	0.0	0.33966420408207104	
471	26	false	Low	21.083333333333332	false	BlackOnly	42478	312913	true	0.8195081705943794	[0.2,0.8,0.2,0.2]	1	false	F	0.5905205383643664	0.0	52.40596513267962	164.81193026535925	35.06268991154692	0.0	0.25313449557734596	
472	26	true	Low	45.083333333333336	false	WhiteOnly	335941	18098	true	0.586439749074951	[0.2,0.2,0.8,0.2]	1	false	G	0.6530464351149962	0.0	43.491957252993274	146.98391450598655	41.00536183133782	0.0	0.550268091566891	
473	27	true	HighSchoolOrCollege	54.083333333333336	false	BlackOnly	57677	28719	true	0.8765234960785928	[0.8,0.2,0.2,0.2]	3	true	F	0.11288831633317697	0.0	48.80442526266086	157.6088505253217	37.463716491559424	0.0	0.3731858245779714	
474	27	false	HighSchoolOrCollege	62.083333333333336	false	BlackOnly	20223	3503	true	0.9419085518138751	[0.8,0.8,0.2,0.2]	3	true	C	0.3626228864036697	0.0	50.96055268917751	161.92110537835504	36.02629820721499	0.0	0.30131491036074964	
475	27	false	Bachelors	31.083333333333332	false	Plus2Races	239336	11198	true	0.9181492193647616	[0.2,0.8,0.8,0.2]	3	true	J	0.7175320332685605	0.0	37.94829880790519	135.89659761581038	44.70113412806321	0.0	0.7350567064031605	
476	27	true	HighSchoolOrCollege	59.083333333333336	false	BlackOnly	51517	150105	true	0.8765234960785928	[0.8,0.2,0.2,0.2]	3	true	G	0.83773564207284	0.0	45.85362490309113	151.70724980618226	39.430916731272575	0.0	0.4715458365636289	
477	27	false	HighSchoolOrCollege	19.083333333333332	false	BlackOnly	71669	31267	true	0.9181492193647616	[0.2,0.8,0.8,0.2]	3	true	A	0.7218211909551515	0.0	37.8787071407812	135.7574142815624	44.747528572812534	0.0	0.7373764286406267	
478	27	false	Low	55.083333333333336	false	BlackOnly	71565	34605	true	0.97564431879636	[0.8,0.8,0.8,0.2]	3	true	J	0.22815787235154594	0.0	51.95915426418023	163.91830852836046	35.36056382387984	0.0	0.2680281911939923	
479	27	false	Bachelors	30.083333333333332	false	BlackOnly	40151	652286	true	0.8195081705943794	[0.2,0.8,0.2,0.2]	3	true	E	0.11469713160228467	0.0	48.609909983701	157.219819967402	37.593393344199335	0.0	0.37966966720996675	
480	27	false	HighSchoolOrCollege	58.083333333333336	false	BlackOnly	68862	52141	true	0.9419085518138751	[0.8,0.8,0.2,0.2]	2	false	C	0.18795982178130988	0.0	47.93131872370859	155.86263744741717	38.04578751752761	0.0	0.40228937587638025	
481	27	true	Low	16.083333333333332	false	BlackOnly	42478	162913	true	0.6653085272175364	[0.2,0.2,0.2,0.2]	2	false	A	0.4196129300506979	0.0	47.860387311917265	155.72077462383453	38.09307512538849	0.0	0.4046537562694244	
482	27	true	Low	59.083333333333336	false	WhiteOnly	335941	8098	true	0.8350897188022837	[0.8,0.2,0.8,0.2]	2	false	I	0.6476206643194813	0.0	53.6692869511964	167.3385739023928	34.22047536586906	0.0	0.21102376829345332	
483	27	false	HighSchoolOrCollege	64.08333333333333	false	BlackOnly	23315	17860	true	0.9419085518138751	[0.8,0.8,0.2,0.2]	2	false	C	0.10187856821897301	0.0	45.65221489851465	151.30442979702931	39.5651900676569	0.0	0.47825950338284495	
484	27	false	HighSchoolOrCollege	38.083333333333336	false	BlackOnly	29362	48560	true	0.8195081705943794	[0.2,0.8,0.2,0.2]	2	false	J	0.7943337448074578	0.0	52.8823804012236	165.7647608024472	34.7450797325176	0.0	0.2372539866258801	
485	27	false	HighSchoolOrCollege	26.083333333333332	false	BlackOnly	54443	4232	true	0.8195081705943794	[0.2,0.8,0.2,0.2]	2	false	J	0.8681158693005898	0.0	36.82426068971326	133.64852137942654	45.45049287352449	0.0	0.7725246436762245	
486	27	false	HighSchoolOrCollege	48.083333333333336	false	BlackOnly	57943	23785	true	0.8195081705943794	[0.2,0.8,0.2,0.2]	2	false	C	0.7658126309705715	0.0	45.402333559147124	150.80466711829425	39.731777627235246	0.0	0.4865888813617625	
487	27	false	Graduate	43.083333333333336	false	BlackOnly	70389	3847	true	0.9181492193647616	[0.2,0.8,0.8,0.2]	2	false	F	0.40600358733997544	0.0	41.676073652767236	143.35214730553446	42.21595089815518	0.0	0.6107975449077588	
488	27	true	Bachelors	32.083333333333336	false	BlackOnly	36782	6477	true	0.6653085272175364	[0.2,0.2,0.2,0.2]	2	false	F	0.8252663818670701	0.0	50.09680534639055	160.1936106927811	36.60212976907297	0.0	0.33010648845364826	
489	27	true	HighSchoolOrCollege	20.083333333333332	false	BlackOnly	41562	13017	true	0.6653085272175364	[0.2,0.2,0.2,0.2]	2	false	D	0.1393776074474884	0.0	51.2036825280386	162.4073650560772	35.864211647974265	0.0	0.29321058239871334	
490	27	true	Low	53.083333333333336	false	BlackOnly	13357	7711	true	0.8765234960785928	[0.8,0.2,0.2,0.2]	1	false	F	0.6841784335498583	0.0	37.90170432170321	135.8034086434064	44.73219711886453	0.0	0.7366098559432265	
491	27	true	Low	43.083333333333336	false	BlackOnly	421727	8627	true	0.8308249267265675	[0.2,0.2,0.8,0.2]	1	false	J	0.11095969026050168	0.0	38.30884228380258	136.61768456760518	44.46077181079828	0.0	0.7230385905399139	
492	27	true	HighSchoolOrCollege	40.083333333333336	false	BlackOnly	35367	165522	true	0.6653085272175364	[0.2,0.2,0.2,0.2]	1	false	I	0.3615931619999475	0.0	43.94803692275647	147.89607384551294	40.70130871816235	0.0	0.5350654359081177	
493	27	true	Low	29.083333333333332	false	BlackOnly	51497	154	true	0.6653085272175364	[0.2,0.2,0.2,0.2]	1	false	F	0.05852679081751899	0.0	48.37794709067131	156.75589418134263	37.748035272885794	0.0	0.3874017636442897	
494	27	false	Low	39.083333333333336	false	BlackOnly	69098	25361	true	0.8195081705943794	[0.2,0.8,0.2,0.2]	1	false	A	0.4395013274381363	0.0	45.18998799915327	150.37997599830655	39.87334133389782	0.0	0.493667066694891	
495	27	false	Bachelors	28.083333333333332	false	BlackOnly	28077	4277	true	0.8195081705943794	[0.2,0.8,0.2,0.2]	1	false	H	0.5549933550147258	0.0	42.4505087028298	144.90101740565962	41.69966086478013	0.0	0.5849830432390066	
496	27	false	Graduate	44.083333333333336	false	BlackOnly	23241	3261	true	0.8195081705943794	[0.2,0.8,0.2,0.2]	1	false	J	0.955704119464515	0.0	48.469517522399975	156.93903504479994	37.68698831840002	0.0	0.3843494159200008	
497	27	false	HighSchoolOrCollege	56.083333333333336	false	BlackOnly	74210	11632	true	0.97564431879636	[0.8,0.8,0.8,0.2]	1	false	A	0.4242612966113536	0.0	41.795763181567544	143.59152636313507	42.136157878954975	0.0	0.6068078939477486	
