,agentId,rid,isMale,age,race,income,educationLevel,isWhite,over70k,isVulnerable,odd vulnerability,age_report,income_report,race_report,gender_report,edu_report
0,0,1,True,42.083333333333336,BlackOnly,132677,HighSchoolOrCollege,False,True,False,1,False,True,False,True,False
1,1,1,False,59.083333333333336,WhiteOnly,35223,Bachelors,True,False,True,1,False,False,True,True,True
2,2,1,False,34.083333333333336,Plus2Races,239336,Graduate,False,True,False,1,True,False,False,True,False
3,3,1,True,56.083333333333336,WhiteOnly,126517,HighSchoolOrCollege,True,True,True,1,True,True,True,False,False
4,4,1,False,24.08333333333333,WhiteOnly,121669,Bachelors,True,True,False,1,False,True,True,False,False
5,5,1,False,51.083333333333336,BlackOnly,321565,Low,False,True,True,1,False,True,True,True,True
6,6,1,False,32.083333333333336,BlackOnly,390151,Graduate,False,True,False,1,False,True,True,False,True
7,7,1,False,46.083333333333336,BlackOnly,493862,Bachelors,False,True,False,1,False,True,True,True,False
8,8,1,False,21.08333333333333,BlackOnly,92478,Low,False,True,False,1,True,True,True,True,False
9,9,1,True,54.083333333333336,WhiteOnly,335941,HighSchoolOrCollege,True,True,True,1,False,True,False,False,True
10,10,1,False,55.083333333333336,AsianOnly,53315,Bachelors,False,False,True,1,True,False,True,True,False
11,11,1,False,31.08333333333333,BlackOnly,79362,Bachelors,False,True,False,1,True,True,False,False,True
12,12,1,False,26.08333333333333,PacIslandOnly,104443,Bachelors,False,True,False,1,True,True,True,True,True
13,13,1,False,39.083333333333336,BlackOnly,132943,Bachelors,False,True,False,1,True,True,True,True,False
14,14,1,False,34.083333333333336,BlackOnly,470389,Graduate,False,True,False,1,False,True,True,True,True
15,15,1,True,26.08333333333333,WhiteOnly,61782,Graduate,True,False,False,1,False,False,False,True,True
16,16,1,True,20.08333333333333,BlackOnly,91562,Bachelors,False,True,False,1,False,True,False,False,True
17,17,1,True,40.083333333333336,WhiteOnly,43357,HighSchoolOrCollege,True,False,False,1,False,False,False,False,True
18,18,1,True,30.08333333333333,BlackOnly,421727,HighSchoolOrCollege,False,True,False,1,True,True,True,False,False
19,19,1,True,38.083333333333336,BlackOnly,85367,Bachelors,False,True,False,1,False,True,True,False,False
20,20,1,True,26.08333333333333,WhiteOnly,426497,HighSchoolOrCollege,True,True,False,1,True,True,True,False,True
21,21,1,False,30.08333333333333,BlackOnly,369098,HighSchoolOrCollege,False,True,False,1,True,True,True,False,False
22,22,1,False,29.08333333333333,WhiteOnly,53077,Graduate,True,False,False,1,True,False,False,True,False
23,23,1,False,30.08333333333333,WhiteOnly,43241,Graduate,True,False,False,1,False,False,False,True,False
24,24,1,False,47.083333333333336,BlackOnly,174210,Bachelors,False,True,False,1,True,True,False,True,False
25,25,1,True,33.083333333333336,BlackOnly,380460,Bachelors,False,True,False,1,False,False,True,False,False
26,26,1,False,36.083333333333336,BlackOnly,63725,HighSchoolOrCollege,False,False,False,1,True,False,False,False,True
27,27,1,True,32.083333333333336,WhiteOnly,88572,Bachelors,True,True,False,1,False,False,False,False,True
28,28,1,False,29.08333333333333,BlackOnly,56056,Bachelors,False,False,False,1,False,True,False,False,True
29,29,1,False,26.08333333333333,WhiteOnly,468308,Bachelors,True,True,False,1,True,True,True,True,True
30,30,1,True,26.08333333333333,WhiteOnly,359704,HighSchoolOrCollege,True,True,False,1,False,False,False,False,False
31,31,1,True,32.083333333333336,BlackOnly,113622,Graduate,False,True,False,1,False,True,False,False,True
32,32,1,True,26.08333333333333,BlackOnly,171953,Graduate,False,True,False,1,True,True,False,True,True
33,33,1,False,27.08333333333333,WhiteOnly,30971,HighSchoolOrCollege,True,False,False,1,False,False,False,True,False
34,34,1,True,34.083333333333336,WhiteOnly,89383,Bachelors,True,True,False,1,True,True,True,False,False
35,35,1,True,28.08333333333333,BlackOnly,79885,Bachelors,False,True,False,1,False,True,False,False,False
36,36,1,True,30.08333333333333,BlackOnly,86268,Graduate,False,True,False,1,True,True,True,False,True
37,37,1,False,57.083333333333336,BlackOnly,92981,Bachelors,False,True,True,1,True,True,True,True,False
38,38,1,True,34.083333333333336,WhiteOnly,311553,Bachelors,True,True,False,1,False,True,False,False,False
39,39,1,False,25.08333333333333,Plus2Races,199315,Bachelors,False,True,False,1,False,True,False,False,True
40,40,1,True,31.08333333333333,BlackOnly,69706,Bachelors,False,False,False,1,True,True,False,False,True
41,41,1,True,35.083333333333336,Plus2Races,68871,Bachelors,False,False,False,1,True,True,True,False,False
42,42,1,False,56.083333333333336,WhiteOnly,355593,Graduate,True,True,True,1,True,False,False,True,True
43,43,1,False,29.08333333333333,BlackOnly,191170,Bachelors,False,True,False,1,True,False,False,True,True
44,44,1,False,26.08333333333333,WhiteOnly,148582,Graduate,True,True,False,1,False,True,False,False,False
45,45,1,False,24.08333333333333,BlackOnly,272721,Graduate,False,True,False,1,False,True,True,True,True
46,46,1,False,31.08333333333333,WhiteOnly,454482,Bachelors,True,True,False,1,False,False,False,True,True
47,47,1,False,29.08333333333333,BlackOnly,435440,HighSchoolOrCollege,False,True,False,1,True,True,False,False,True
48,48,1,True,28.08333333333333,BlackOnly,86399,Bachelors,False,True,False,1,False,True,True,True,False
49,49,1,False,32.083333333333336,BlackOnly,74454,HighSchoolOrCollege,False,True,False,1,True,True,False,False,False
50,50,1,True,26.08333333333333,WhiteOnly,141117,Bachelors,True,True,False,1,False,False,True,False,False
51,51,1,True,34.083333333333336,BlackOnly,82322,Graduate,False,True,False,1,True,True,True,True,True
52,52,1,False,33.083333333333336,WhiteOnly,90363,HighSchoolOrCollege,True,True,False,1,True,False,True,True,False
53,53,1,False,21.08333333333333,Plus2Races,468977,Bachelors,False,True,False,1,False,False,True,True,True
54,54,1,False,28.08333333333333,WhiteOnly,474743,Bachelors,True,True,False,1,True,True,False,True,True
55,55,1,False,25.08333333333333,BlackOnly,58042,Bachelors,False,False,False,1,False,False,True,False,True
56,56,1,False,44.083333333333336,WhiteOnly,50651,Graduate,True,False,False,1,False,False,False,True,True
57,57,1,True,46.083333333333336,WhiteOnly,71264,Bachelors,True,True,False,1,True,False,False,False,False
58,58,1,True,20.08333333333333,AsianOnly,348981,Graduate,False,True,False,1,True,False,True,False,True
59,59,1,False,33.083333333333336,BlackOnly,378163,Graduate,False,True,False,1,False,True,True,False,True
60,60,1,False,25.08333333333333,BlackOnly,213210,HighSchoolOrCollege,False,True,False,1,True,False,True,True,False
61,61,1,True,34.083333333333336,Plus2Races,93330,HighSchoolOrCollege,False,True,False,1,False,True,False,False,False
62,62,1,False,16.083333333333332,BlackOnly,86409,Bachelors,False,True,False,1,False,True,True,True,False
63,63,1,False,23.08333333333333,BlackOnly,270689,Bachelors,False,True,False,1,True,True,True,True,True
64,64,1,True,29.08333333333333,AsianOnly,478903,Bachelors,False,True,False,1,True,True,False,True,False
65,65,1,False,40.083333333333336,WhiteOnly,473946,HighSchoolOrCollege,True,True,False,1,False,True,False,True,False
66,66,1,True,21.08333333333333,AsianOnly,374092,Bachelors,False,True,False,1,False,False,False,True,False
67,67,1,False,32.083333333333336,BlackOnly,105843,Graduate,False,True,False,1,False,True,True,True,False
68,68,1,False,40.083333333333336,BlackOnly,146033,Graduate,False,True,False,1,True,True,False,True,True
69,69,1,False,20.08333333333333,BlackOnly,91740,Bachelors,False,True,False,1,False,True,True,True,True
70,70,1,False,35.083333333333336,BlackOnly,146947,HighSchoolOrCollege,False,True,False,1,False,False,True,True,True
71,71,1,False,22.08333333333333,BlackOnly,71122,Graduate,False,True,False,1,False,True,False,False,True
72,72,1,True,33.083333333333336,BlackOnly,311096,Bachelors,False,True,False,1,True,True,True,True,True
73,73,1,True,61.083333333333336,WhiteOnly,50268,HighSchoolOrCollege,True,False,True,1,True,False,False,True,True
74,74,1,False,30.08333333333333,WhiteOnly,33244,Bachelors,True,False,False,1,True,True,False,True,True
75,75,1,False,21.08333333333333,BlackOnly,88144,Bachelors,False,True,False,1,False,True,True,True,False
76,76,1,True,27.08333333333333,WhiteOnly,265064,Graduate,True,True,False,1,False,False,False,False,False
77,77,1,True,22.08333333333333,BlackOnly,39859,HighSchoolOrCollege,False,False,False,1,False,False,False,False,False
78,78,1,False,55.083333333333336,WhiteOnly,215775,HighSchoolOrCollege,True,True,True,1,True,True,True,True,False
79,79,1,True,29.08333333333333,WhiteOnly,56196,HighSchoolOrCollege,True,False,False,1,True,False,False,False,True
80,80,1,True,21.08333333333333,AsianOnly,439751,Bachelors,False,True,False,1,True,False,True,False,True
81,81,1,False,36.083333333333336,BlackOnly,65627,Bachelors,False,False,False,1,False,False,False,False,False
82,82,1,False,31.08333333333333,WhiteOnly,478432,Bachelors,True,True,False,1,True,True,True,True,True
83,83,1,False,22.08333333333333,BlackOnly,475610,HighSchoolOrCollege,False,True,False,1,False,True,True,True,False
84,84,1,False,34.083333333333336,Plus2Races,61435,Bachelors,False,False,False,1,False,False,False,True,False
85,85,1,False,22.08333333333333,BlackOnly,235312,Bachelors,False,True,False,1,False,False,True,True,False
86,86,1,False,16.083333333333332,BlackOnly,78065,Bachelors,False,True,False,1,False,True,True,False,False
87,87,1,False,30.08333333333333,BlackOnly,95165,Graduate,False,True,False,1,False,False,True,False,False
88,88,1,False,25.08333333333333,WhiteOnly,92742,HighSchoolOrCollege,True,True,False,1,True,True,False,False,False
89,89,1,False,26.08333333333333,WhiteOnly,227295,Low,True,True,False,1,True,True,False,True,False
90,90,1,False,39.083333333333336,WhiteOnly,482610,Bachelors,True,True,False,1,False,False,False,True,True
91,91,1,False,31.08333333333333,AsianOnly,57959,Low,False,False,False,1,False,True,True,True,False
92,92,1,False,33.083333333333336,AsianOnly,186275,HighSchoolOrCollege,False,True,False,1,False,True,False,True,False
93,93,1,False,31.08333333333333,BlackOnly,87240,Graduate,False,True,False,1,False,True,False,False,True
94,94,1,False,20.08333333333333,BlackOnly,235738,Bachelors,False,True,False,1,True,True,True,False,True
95,95,1,False,25.08333333333333,WhiteOnly,383253,HighSchoolOrCollege,True,True,False,1,True,True,True,True,True
96,96,1,True,47.083333333333336,AsianOnly,31097,Graduate,False,False,False,1,True,False,True,False,True
97,97,1,False,36.083333333333336,BlackOnly,341373,Graduate,False,True,False,1,True,True,False,False,False
98,98,1,False,17.083333333333332,BlackOnly,97117,Graduate,False,True,False,1,True,False,True,False,True
99,99,1,True,43.083333333333336,BlackOnly,53590,Bachelors,False,False,False,1,False,False,True,False,False
100,100,1,False,55.083333333333336,BlackOnly,36836,HighSchoolOrCollege,False,False,True,1,True,True,True,True,False
101,101,1,False,43.083333333333336,BlackOnly,315578,Graduate,False,True,False,1,False,True,False,True,False
102,102,1,False,43.083333333333336,BlackOnly,81630,Bachelors,False,True,False,1,False,False,False,True,True
103,103,1,True,29.08333333333333,WhiteOnly,81450,HighSchoolOrCollege,True,True,False,1,False,True,False,False,True
104,104,1,False,24.08333333333333,BlackOnly,298657,Graduate,False,True,False,1,False,True,True,True,True
105,105,1,True,32.083333333333336,AsianOnly,365589,Graduate,False,True,False,1,True,False,False,False,True
106,106,1,True,29.08333333333333,BlackOnly,36731,Bachelors,False,False,False,1,False,False,False,True,True
107,107,1,False,25.08333333333333,BlackOnly,157572,Bachelors,False,True,False,1,True,True,False,True,False
108,108,1,False,34.083333333333336,BlackOnly,98832,Graduate,False,True,False,1,False,True,True,False,True
109,109,1,False,26.08333333333333,BlackOnly,40565,Graduate,False,False,False,1,False,True,True,True,True
110,110,1,False,30.08333333333333,WhiteOnly,215997,Graduate,True,True,False,1,True,True,False,True,True
111,111,1,True,58.083333333333336,WhiteOnly,424129,Bachelors,True,True,True,1,True,True,True,True,False
112,112,1,False,27.08333333333333,BlackOnly,84337,Bachelors,False,True,False,1,False,True,False,False,True
113,113,1,False,59.083333333333336,Other,176252,Bachelors,False,True,True,1,False,True,False,False,False
114,114,1,True,36.083333333333336,BlackOnly,25695,Graduate,False,False,False,1,False,True,True,False,False
115,115,1,True,30.08333333333333,Plus2Races,226176,Bachelors,False,True,False,1,True,False,True,True,False
116,116,1,False,54.083333333333336,BlackOnly,31922,Graduate,False,False,True,1,True,False,True,False,True
117,117,1,False,59.083333333333336,WhiteOnly,50407,HighSchoolOrCollege,True,False,True,1,False,True,False,True,False
118,118,1,True,31.08333333333333,WhiteOnly,129524,Graduate,True,True,False,1,True,True,False,True,False
119,119,1,False,49.083333333333336,BlackOnly,61594,Graduate,False,False,False,1,False,False,False,True,False
120,120,1,True,20.08333333333333,WhiteOnly,29556,Bachelors,True,False,False,1,False,False,False,False,False
121,121,1,False,59.083333333333336,WhiteOnly,77154,Bachelors,True,True,True,1,True,True,False,True,True
122,122,1,True,25.08333333333333,BlackOnly,441019,HighSchoolOrCollege,False,True,False,1,False,True,True,True,False
123,123,1,False,36.083333333333336,AmerIndianOnly,465442,Bachelors,False,True,False,1,True,False,False,True,False
124,124,1,False,32.083333333333336,BlackOnly,206451,Bachelors,False,True,False,1,False,False,False,True,False
125,125,1,False,31.08333333333333,WhiteOnly,87830,Bachelors,True,True,False,1,False,True,False,True,False
126,126,1,False,25.08333333333333,BlackOnly,190301,Graduate,False,True,False,1,False,True,False,False,False
127,127,1,False,34.083333333333336,BlackOnly,172436,Graduate,False,True,False,1,False,False,False,True,False
128,128,1,False,22.08333333333333,BlackOnly,69876,Bachelors,False,False,False,1,False,True,False,True,False
129,129,1,False,51.083333333333336,BlackOnly,136500,Bachelors,False,True,True,1,True,True,False,True,False
130,130,1,False,26.08333333333333,WhiteOnly,96466,Bachelors,True,True,False,1,True,True,False,True,True
131,131,1,False,18.08333333333333,WhiteOnly,129190,Bachelors,True,True,False,1,False,False,False,False,True
132,132,1,False,49.083333333333336,WhiteOnly,424919,Bachelors,True,True,False,1,False,True,False,False,False
133,133,1,True,37.083333333333336,BlackOnly,258217,Bachelors,False,True,False,1,False,False,True,True,True
134,134,1,True,59.083333333333336,WhiteOnly,29681,Low,True,False,True,1,True,True,False,False,False
135,135,1,False,33.083333333333336,WhiteOnly,457475,HighSchoolOrCollege,True,True,False,1,True,True,False,True,True
136,136,1,True,20.08333333333333,BlackOnly,245004,HighSchoolOrCollege,False,True,False,1,False,True,False,False,False
137,137,1,True,34.083333333333336,BlackOnly,43650,Bachelors,False,False,False,1,False,True,True,False,True
138,138,1,False,35.083333333333336,BlackOnly,331831,HighSchoolOrCollege,False,True,False,1,False,False,False,True,False
139,139,1,True,28.08333333333333,BlackOnly,203117,Bachelors,False,True,False,1,True,True,True,True,False
140,140,1,True,19.08333333333333,WhiteOnly,160815,Bachelors,True,True,False,1,True,True,False,True,True
141,141,1,False,62.083333333333336,BlackOnly,74590,Graduate,False,True,True,1,True,True,True,True,True
142,142,1,False,41.083333333333336,BlackOnly,71740,HighSchoolOrCollege,False,True,False,1,False,True,True,False,False
143,143,1,True,24.08333333333333,BlackOnly,91216,Bachelors,False,True,False,1,True,False,True,False,False
144,144,1,True,53.083333333333336,Other,57854,HighSchoolOrCollege,False,False,True,1,True,True,False,True,False
145,145,1,True,49.083333333333336,WhiteOnly,71281,Bachelors,True,True,False,1,True,True,True,False,False
146,146,1,False,25.08333333333333,WhiteOnly,151539,Bachelors,True,True,False,1,True,False,True,True,False
147,147,1,False,20.08333333333333,BlackOnly,93404,Graduate,False,True,False,1,False,True,False,True,False
148,148,1,False,35.083333333333336,BlackOnly,463231,HighSchoolOrCollege,False,True,False,1,False,True,True,True,True
149,149,1,False,47.083333333333336,WhiteOnly,420597,HighSchoolOrCollege,True,True,False,1,False,True,False,True,True
150,150,1,False,19.08333333333333,AsianOnly,108296,Bachelors,False,True,False,1,False,True,False,True,False
151,151,1,True,41.083333333333336,WhiteOnly,79361,Low,True,True,False,1,True,False,False,False,True
152,152,1,False,30.08333333333333,WhiteOnly,262581,Bachelors,True,True,False,1,False,False,False,True,True
153,153,1,False,27.08333333333333,BlackOnly,445760,Graduate,False,True,False,1,True,True,False,True,True
154,154,1,True,44.083333333333336,WhiteOnly,60209,Bachelors,True,False,False,1,False,True,False,True,False
155,155,1,True,54.083333333333336,WhiteOnly,26682,HighSchoolOrCollege,True,False,True,1,True,False,True,False,False
156,156,1,False,36.083333333333336,BlackOnly,211305,HighSchoolOrCollege,False,True,False,1,False,True,True,False,True
157,157,1,False,47.083333333333336,WhiteOnly,451947,Graduate,True,True,False,1,True,False,False,True,True
158,158,1,False,46.083333333333336,AsianOnly,459040,Graduate,False,True,False,1,False,False,True,True,True
159,159,1,False,25.08333333333333,BlackOnly,188411,Bachelors,False,True,False,1,False,False,True,True,True
160,160,1,False,22.08333333333333,BlackOnly,285866,Bachelors,False,True,False,1,False,True,False,False,True
161,161,1,False,27.08333333333333,BlackOnly,77223,HighSchoolOrCollege,False,True,False,1,False,True,False,False,True
162,162,1,False,58.083333333333336,WhiteOnly,425357,HighSchoolOrCollege,True,True,True,1,False,False,True,True,True
163,163,1,True,31.08333333333333,BlackOnly,59189,Graduate,False,False,False,1,True,False,False,True,True
164,164,2,True,37.083333333333336,WhiteOnly,132677,Bachelors,True,True,False,1,True,True,False,False,False
165,165,2,False,52.083333333333336,WhiteOnly,20223,Bachelors,True,False,True,1,True,True,True,True,False
166,166,2,False,26.08333333333333,Plus2Races,239336,Graduate,False,True,False,1,True,False,False,True,True
167,167,2,True,45.083333333333336,WhiteOnly,126517,Bachelors,True,True,False,1,True,True,False,True,False
168,168,2,False,22.08333333333333,WhiteOnly,121669,Bachelors,True,True,False,1,True,True,False,True,False
169,169,2,False,43.083333333333336,WhiteOnly,321565,HighSchoolOrCollege,True,True,False,1,True,False,False,True,False
170,170,2,False,27.08333333333333,BlackOnly,90151,Graduate,False,True,False,1,True,False,True,False,True
171,171,2,False,37.083333333333336,WhiteOnly,493862,Bachelors,True,True,False,1,True,True,False,True,True
172,172,2,False,20.08333333333333,WhiteOnly,92478,HighSchoolOrCollege,True,True,False,1,False,True,False,True,False
173,173,2,True,43.083333333333336,WhiteOnly,335941,Bachelors,True,True,False,1,True,True,True,False,True
174,174,2,False,50.083333333333336,AsianOnly,53315,Bachelors,False,False,True,1,False,True,False,True,False
175,175,2,False,30.08333333333333,WhiteOnly,54362,Bachelors,True,False,False,1,True,False,False,True,True
176,176,2,False,27.08333333333333,Other,104443,Bachelors,False,True,False,1,True,True,False,True,True
177,177,2,False,30.08333333333333,WhiteOnly,132943,Bachelors,True,True,False,1,True,False,False,False,False
178,178,2,False,31.08333333333333,WhiteOnly,470389,Graduate,True,True,False,1,True,True,False,True,True
179,179,2,True,25.08333333333333,WhiteOnly,61782,Graduate,True,False,False,1,True,False,True,True,True
180,180,2,True,21.08333333333333,WhiteOnly,66562,Graduate,True,False,False,1,False,False,False,False,True
181,181,2,True,37.083333333333336,WhiteOnly,68357,Bachelors,True,False,False,1,False,False,True,False,False
182,182,2,True,31.08333333333333,WhiteOnly,421727,Bachelors,True,True,False,1,True,True,False,False,False
183,183,2,True,34.083333333333336,WhiteOnly,85367,Bachelors,True,True,False,1,False,True,False,False,False
184,184,2,True,28.08333333333333,WhiteOnly,426497,Bachelors,True,True,False,1,True,False,False,False,False
185,185,2,False,30.08333333333333,BlackOnly,94098,Bachelors,False,True,False,1,False,True,False,True,True
186,186,2,False,26.08333333333333,WhiteOnly,53077,Graduate,True,False,False,1,False,False,False,True,False
187,187,2,False,31.08333333333333,WhiteOnly,68241,Graduate,True,False,False,1,True,True,False,True,True
188,188,2,False,43.083333333333336,WhiteOnly,174210,Graduate,True,True,False,1,False,True,True,True,True
189,189,2,True,30.08333333333333,BlackOnly,380460,Graduate,False,True,False,1,False,True,False,True,True
190,190,2,False,33.083333333333336,WhiteOnly,63725,Bachelors,True,False,False,1,True,False,False,True,True
191,191,2,True,25.08333333333333,WhiteOnly,88572,Bachelors,True,True,False,1,False,True,True,True,False
192,192,2,False,27.08333333333333,AsianOnly,56056,Bachelors,False,False,False,1,False,True,False,True,False
193,193,2,False,29.08333333333333,WhiteOnly,468308,Graduate,True,True,False,1,True,False,False,True,False
194,194,2,True,28.08333333333333,WhiteOnly,359704,Bachelors,True,True,False,1,False,True,True,True,False
195,195,2,True,26.08333333333333,AmerIndianOnly,113622,Graduate,False,True,False,1,True,True,True,True,True
196,196,2,True,26.08333333333333,AsianOnly,171953,Graduate,False,True,False,1,True,True,True,False,True
197,197,2,False,29.08333333333333,WhiteOnly,30971,Bachelors,True,False,False,1,True,False,False,True,False
198,198,2,True,28.08333333333333,WhiteOnly,89383,Graduate,True,True,False,1,False,True,False,False,True
199,199,2,True,27.08333333333333,WhiteOnly,79885,Graduate,True,True,False,1,False,False,False,False,True
200,200,2,True,30.08333333333333,WhiteOnly,86268,Graduate,True,True,False,1,True,True,False,True,False
201,201,2,False,53.083333333333336,WhiteOnly,92981,Bachelors,True,True,True,1,True,True,False,True,True
202,202,2,True,34.083333333333336,WhiteOnly,311553,Bachelors,True,True,False,1,False,False,False,True,True
203,203,2,False,26.08333333333333,Plus2Races,199315,Bachelors,False,True,False,1,True,False,False,True,True
204,204,2,True,34.083333333333336,WhiteOnly,69706,Graduate,True,False,False,1,False,True,True,False,False
205,205,2,True,31.08333333333333,Plus2Races,68871,Graduate,False,False,False,1,False,False,True,False,False
206,206,2,False,53.083333333333336,WhiteOnly,355593,Graduate,True,True,True,1,True,True,True,True,True
207,207,2,False,28.08333333333333,AsianOnly,91170,Graduate,False,True,False,1,False,True,True,False,True
208,208,2,False,29.08333333333333,WhiteOnly,148582,Graduate,True,True,False,1,True,True,False,True,False
209,209,2,False,23.08333333333333,BlackOnly,272721,Graduate,False,True,False,1,False,False,False,True,True
210,210,2,False,28.08333333333333,WhiteOnly,454482,Bachelors,True,True,False,1,True,True,False,True,False
211,211,2,False,28.08333333333333,AsianOnly,85440,Bachelors,False,True,False,1,True,True,True,True,True
212,212,2,True,28.08333333333333,WhiteOnly,86399,Graduate,True,True,False,1,False,True,True,False,False
213,213,2,False,27.08333333333333,WhiteOnly,74454,Bachelors,True,True,False,1,False,True,False,False,False
214,214,2,True,28.08333333333333,WhiteOnly,141117,Bachelors,True,True,False,1,False,True,False,True,False
215,215,2,True,31.08333333333333,WhiteOnly,82322,Graduate,True,True,False,1,False,False,False,False,True
216,216,2,False,31.08333333333333,WhiteOnly,65363,Bachelors,True,False,False,1,False,False,True,True,True
217,217,2,False,21.08333333333333,Plus2Races,468977,Graduate,False,True,False,1,True,False,True,True,False
218,218,2,False,26.08333333333333,WhiteOnly,474743,Bachelors,True,True,False,1,True,True,False,False,False
219,219,2,False,27.08333333333333,WhiteOnly,58042,Bachelors,True,False,False,1,False,False,False,True,True
220,220,2,False,30.08333333333333,WhiteOnly,50651,Graduate,True,False,False,1,False,False,False,False,True
221,221,2,True,37.083333333333336,WhiteOnly,71264,Bachelors,True,True,False,1,True,True,False,False,True
222,222,2,True,21.08333333333333,AsianOnly,348981,Graduate,False,True,False,1,False,True,True,True,True
223,223,2,False,30.08333333333333,AsianOnly,78163,Graduate,False,True,False,1,True,True,True,True,True
224,224,2,False,28.08333333333333,WhiteOnly,88210,Bachelors,True,True,False,1,True,True,True,False,True
225,225,2,True,33.083333333333336,Plus2Races,93330,Bachelors,False,True,False,1,False,True,False,True,False
226,226,2,False,22.08333333333333,WhiteOnly,86409,Bachelors,True,True,False,1,True,False,False,True,True
227,227,2,False,23.08333333333333,WhiteOnly,270689,Bachelors,True,True,False,1,False,False,False,True,False
228,228,2,True,25.08333333333333,AsianOnly,478903,Graduate,False,True,False,1,True,True,False,True,True
229,229,2,True,35.083333333333336,WhiteOnly,98946,Bachelors,True,True,False,1,True,True,False,True,True
230,230,2,True,21.08333333333333,AsianOnly,374092,Graduate,False,True,False,1,True,True,False,True,False
231,231,2,False,25.08333333333333,BlackOnly,80843,Graduate,False,True,False,1,False,False,False,True,True
232,232,2,False,36.083333333333336,WhiteOnly,146033,Graduate,True,True,False,1,False,True,True,True,False
233,233,2,False,24.08333333333333,WhiteOnly,91740,Bachelors,True,True,False,1,True,False,False,False,False
234,234,2,False,34.083333333333336,WhiteOnly,146947,Bachelors,True,True,False,1,True,True,False,True,False
235,235,2,False,27.08333333333333,WhiteOnly,71122,Graduate,True,True,False,1,True,True,False,True,True
236,236,2,True,27.08333333333333,BlackOnly,311096,Graduate,False,True,False,1,True,False,True,False,True
237,237,2,True,56.083333333333336,WhiteOnly,50268,Bachelors,True,False,True,1,False,False,False,True,True
238,238,2,False,34.083333333333336,WhiteOnly,33244,Graduate,True,False,False,1,True,False,True,False,True
239,239,2,False,28.08333333333333,WhiteOnly,88144,Graduate,True,True,False,1,True,True,False,False,True
240,240,2,True,27.08333333333333,WhiteOnly,265064,Graduate,True,True,False,1,True,True,False,True,True
241,241,2,True,23.08333333333333,WhiteOnly,64859,Bachelors,True,False,False,1,True,True,True,False,True
242,242,2,False,56.083333333333336,WhiteOnly,215775,Bachelors,True,True,True,1,True,False,False,True,False
243,243,2,True,27.08333333333333,WhiteOnly,56196,Bachelors,True,False,False,1,True,False,True,False,False
244,244,2,True,22.08333333333333,Other,439751,Bachelors,False,True,False,1,True,True,True,False,True
245,245,2,False,30.08333333333333,AmerIndianOnly,65627,Bachelors,False,False,False,1,True,False,True,True,True
246,246,2,False,31.08333333333333,WhiteOnly,478432,Graduate,True,True,False,1,False,True,True,True,False
247,247,2,False,20.08333333333333,WhiteOnly,75610,Bachelors,True,True,False,1,False,False,True,True,False
248,248,2,False,33.083333333333336,Plus2Races,61435,Bachelors,False,False,False,1,True,False,False,True,False
249,249,2,False,23.08333333333333,WhiteOnly,235312,Graduate,True,True,False,1,True,True,False,False,True
250,250,2,False,24.08333333333333,AsianOnly,78065,Bachelors,False,True,False,1,True,True,True,True,False
251,251,2,False,33.083333333333336,BlackOnly,70165,Graduate,False,True,False,1,True,True,False,False,False
252,252,2,False,29.08333333333333,WhiteOnly,92742,Bachelors,True,True,False,1,False,False,False,True,True
253,253,2,False,29.08333333333333,WhiteOnly,77295,HighSchoolOrCollege,True,True,False,1,True,True,False,False,True
254,254,2,False,32.083333333333336,WhiteOnly,82610,Graduate,True,True,False,1,True,True,True,True,False
255,255,2,False,33.083333333333336,AsianOnly,57959,HighSchoolOrCollege,False,False,False,1,False,False,True,True,False
256,256,2,False,27.08333333333333,AsianOnly,86275,Bachelors,False,True,False,1,False,True,False,False,False
257,257,2,False,34.083333333333336,WhiteOnly,87240,Graduate,True,True,False,1,False,True,True,True,True
258,258,2,False,23.08333333333333,BlackOnly,235738,Graduate,False,True,False,1,True,True,False,True,True
259,259,2,False,27.08333333333333,WhiteOnly,383253,Bachelors,True,True,False,1,False,True,False,True,True
260,260,2,True,37.083333333333336,AsianOnly,31097,Graduate,False,False,False,1,False,False,True,False,True
261,261,2,False,33.083333333333336,BlackOnly,91373,Graduate,False,True,False,1,False,False,False,True,False
262,262,2,False,23.08333333333333,BlackOnly,97117,Graduate,False,True,False,1,False,True,False,True,True
263,263,2,True,35.083333333333336,WhiteOnly,53590,Bachelors,True,False,False,1,True,False,True,True,False
264,264,2,False,50.083333333333336,WhiteOnly,61836,Bachelors,True,False,True,1,True,True,True,False,False
265,265,2,False,35.083333333333336,WhiteOnly,315578,Graduate,True,True,False,1,False,True,False,True,False
266,266,2,False,39.083333333333336,WhiteOnly,81630,Graduate,True,True,False,1,False,False,True,True,True
267,267,2,True,29.08333333333333,WhiteOnly,81450,Bachelors,True,True,False,1,True,True,True,False,False
268,268,2,False,23.08333333333333,WhiteOnly,298657,Graduate,True,True,False,1,True,False,False,True,False
269,269,2,True,26.08333333333333,AsianOnly,365589,Graduate,False,True,False,1,False,True,True,False,False
270,270,2,True,25.08333333333333,WhiteOnly,36731,Graduate,True,False,False,1,True,False,False,False,False
271,271,2,False,25.08333333333333,WhiteOnly,157572,Graduate,True,True,False,1,True,True,False,True,True
272,272,2,False,33.083333333333336,WhiteOnly,98832,Graduate,True,True,False,1,True,False,False,True,False
273,273,2,False,29.08333333333333,WhiteOnly,40565,Graduate,True,False,False,1,True,True,False,False,True
274,274,2,False,32.083333333333336,WhiteOnly,215997,Graduate,True,True,False,1,True,True,True,True,True
275,275,2,True,50.083333333333336,WhiteOnly,424129,Bachelors,True,True,True,1,True,True,False,True,False
276,276,2,True,25.08333333333333,WhiteOnly,84337,Bachelors,True,True,False,1,True,True,False,True,True
277,277,2,False,51.083333333333336,Plus2Races,176252,Bachelors,False,True,True,1,True,False,False,True,True
278,278,2,True,30.08333333333333,WhiteOnly,50695,Graduate,True,False,False,1,True,False,False,True,False
279,279,2,True,29.08333333333333,Plus2Races,76176,Graduate,False,True,False,1,False,True,True,True,True
280,280,2,False,44.083333333333336,BlackOnly,56922,Graduate,False,False,False,1,False,True,False,True,False
281,281,2,False,54.083333333333336,WhiteOnly,50407,Bachelors,True,False,True,1,True,False,False,True,False
282,282,2,True,26.08333333333333,WhiteOnly,129524,Graduate,True,True,False,1,True,False,True,True,False
283,283,2,False,36.083333333333336,WhiteOnly,61594,Graduate,True,False,False,1,False,False,False,False,True
284,284,2,True,26.08333333333333,WhiteOnly,54556,Bachelors,True,False,False,1,True,False,False,False,True
285,285,2,False,50.083333333333336,WhiteOnly,52154,Bachelors,True,False,True,1,True,False,False,True,False
286,286,2,True,28.08333333333333,WhiteOnly,441019,HighSchoolOrCollege,True,True,False,1,False,True,False,False,False
287,287,2,False,32.083333333333336,AsianOnly,465442,Graduate,False,True,False,1,True,True,True,True,True
288,288,2,False,25.08333333333333,WhiteOnly,81451,Graduate,True,True,False,1,False,True,False,True,False
289,289,2,False,27.08333333333333,WhiteOnly,87830,Graduate,True,True,False,1,False,False,False,True,True
290,290,2,True,28.08333333333333,WhiteOnly,190301,Graduate,True,True,False,1,True,True,False,False,True
291,291,2,False,27.08333333333333,WhiteOnly,97436,Graduate,True,True,False,1,False,False,False,False,True
292,292,2,False,23.08333333333333,BlackOnly,69876,Graduate,False,False,False,1,False,True,False,True,False
293,293,2,False,40.083333333333336,WhiteOnly,86500,Graduate,True,True,False,1,False,False,False,True,True
294,294,2,False,28.08333333333333,WhiteOnly,71466,Bachelors,True,True,False,1,True,True,False,True,True
295,295,2,True,16.083333333333332,WhiteOnly,79190,Bachelors,True,True,False,1,True,True,False,True,True
296,296,2,False,38.083333333333336,WhiteOnly,424919,Bachelors,True,True,False,1,True,True,False,True,False
297,297,2,True,33.083333333333336,WhiteOnly,258217,Bachelors,True,True,False,1,True,True,False,True,False
298,298,2,True,45.083333333333336,WhiteOnly,29681,HighSchoolOrCollege,True,False,False,1,False,True,False,True,False
299,299,2,False,32.083333333333336,WhiteOnly,457475,Bachelors,True,True,False,1,True,False,False,True,True
300,300,2,True,21.08333333333333,WhiteOnly,95004,Bachelors,True,True,False,1,False,False,False,False,False
301,301,2,True,33.083333333333336,BlackOnly,43650,Bachelors,False,False,False,1,True,False,False,False,True
302,302,2,False,30.08333333333333,WhiteOnly,331831,Bachelors,True,True,False,1,False,True,True,False,True
303,303,2,True,28.08333333333333,WhiteOnly,203117,Graduate,True,True,False,1,True,True,False,True,True
304,304,2,True,23.08333333333333,WhiteOnly,160815,Bachelors,True,True,False,1,False,True,False,False,True
305,305,2,False,62.083333333333336,AsianOnly,74590,Graduate,False,True,True,1,True,True,True,True,True
306,306,2,False,37.083333333333336,BlackOnly,71740,Bachelors,False,True,False,1,True,False,False,True,True
307,307,2,True,26.08333333333333,BlackOnly,66216,Graduate,False,False,False,1,False,False,False,False,True
308,308,2,True,42.083333333333336,Plus2Races,57854,Bachelors,False,False,False,1,False,True,True,True,True
309,309,2,True,41.083333333333336,WhiteOnly,71281,Bachelors,True,True,False,1,False,False,False,False,False
310,310,2,False,28.08333333333333,WhiteOnly,151539,Graduate,True,True,False,1,False,True,False,True,False
311,311,2,True,23.08333333333333,WhiteOnly,93404,Graduate,True,True,False,1,True,True,True,True,True
312,312,2,False,32.083333333333336,BlackOnly,463231,Bachelors,False,True,False,1,True,True,False,True,True
313,313,2,False,38.083333333333336,WhiteOnly,420597,Bachelors,True,True,False,1,True,True,False,True,False
314,314,2,False,20.08333333333333,AsianOnly,83296,Bachelors,False,True,False,1,False,True,True,True,False
315,315,2,True,37.083333333333336,WhiteOnly,54361,HighSchoolOrCollege,True,False,False,1,False,False,False,False,False
316,316,2,False,29.08333333333333,WhiteOnly,262581,Bachelors,True,True,False,1,True,True,False,True,False
317,317,2,False,28.08333333333333,BlackOnly,445760,Graduate,False,True,False,1,True,False,True,False,True
318,318,2,True,39.083333333333336,WhiteOnly,60209,Graduate,True,False,False,1,False,True,False,False,True
319,319,2,True,45.083333333333336,WhiteOnly,51682,Bachelors,True,False,False,1,True,False,True,True,False
320,320,2,False,32.083333333333336,WhiteOnly,211305,Bachelors,True,True,False,1,True,False,False,False,True
321,321,2,False,44.083333333333336,WhiteOnly,451947,Graduate,True,True,False,1,False,False,False,True,False
322,322,2,False,43.083333333333336,AsianOnly,84040,Graduate,False,True,False,1,True,True,True,False,True
323,323,2,False,29.08333333333333,WhiteOnly,188411,Graduate,True,True,False,1,False,True,True,True,True
324,324,2,False,27.08333333333333,WhiteOnly,285866,Graduate,True,True,False,1,False,False,False,True,True
325,325,2,False,29.08333333333333,WhiteOnly,52223,Bachelors,True,False,False,1,True,True,False,True,False
326,326,2,True,48.083333333333336,WhiteOnly,425357,Bachelors,True,True,False,1,True,True,False,False,False
327,327,2,True,32.083333333333336,BlackOnly,59189,Graduate,False,False,False,1,False,False,False,False,False
328,328,2,False,38.083333333333336,WhiteOnly,314544,Graduate,True,True,False,1,True,False,True,False,True
329,329,2,False,32.083333333333336,WhiteOnly,72807,Graduate,True,True,False,1,True,True,True,True,False
330,330,2,False,22.08333333333333,WhiteOnly,457725,Graduate,True,True,False,1,False,False,False,True,True
331,331,2,False,29.08333333333333,Plus2Races,65575,Graduate,False,False,False,1,False,False,True,True,False
332,332,2,True,30.08333333333333,WhiteOnly,474266,HighSchoolOrCollege,True,True,False,1,True,True,False,False,False
333,333,2,True,34.083333333333336,AsianOnly,417066,Graduate,False,True,False,1,True,True,False,False,False
334,334,2,True,32.083333333333336,WhiteOnly,125887,Graduate,True,True,False,1,True,True,True,False,True
335,335,2,True,16.083333333333332,BlackOnly,86068,Bachelors,False,True,False,1,False,True,False,False,False
336,336,2,True,27.08333333333333,WhiteOnly,55981,HighSchoolOrCollege,True,False,False,1,True,False,False,False,True
337,337,2,True,27.08333333333333,WhiteOnly,143607,Bachelors,True,True,False,1,True,False,False,False,False
338,338,2,True,32.083333333333336,WhiteOnly,419691,Bachelors,True,True,False,1,True,False,False,False,False
339,339,2,False,29.08333333333333,BlackOnly,61521,Graduate,False,False,False,1,False,False,True,False,True
340,340,2,True,38.083333333333336,BlackOnly,273462,Graduate,False,True,False,1,True,True,False,True,False
341,341,2,True,27.08333333333333,WhiteOnly,17145,Graduate,True,False,False,1,True,False,False,False,False
342,342,2,True,26.08333333333333,Plus2Races,67044,Graduate,False,False,False,1,False,True,True,False,False
343,343,2,False,37.083333333333336,WhiteOnly,90477,Bachelors,True,True,False,1,False,True,False,True,False
344,344,2,False,32.083333333333336,AsianOnly,94020,Bachelors,False,True,False,1,True,False,True,True,False
345,345,2,True,27.08333333333333,WhiteOnly,93867,Graduate,True,True,False,1,True,False,False,True,False
346,346,2,False,47.083333333333336,WhiteOnly,60124,Graduate,True,False,False,1,True,False,False,False,True
347,347,2,False,37.083333333333336,WhiteOnly,457553,Bachelors,True,True,False,1,False,False,True,True,False
348,348,2,True,22.08333333333333,WhiteOnly,58496,Graduate,True,False,False,1,False,True,True,False,True
349,349,2,True,31.08333333333333,WhiteOnly,59370,Graduate,True,False,False,1,False,True,True,False,True
350,350,2,True,34.083333333333336,WhiteOnly,482548,Graduate,True,True,False,1,False,False,False,False,True
351,351,2,True,27.08333333333333,BlackOnly,83519,Graduate,False,True,False,1,False,True,True,False,True
352,352,2,False,31.08333333333333,WhiteOnly,91462,Graduate,True,True,False,1,False,True,False,True,True
353,353,2,False,34.083333333333336,Plus2Races,52632,Bachelors,False,False,False,1,False,False,True,False,True
354,354,2,False,33.083333333333336,WhiteOnly,417859,Graduate,True,True,False,1,False,False,True,True,True
355,355,2,True,30.08333333333333,WhiteOnly,67757,Graduate,True,False,False,1,False,False,False,False,False
356,356,2,False,35.083333333333336,WhiteOnly,128219,Graduate,True,True,False,1,True,True,True,True,True
357,357,2,False,42.083333333333336,WhiteOnly,82508,Graduate,True,True,False,1,False,True,False,False,True
358,358,2,True,53.083333333333336,WhiteOnly,78980,Bachelors,True,True,True,1,True,True,False,False,False
359,359,2,True,36.083333333333336,Other,205009,Bachelors,False,True,False,1,False,False,False,True,False
360,360,2,False,25.08333333333333,WhiteOnly,98735,Graduate,True,True,False,1,True,True,False,True,False
361,361,2,False,33.083333333333336,Plus2Races,331293,Bachelors,False,True,False,1,True,True,True,False,False
362,362,2,False,35.083333333333336,WhiteOnly,98786,Bachelors,True,True,False,1,True,False,False,True,True
363,363,2,False,23.08333333333333,WhiteOnly,85612,Graduate,True,True,False,1,True,False,False,True,True
364,364,2,True,36.083333333333336,AsianOnly,310379,Graduate,False,True,False,1,True,False,True,False,True
365,365,2,False,27.08333333333333,Plus2Races,246846,Graduate,False,True,False,1,True,True,False,True,False
366,366,2,True,36.083333333333336,WhiteOnly,94700,Bachelors,True,True,False,1,True,True,False,False,False
367,367,2,False,37.083333333333336,BlackOnly,55736,Graduate,False,False,False,1,True,False,False,False,True
368,368,2,False,32.083333333333336,WhiteOnly,65009,Graduate,True,False,False,1,False,True,False,True,True
369,369,2,True,27.08333333333333,WhiteOnly,98736,Bachelors,True,True,False,1,False,True,True,False,True
370,370,2,True,36.083333333333336,WhiteOnly,91299,Graduate,True,True,False,1,False,True,False,False,True
371,371,2,True,30.08333333333333,WhiteOnly,241227,Bachelors,True,True,False,1,False,True,True,True,False
372,372,2,True,50.083333333333336,WhiteOnly,280368,Graduate,True,True,True,1,True,False,False,False,True
373,373,2,False,26.08333333333333,WhiteOnly,86813,Bachelors,True,True,False,1,False,False,False,True,False
374,374,2,True,27.08333333333333,WhiteOnly,113433,Bachelors,True,True,False,1,True,True,True,True,False
375,375,2,True,32.083333333333336,BlackOnly,370244,Graduate,False,True,False,1,True,False,False,True,True
376,376,2,True,28.08333333333333,Other,360502,Graduate,False,True,False,1,True,True,False,True,True
377,377,2,True,29.08333333333333,WhiteOnly,68656,Bachelors,True,False,False,1,False,False,False,True,False
378,378,2,True,35.083333333333336,WhiteOnly,318329,Graduate,True,True,False,1,True,True,False,True,True
379,379,2,False,48.083333333333336,WhiteOnly,57403,Graduate,True,False,False,1,True,False,True,True,True
380,380,2,False,26.08333333333333,WhiteOnly,82046,Graduate,True,True,False,1,True,True,True,False,True
381,381,2,True,63.083333333333336,WhiteOnly,187856,Bachelors,True,True,True,1,False,True,False,True,False
382,382,2,True,28.08333333333333,BlackOnly,283108,Bachelors,False,True,False,1,True,True,False,False,False
383,383,2,False,32.083333333333336,WhiteOnly,483947,Graduate,True,True,False,1,True,True,True,True,False
384,384,2,False,30.08333333333333,WhiteOnly,324554,Graduate,True,True,False,1,True,True,True,False,True
385,385,2,False,31.08333333333333,WhiteOnly,51092,Bachelors,True,False,False,1,True,False,False,False,False
386,386,2,True,34.083333333333336,BlackOnly,439399,Graduate,False,True,False,1,False,True,False,True,True
387,387,2,True,32.083333333333336,WhiteOnly,73184,Graduate,True,True,False,1,False,False,False,True,True
388,388,2,True,33.083333333333336,BlackOnly,96407,Bachelors,False,True,False,1,False,False,True,False,True
389,389,2,True,37.083333333333336,WhiteOnly,69198,Graduate,True,False,False,1,True,True,False,True,False
390,390,2,True,30.08333333333333,AsianOnly,300831,Bachelors,False,True,False,1,True,True,True,False,True
391,391,2,False,31.08333333333333,WhiteOnly,208802,Graduate,True,True,False,1,False,True,False,True,False
392,392,2,False,25.08333333333333,Other,89573,Bachelors,False,True,False,1,True,True,False,True,True
393,393,2,True,57.083333333333336,WhiteOnly,310498,Bachelors,True,True,True,1,False,True,False,True,True
394,394,2,True,21.08333333333333,WhiteOnly,53407,Bachelors,True,False,False,1,False,True,False,False,False
395,395,2,False,30.08333333333333,AsianOnly,344658,Bachelors,False,True,False,1,True,False,False,True,True
396,396,2,True,38.083333333333336,WhiteOnly,476702,Bachelors,True,True,False,1,True,True,False,False,False
397,397,2,True,28.08333333333333,WhiteOnly,34245,Graduate,True,False,False,1,True,True,True,False,True
398,398,2,True,26.08333333333333,WhiteOnly,66014,Bachelors,True,False,False,1,True,False,False,True,True
399,399,2,False,25.08333333333333,WhiteOnly,98882,Graduate,True,True,False,1,True,True,False,True,True
400,400,2,True,32.083333333333336,WhiteOnly,38228,Graduate,True,False,False,1,True,True,False,False,True
401,401,2,True,27.08333333333333,AsianOnly,258984,Graduate,False,True,False,1,True,True,False,False,True
402,402,2,True,28.08333333333333,BlackOnly,53476,Graduate,False,False,False,1,False,False,True,False,False
403,403,2,True,27.08333333333333,WhiteOnly,48895,Graduate,True,False,False,1,False,False,False,False,True
404,404,2,False,31.08333333333333,Plus2Races,150197,Graduate,False,True,False,1,False,True,True,True,True
405,405,2,False,45.083333333333336,WhiteOnly,83868,Bachelors,True,True,False,1,True,False,False,True,True
406,406,2,False,29.08333333333333,WhiteOnly,95683,Bachelors,True,True,False,1,False,False,False,True,True
407,407,2,False,25.08333333333333,WhiteOnly,78216,Bachelors,True,True,False,1,False,False,False,True,False
408,408,2,True,38.083333333333336,AsianOnly,53088,Bachelors,False,False,False,1,True,True,True,False,False
409,409,2,False,25.08333333333333,Plus2Races,142765,Graduate,False,True,False,1,False,False,False,False,False
410,410,2,False,43.083333333333336,WhiteOnly,259095,Bachelors,True,True,False,1,True,True,True,True,False
411,411,2,True,39.083333333333336,WhiteOnly,104230,Bachelors,True,True,False,1,True,False,True,False,True
412,412,2,True,41.083333333333336,BlackOnly,22398,Graduate,False,False,False,1,False,False,False,True,False
413,413,2,True,40.083333333333336,WhiteOnly,75193,Graduate,True,True,False,1,False,False,False,False,True
414,414,2,False,34.083333333333336,AsianOnly,183264,Graduate,False,True,False,1,False,True,True,True,True
415,415,2,True,25.08333333333333,WhiteOnly,50163,Graduate,True,False,False,1,False,False,True,False,False
416,416,2,True,24.08333333333333,BlackOnly,54140,Bachelors,False,False,False,1,True,False,False,True,True
417,417,2,True,23.08333333333333,Plus2Races,94312,Bachelors,False,True,False,1,False,True,False,False,True
418,418,2,False,26.08333333333333,AsianOnly,58188,Graduate,False,False,False,1,False,True,True,True,False
419,419,2,False,37.083333333333336,WhiteOnly,42709,Graduate,True,False,False,1,False,False,False,True,True
420,420,2,False,26.08333333333333,Plus2Races,241293,Graduate,False,True,False,1,True,True,True,False,False
421,421,2,False,33.083333333333336,AsianOnly,87955,HighSchoolOrCollege,False,True,False,1,True,True,False,True,False
422,422,2,False,32.083333333333336,WhiteOnly,269543,Bachelors,True,True,False,1,True,True,False,True,False
423,423,2,True,45.083333333333336,WhiteOnly,91970,HighSchoolOrCollege,True,True,False,1,False,True,False,True,True
424,424,2,True,57.083333333333336,WhiteOnly,19402,Graduate,True,False,True,1,True,False,False,False,True
425,425,2,True,32.083333333333336,WhiteOnly,77903,Graduate,True,True,False,1,False,False,False,False,True
426,426,2,False,34.083333333333336,WhiteOnly,59797,Graduate,True,False,False,1,True,False,True,False,False
427,427,3,True,43.083333333333336,BlackOnly,132677,HighSchoolOrCollege,False,True,False,1,True,False,True,False,False
428,428,3,False,58.083333333333336,WhiteOnly,20223,HighSchoolOrCollege,True,False,True,1,True,False,False,True,False
429,429,3,False,33.083333333333336,Plus2Races,239336,Graduate,False,True,False,1,False,True,False,False,True
430,430,3,True,56.083333333333336,WhiteOnly,126517,HighSchoolOrCollege,True,True,True,1,True,True,False,True,True
431,431,3,False,24.08333333333333,WhiteOnly,121669,HighSchoolOrCollege,True,True,False,1,False,True,False,True,False
432,432,3,False,51.083333333333336,BlackOnly,321565,Low,False,True,True,1,True,True,False,True,True
433,433,3,False,30.08333333333333,BlackOnly,65151,Graduate,False,False,False,1,False,False,True,True,True
434,434,3,False,49.083333333333336,BlackOnly,493862,Bachelors,False,True,False,1,True,True,True,True,True
435,435,3,False,23.08333333333333,BlackOnly,67478,HighSchoolOrCollege,False,False,False,1,True,False,False,True,False
436,436,3,True,52.083333333333336,WhiteOnly,335941,HighSchoolOrCollege,True,True,True,1,False,True,True,True,False
437,437,3,False,56.083333333333336,AsianOnly,28315,HighSchoolOrCollege,False,False,True,1,True,True,True,True,False
438,438,3,False,34.083333333333336,BlackOnly,29362,HighSchoolOrCollege,False,False,False,1,False,True,True,False,False
439,439,3,False,26.08333333333333,Other,79443,HighSchoolOrCollege,False,True,False,1,False,True,False,True,False
440,440,3,False,40.083333333333336,WhiteOnly,132943,Bachelors,True,True,False,1,False,True,False,True,False
441,441,3,False,37.083333333333336,BlackOnly,470389,Graduate,False,True,False,1,True,False,False,True,True
442,442,3,True,27.08333333333333,WhiteOnly,36782,Graduate,True,False,False,1,True,True,True,True,True
443,443,3,True,21.08333333333333,WhiteOnly,41562,Bachelors,True,False,False,1,False,True,True,False,True
444,444,3,True,40.083333333333336,WhiteOnly,13357,HighSchoolOrCollege,True,False,False,1,True,False,False,True,False
445,445,3,True,34.083333333333336,BlackOnly,421727,HighSchoolOrCollege,False,True,False,1,True,True,True,False,True
446,446,3,True,35.083333333333336,BlackOnly,60367,HighSchoolOrCollege,False,False,False,1,True,True,True,False,False
447,447,3,True,27.08333333333333,WhiteOnly,426497,HighSchoolOrCollege,True,True,False,1,True,True,False,False,False
448,448,3,False,30.08333333333333,BlackOnly,94098,HighSchoolOrCollege,False,True,False,1,True,True,False,True,True
449,449,3,False,29.08333333333333,WhiteOnly,28077,Graduate,True,False,False,1,False,False,True,True,True
450,450,3,False,36.083333333333336,WhiteOnly,23241,Graduate,True,False,False,1,True,False,False,True,True
451,451,3,False,54.083333333333336,BlackOnly,174210,Bachelors,False,True,True,1,False,True,False,False,True
452,452,3,True,31.08333333333333,BlackOnly,380460,Bachelors,False,True,False,1,True,True,True,False,True
453,453,3,False,40.083333333333336,BlackOnly,38725,HighSchoolOrCollege,False,False,False,1,True,False,False,True,False
454,454,3,True,34.083333333333336,WhiteOnly,63572,Bachelors,True,False,False,1,False,False,False,False,False
455,455,3,False,33.083333333333336,BlackOnly,31056,HighSchoolOrCollege,False,False,False,1,False,False,False,True,False
456,456,3,False,31.08333333333333,WhiteOnly,468308,Bachelors,True,True,False,1,True,True,False,True,False
457,457,3,True,29.08333333333333,WhiteOnly,359704,HighSchoolOrCollege,True,True,False,1,True,True,True,False,False
458,458,3,True,31.08333333333333,BlackOnly,113622,Graduate,False,True,False,1,False,True,True,True,True
459,459,3,True,28.08333333333333,BlackOnly,171953,Graduate,False,True,False,1,False,True,False,True,True
460,460,3,False,29.08333333333333,WhiteOnly,10971,HighSchoolOrCollege,True,False,False,1,False,False,False,False,False
461,461,3,True,34.083333333333336,WhiteOnly,64383,Bachelors,True,False,False,1,True,False,False,True,True
462,462,3,True,25.08333333333333,BlackOnly,54885,Bachelors,False,False,False,1,True,False,True,True,False
463,463,3,True,35.083333333333336,BlackOnly,61268,Graduate,False,False,False,1,False,True,False,False,False
464,464,3,False,56.083333333333336,WhiteOnly,67981,HighSchoolOrCollege,True,False,True,1,True,False,False,True,False
465,465,3,True,39.083333333333336,WhiteOnly,311553,HighSchoolOrCollege,True,True,False,1,False,True,True,False,False
466,466,3,False,27.08333333333333,Plus2Races,199315,Bachelors,False,True,False,1,False,True,False,True,False
467,467,3,True,31.08333333333333,BlackOnly,44706,Bachelors,False,False,False,1,False,False,False,False,True
468,468,3,True,37.083333333333336,Plus2Races,43871,Bachelors,False,False,False,1,False,False,False,False,True
469,469,3,False,59.083333333333336,WhiteOnly,355593,Graduate,True,True,True,1,True,True,False,True,True
470,470,3,False,26.08333333333333,BlackOnly,66170,Bachelors,False,False,False,1,True,True,False,True,False
471,471,3,False,29.08333333333333,WhiteOnly,148582,Graduate,True,True,False,1,False,True,True,False,False
472,472,3,False,23.08333333333333,BlackOnly,272721,Graduate,False,True,False,1,False,True,False,False,True
473,473,3,False,34.083333333333336,WhiteOnly,454482,Bachelors,True,True,False,1,False,True,True,True,True
474,474,3,False,29.08333333333333,BlackOnly,60440,HighSchoolOrCollege,False,False,False,1,True,False,True,True,False
475,475,3,True,28.08333333333333,WhiteOnly,61399,Bachelors,True,False,False,1,True,False,True,True,False
476,476,3,False,34.083333333333336,BlackOnly,49454,HighSchoolOrCollege,False,False,False,1,False,True,True,True,False
477,477,3,True,29.08333333333333,WhiteOnly,141117,Bachelors,True,True,False,1,False,True,False,True,True
478,478,3,True,32.083333333333336,BlackOnly,57322,Graduate,False,False,False,1,True,False,False,False,True
479,479,3,False,35.083333333333336,WhiteOnly,40363,HighSchoolOrCollege,True,False,False,1,True,True,False,True,False
480,480,3,False,24.08333333333333,Plus2Races,468977,Bachelors,False,True,False,1,False,True,True,True,False
481,481,3,False,26.08333333333333,WhiteOnly,474743,Bachelors,True,True,False,1,False,True,False,True,False
482,482,3,False,25.08333333333333,WhiteOnly,33042,Bachelors,True,False,False,1,True,False,False,False,False
483,483,3,False,42.083333333333336,WhiteOnly,25651,Graduate,True,False,False,1,False,True,True,True,True
484,484,3,True,47.083333333333336,WhiteOnly,46264,Bachelors,True,False,False,1,False,True,False,False,True
485,485,3,True,20.08333333333333,AsianOnly,348981,Graduate,False,True,False,1,True,True,False,False,True
486,486,3,False,30.08333333333333,BlackOnly,53163,Graduate,False,False,False,1,False,False,True,True,True
487,487,3,False,25.08333333333333,BlackOnly,63210,HighSchoolOrCollege,False,False,False,1,False,True,True,True,False
488,488,3,True,33.083333333333336,Plus2Races,68330,HighSchoolOrCollege,False,False,False,1,False,False,False,True,False
489,489,3,False,19.08333333333333,BlackOnly,61409,Bachelors,False,False,False,1,False,False,True,True,False
490,490,3,False,20.08333333333333,BlackOnly,270689,HighSchoolOrCollege,False,True,False,1,False,True,True,True,False
491,491,3,True,28.08333333333333,AsianOnly,478903,Bachelors,False,True,False,1,True,True,False,False,False
492,492,3,True,41.083333333333336,WhiteOnly,73946,HighSchoolOrCollege,True,True,False,1,True,False,True,True,False
493,493,3,True,24.08333333333333,AsianOnly,374092,Bachelors,False,True,False,1,True,False,False,False,False
494,494,3,False,33.083333333333336,BlackOnly,80843,Graduate,False,True,False,1,True,False,False,False,True
495,495,3,False,41.083333333333336,WhiteOnly,146033,Graduate,True,True,False,1,True,False,True,True,True
496,496,3,False,21.08333333333333,BlackOnly,66740,HighSchoolOrCollege,False,False,False,1,False,False,False,False,True
497,497,3,False,37.083333333333336,BlackOnly,146947,HighSchoolOrCollege,False,True,False,1,False,True,True,True,False
498,498,3,False,21.08333333333333,BlackOnly,11122,Graduate,False,False,False,1,False,False,True,True,True
499,499,3,True,30.08333333333333,BlackOnly,311096,Bachelors,False,True,False,1,True,True,True,True,False
500,500,3,True,62.083333333333336,WhiteOnly,25268,HighSchoolOrCollege,True,False,True,1,True,True,True,False,False
501,501,3,False,32.083333333333336,WhiteOnly,13244,Bachelors,True,False,False,1,False,False,False,True,False
502,502,3,False,28.08333333333333,BlackOnly,63144,Bachelors,False,False,False,1,True,True,True,False,True
503,503,3,True,29.08333333333333,WhiteOnly,265064,Graduate,True,True,False,1,True,True,True,True,True
504,504,3,True,20.08333333333333,BlackOnly,14859,HighSchoolOrCollege,False,False,False,1,True,True,False,True,False
505,505,3,False,60.083333333333336,WhiteOnly,215775,HighSchoolOrCollege,True,True,True,1,True,True,False,True,False
506,506,3,True,27.08333333333333,WhiteOnly,31196,HighSchoolOrCollege,True,False,False,1,False,False,True,False,False
507,507,3,True,23.08333333333333,Other,439751,Bachelors,False,True,False,1,False,True,True,True,True
508,508,3,False,39.083333333333336,BlackOnly,40627,HighSchoolOrCollege,False,False,False,1,False,False,True,True,False
509,509,3,False,32.083333333333336,WhiteOnly,478432,Bachelors,True,True,False,1,True,True,True,False,True
510,510,3,False,23.08333333333333,WhiteOnly,50610,HighSchoolOrCollege,True,False,False,1,False,False,False,False,False
511,511,3,False,38.083333333333336,Plus2Races,36435,HighSchoolOrCollege,False,False,False,1,True,True,False,True,False
512,512,3,False,20.08333333333333,WhiteOnly,235312,Bachelors,True,True,False,1,False,True,False,True,True
513,513,3,False,24.08333333333333,AsianOnly,53065,Bachelors,False,False,False,1,True,False,False,True,True
514,514,3,False,39.083333333333336,BlackOnly,45165,Graduate,False,False,False,1,True,True,True,True,True
515,515,3,False,27.08333333333333,WhiteOnly,67742,HighSchoolOrCollege,True,False,False,1,True,False,False,False,False
516,516,3,False,26.08333333333333,WhiteOnly,52295,Low,True,False,False,1,False,False,False,True,False
517,517,3,False,35.083333333333336,WhiteOnly,82610,Bachelors,True,True,False,1,True,True,True,True,True
518,518,3,False,37.083333333333336,AsianOnly,32959,Low,False,False,False,1,False,False,True,True,False
519,519,3,False,30.08333333333333,AsianOnly,61275,HighSchoolOrCollege,False,False,False,1,False,False,False,False,False
520,520,3,False,31.08333333333333,BlackOnly,62240,Graduate,False,False,False,1,True,True,False,False,False
521,521,3,False,21.08333333333333,BlackOnly,235738,Bachelors,False,True,False,1,False,True,False,True,True
522,522,3,False,29.08333333333333,WhiteOnly,383253,HighSchoolOrCollege,True,True,False,1,False,True,False,True,False
523,523,3,True,47.083333333333336,AsianOnly,16097,Graduate,False,False,False,1,True,False,True,False,False
524,524,3,False,39.083333333333336,BlackOnly,66373,Graduate,False,False,False,1,True,False,True,True,True
525,525,3,False,18.08333333333333,BlackOnly,47117,Graduate,False,False,False,1,True,True,False,False,True
526,526,3,True,47.083333333333336,BlackOnly,28590,HighSchoolOrCollege,False,False,False,1,True,True,False,True,False
527,527,3,True,56.083333333333336,WhiteOnly,11836,HighSchoolOrCollege,True,False,True,1,True,False,True,False,True
528,528,3,False,48.083333333333336,BlackOnly,315578,Graduate,False,True,False,1,True,True,False,True,False
529,529,3,True,45.083333333333336,BlackOnly,56630,Bachelors,False,False,False,1,True,True,True,False,False
530,530,3,True,30.08333333333333,WhiteOnly,56450,HighSchoolOrCollege,True,False,False,1,False,True,True,True,True
531,531,3,False,23.08333333333333,BlackOnly,298657,Graduate,False,True,False,1,False,True,False,False,True
532,532,3,True,34.083333333333336,AsianOnly,365589,Graduate,False,True,False,1,True,True,True,True,True
533,533,3,True,25.08333333333333,BlackOnly,16731,Bachelors,False,False,False,1,True,False,False,False,False
534,534,3,False,25.08333333333333,BlackOnly,157572,Bachelors,False,True,False,1,False,True,False,True,True
535,535,3,False,34.083333333333336,BlackOnly,73832,Graduate,False,True,False,1,True,True,False,True,True
536,536,3,False,25.08333333333333,BlackOnly,10565,Graduate,False,False,False,1,False,True,False,True,True
537,537,3,False,33.083333333333336,WhiteOnly,215997,Graduate,True,True,False,1,True,False,False,True,True
538,538,3,True,57.083333333333336,WhiteOnly,424129,Bachelors,True,True,True,1,True,True,False,False,False
539,539,3,True,25.08333333333333,BlackOnly,59337,Bachelors,False,False,False,1,False,True,False,True,True
540,540,3,False,56.083333333333336,Plus2Races,176252,Bachelors,False,True,True,1,True,False,True,True,False
541,541,3,True,39.083333333333336,WhiteOnly,15695,Graduate,True,False,False,1,False,False,False,True,True
542,542,3,True,34.083333333333336,Plus2Races,51176,Bachelors,False,False,False,1,True,False,False,False,False
543,543,3,False,54.083333333333336,BlackOnly,21922,Graduate,False,False,True,1,False,True,False,False,True
544,544,3,False,56.083333333333336,WhiteOnly,25407,HighSchoolOrCollege,True,False,True,1,False,False,False,True,False
545,545,3,True,33.083333333333336,WhiteOnly,129524,Graduate,True,True,False,1,False,False,False,False,True
546,546,3,False,45.083333333333336,BlackOnly,36594,Graduate,False,False,False,1,True,False,True,False,False
547,547,3,True,23.08333333333333,WhiteOnly,19556,HighSchoolOrCollege,True,False,False,1,False,False,False,True,False
548,548,3,False,58.083333333333336,WhiteOnly,27154,Bachelors,True,False,True,1,True,False,False,True,True
549,549,3,True,27.08333333333333,BlackOnly,91019,HighSchoolOrCollege,False,True,False,1,True,True,False,True,True
550,550,3,False,40.083333333333336,AsianOnly,465442,Bachelors,False,True,False,1,True,True,True,False,False
551,551,3,False,31.08333333333333,BlackOnly,56451,Bachelors,False,False,False,1,True,False,True,True,False
552,552,3,False,34.083333333333336,WhiteOnly,62830,Bachelors,True,False,False,1,False,False,False,False,False
553,553,3,True,26.08333333333333,BlackOnly,190301,Graduate,False,True,False,1,True,True,False,False,False
554,554,3,False,32.083333333333336,BlackOnly,72436,Graduate,False,True,False,1,True,True,True,True,False
555,555,3,False,24.08333333333333,BlackOnly,44876,Bachelors,False,False,False,1,True,True,False,True,True
556,556,3,False,50.083333333333336,BlackOnly,86500,Bachelors,False,True,True,1,True,True,False,True,True
557,557,3,False,29.08333333333333,WhiteOnly,46466,HighSchoolOrCollege,True,False,False,1,False,False,False,True,False
558,558,3,True,18.08333333333333,WhiteOnly,79190,Bachelors,True,True,False,1,False,True,False,True,True
559,559,3,False,47.083333333333336,WhiteOnly,424919,Bachelors,True,True,False,1,False,True,False,True,False
560,560,3,True,36.083333333333336,WhiteOnly,83217,Bachelors,True,True,False,1,False,False,False,True,True
561,561,3,True,59.083333333333336,WhiteOnly,24681,Low,True,False,True,1,True,False,False,True,True
562,562,3,False,33.083333333333336,WhiteOnly,457475,HighSchoolOrCollege,True,True,False,1,False,True,False,False,False
563,563,3,True,21.08333333333333,BlackOnly,70004,HighSchoolOrCollege,False,True,False,1,False,False,False,False,False
564,564,3,True,32.083333333333336,BlackOnly,13650,Bachelors,False,False,False,1,False,False,False,False,True
565,565,3,False,44.083333333333336,BlackOnly,331831,HighSchoolOrCollege,False,True,False,1,False,True,False,True,True
566,566,3,True,25.08333333333333,BlackOnly,203117,Bachelors,False,True,False,1,True,False,False,True,True
567,567,3,True,23.08333333333333,WhiteOnly,160815,HighSchoolOrCollege,True,True,False,1,False,True,False,True,False
568,568,3,False,64.08333333333333,AsianOnly,49590,Graduate,False,False,True,1,True,False,False,True,True
569,569,3,False,41.083333333333336,BlackOnly,46740,HighSchoolOrCollege,False,False,False,1,False,True,True,True,False
570,570,3,True,29.08333333333333,BlackOnly,41216,Bachelors,False,False,False,1,False,False,True,True,True
571,571,3,True,50.083333333333336,Plus2Races,32854,HighSchoolOrCollege,False,False,True,1,True,True,False,False,True
572,572,3,True,51.083333333333336,WhiteOnly,46281,Bachelors,True,False,True,1,True,True,False,True,False
573,573,3,False,28.08333333333333,WhiteOnly,151539,Bachelors,True,True,False,1,True,True,False,False,False
574,574,3,True,24.08333333333333,BlackOnly,68404,Graduate,False,False,False,1,False,False,True,True,True
575,575,3,False,43.083333333333336,BlackOnly,463231,HighSchoolOrCollege,False,True,False,1,False,True,False,False,False
576,576,3,False,52.083333333333336,WhiteOnly,95597,HighSchoolOrCollege,True,True,True,1,True,True,False,False,False
577,577,3,False,16.083333333333332,AsianOnly,58296,HighSchoolOrCollege,False,False,False,1,False,False,True,True,False
578,578,3,True,45.083333333333336,WhiteOnly,29361,Low,True,False,False,1,True,True,True,False,False
579,579,3,False,31.08333333333333,WhiteOnly,87581,Bachelors,True,True,False,1,False,True,True,True,True
580,580,3,False,28.08333333333333,BlackOnly,445760,Graduate,False,True,False,1,True,True,False,True,False
581,581,3,True,40.083333333333336,WhiteOnly,35209,Bachelors,True,False,False,1,False,False,False,False,True
582,582,3,True,56.083333333333336,WhiteOnly,11682,HighSchoolOrCollege,True,False,True,1,True,False,False,False,False
583,583,3,False,38.083333333333336,BlackOnly,211305,HighSchoolOrCollege,False,True,False,1,True,True,False,True,False
584,584,3,False,52.083333333333336,WhiteOnly,451947,Graduate,True,True,True,1,True,True,True,True,True
585,585,3,False,50.083333333333336,AsianOnly,84040,Graduate,False,True,True,1,False,True,False,False,True
586,586,3,False,27.08333333333333,BlackOnly,188411,Bachelors,False,True,False,1,False,False,True,True,True
587,587,3,False,20.08333333333333,BlackOnly,285866,Bachelors,False,True,False,1,False,True,True,True,True
588,588,3,False,29.08333333333333,BlackOnly,27223,HighSchoolOrCollege,False,False,False,1,False,False,True,True,False
589,589,3,True,56.083333333333336,WhiteOnly,425357,HighSchoolOrCollege,True,True,True,1,True,False,False,False,False
590,590,3,True,38.083333333333336,BlackOnly,34189,Graduate,False,False,False,1,True,False,False,False,False
591,591,3,False,49.083333333333336,WhiteOnly,314544,Bachelors,True,True,False,1,False,True,False,True,True
592,592,3,False,37.083333333333336,BlackOnly,17807,Graduate,False,False,False,1,False,True,True,True,True
593,593,3,False,24.08333333333333,BlackOnly,457725,Bachelors,False,True,False,1,False,False,False,False,False
594,594,3,False,26.08333333333333,Plus2Races,40575,Bachelors,False,False,False,1,False,True,False,True,True
595,595,3,True,31.08333333333333,WhiteOnly,474266,Low,True,True,False,1,True,True,False,False,False
596,596,3,True,35.083333333333336,AmerIndianOnly,417066,Graduate,False,True,False,1,False,True,True,False,True
597,597,3,True,37.083333333333336,WhiteOnly,125887,Bachelors,True,True,False,1,True,True,True,False,False
598,598,3,True,19.08333333333333,BlackOnly,61068,HighSchoolOrCollege,False,False,False,1,False,False,True,True,True
599,599,3,True,26.08333333333333,BlackOnly,20981,HighSchoolOrCollege,False,False,False,1,False,False,True,True,False
600,600,3,True,28.08333333333333,BlackOnly,93607,Bachelors,False,True,False,1,False,True,True,False,True
601,601,3,True,43.083333333333336,WhiteOnly,419691,HighSchoolOrCollege,True,True,False,1,False,True,True,False,False
602,602,3,False,28.08333333333333,BlackOnly,21521,Graduate,False,False,False,1,True,False,False,True,True
603,603,3,True,42.083333333333336,BlackOnly,273462,Graduate,False,True,False,1,False,True,False,False,False
604,604,3,True,26.08333333333333,WhiteOnly,17145,Graduate,True,False,False,1,True,True,False,False,True
605,605,3,True,31.08333333333333,Plus2Races,42044,Graduate,False,False,False,1,True,False,False,False,True
606,606,3,False,47.083333333333336,WhiteOnly,65477,HighSchoolOrCollege,True,False,False,1,True,False,False,True,False
607,607,3,False,38.083333333333336,AsianOnly,69020,Bachelors,False,False,False,1,True,True,True,True,False
608,608,3,True,31.08333333333333,BlackOnly,68867,Graduate,False,False,False,1,False,False,False,False,False
609,609,3,False,57.083333333333336,WhiteOnly,15124,Graduate,True,False,True,1,False,False,True,True,False
610,610,3,False,47.083333333333336,WhiteOnly,82553,HighSchoolOrCollege,True,True,False,1,True,False,False,True,True
611,611,3,True,24.08333333333333,WhiteOnly,33496,Bachelors,True,False,False,1,True,False,True,False,True
612,612,4,True,48.083333333333336,BlackOnly,132677,HighSchoolOrCollege,False,True,False,1,False,False,False,True,True
613,613,4,False,62.083333333333336,WhiteOnly,223,HighSchoolOrCollege,True,False,True,1,True,False,False,True,True
614,614,4,False,31.08333333333333,Plus2Races,239336,Graduate,False,True,False,1,False,True,True,True,True
615,615,4,True,57.083333333333336,WhiteOnly,76517,HighSchoolOrCollege,True,True,True,1,True,False,False,False,False
616,616,4,False,24.08333333333333,BlackOnly,96669,Bachelors,False,True,False,1,True,False,True,False,False
617,617,4,False,59.083333333333336,BlackOnly,96565,Low,False,True,True,1,True,True,True,True,False
618,618,4,False,33.083333333333336,BlackOnly,65151,Graduate,False,False,False,1,True,False,False,True,True
619,619,4,False,54.083333333333336,BlackOnly,93862,Bachelors,False,True,True,1,True,True,True,True,False
620,620,4,True,24.08333333333333,BlackOnly,67478,HighSchoolOrCollege,False,False,False,1,True,False,False,False,True
621,621,4,True,58.083333333333336,WhiteOnly,335941,HighSchoolOrCollege,True,True,True,1,True,True,False,True,False
622,622,4,False,58.083333333333336,AsianOnly,28315,HighSchoolOrCollege,False,False,True,1,False,False,False,False,False
623,623,4,False,39.083333333333336,BlackOnly,29362,Bachelors,False,False,False,1,True,True,True,True,True
624,624,4,False,29.08333333333333,Other,79443,Bachelors,False,True,False,1,True,True,False,True,True
625,625,4,False,49.083333333333336,BlackOnly,132943,Bachelors,False,True,False,1,False,True,False,True,False
626,626,4,False,38.083333333333336,BlackOnly,95389,Graduate,False,True,False,1,False,True,True,True,False
627,627,4,True,34.083333333333336,WhiteOnly,36782,Graduate,True,False,False,1,True,False,False,True,False
628,628,4,True,26.08333333333333,BlackOnly,41562,Graduate,False,False,False,1,True,True,False,False,False
629,629,4,True,49.083333333333336,WhiteOnly,43357,HighSchoolOrCollege,True,False,False,1,False,False,True,True,False
630,630,4,True,38.083333333333336,BlackOnly,421727,HighSchoolOrCollege,False,True,False,1,False,True,False,True,True
631,631,4,True,43.083333333333336,BlackOnly,60367,HighSchoolOrCollege,False,False,False,1,False,False,False,False,False
632,632,4,True,34.083333333333336,WhiteOnly,76497,HighSchoolOrCollege,True,True,False,1,True,True,False,False,False
633,633,4,False,37.083333333333336,BlackOnly,94098,HighSchoolOrCollege,False,True,False,1,False,True,False,False,False
634,634,4,False,30.08333333333333,WhiteOnly,28077,Graduate,True,False,False,1,True,False,True,True,True
635,635,4,False,42.083333333333336,BlackOnly,23241,Graduate,False,False,False,1,True,False,False,True,True
636,636,4,False,52.083333333333336,BlackOnly,99210,Bachelors,False,True,True,1,False,True,True,False,True
637,637,4,True,39.083333333333336,BlackOnly,80460,Graduate,False,True,False,1,False,True,True,False,False
638,638,4,False,47.083333333333336,BlackOnly,38725,HighSchoolOrCollege,False,False,False,1,True,True,True,False,False
639,639,4,True,35.083333333333336,WhiteOnly,63572,Bachelors,True,False,False,1,False,False,False,False,True
640,640,4,False,32.083333333333336,AsianOnly,31056,Bachelors,False,False,False,1,False,False,True,True,True
641,641,4,False,34.083333333333336,WhiteOnly,468308,Bachelors,True,True,False,1,True,True,True,False,False
642,642,4,True,26.08333333333333,WhiteOnly,84704,HighSchoolOrCollege,True,True,False,1,False,False,True,False,False
643,643,4,True,34.083333333333336,BlackOnly,88622,Graduate,False,True,False,1,False,True,True,False,True
644,644,4,True,30.08333333333333,BlackOnly,171953,Graduate,False,True,False,1,False,True,True,True,True
645,645,4,False,32.083333333333336,WhiteOnly,10971,HighSchoolOrCollege,True,False,False,1,True,True,False,True,False
646,646,4,True,34.083333333333336,WhiteOnly,64383,Bachelors,True,False,False,1,False,False,False,True,False
647,647,4,True,32.083333333333336,BlackOnly,54885,Bachelors,False,False,False,1,False,False,False,True,False
648,648,4,True,44.083333333333336,BlackOnly,61268,Graduate,False,False,False,1,False,False,True,False,True
649,649,4,False,62.083333333333336,BlackOnly,67981,Bachelors,False,False,True,1,True,False,True,True,False
650,650,4,True,41.083333333333336,WhiteOnly,311553,Bachelors,True,True,False,1,False,True,True,False,False
651,651,4,False,26.08333333333333,Plus2Races,99315,Bachelors,False,True,False,1,True,False,True,True,True
652,652,4,True,39.083333333333336,BlackOnly,44706,Bachelors,False,False,False,1,True,False,True,False,True
653,653,4,True,45.083333333333336,Plus2Races,43871,Graduate,False,False,False,1,True,True,True,False,True
654,654,4,False,62.083333333333336,WhiteOnly,80593,Graduate,True,True,True,1,True,True,False,True,True
655,655,4,False,26.08333333333333,AmerIndianOnly,91170,Bachelors,False,True,False,1,True,True,False,False,False
656,656,4,False,30.08333333333333,WhiteOnly,98582,Graduate,True,True,False,1,True,True,False,True,True
657,657,4,False,23.08333333333333,BlackOnly,272721,Graduate,False,True,False,1,True,True,False,False,True
658,658,4,False,37.083333333333336,WhiteOnly,454482,Bachelors,True,True,False,1,False,True,False,True,False
659,659,4,False,34.083333333333336,AmerIndianOnly,60440,HighSchoolOrCollege,False,False,False,1,True,True,False,False,False
660,660,4,True,30.08333333333333,BlackOnly,61399,Bachelors,False,False,False,1,True,False,False,False,True
661,661,4,True,32.083333333333336,BlackOnly,49454,HighSchoolOrCollege,False,False,False,1,True,False,False,True,True
662,662,4,True,28.08333333333333,WhiteOnly,91117,Bachelors,True,True,False,1,True,True,False,False,True
663,663,4,True,36.083333333333336,BlackOnly,57322,Graduate,False,False,False,1,True,False,True,False,False
664,664,4,False,42.083333333333336,WhiteOnly,40363,HighSchoolOrCollege,True,False,False,1,True,True,False,True,False
665,665,4,False,23.08333333333333,Plus2Races,468977,Bachelors,False,True,False,1,False,True,False,True,True
666,666,4,False,30.08333333333333,WhiteOnly,474743,Bachelors,True,True,False,1,False,True,False,True,False
667,667,4,False,33.083333333333336,BlackOnly,33042,Bachelors,False,False,False,1,True,True,True,True,True
668,668,4,False,46.083333333333336,WhiteOnly,25651,Graduate,True,False,False,1,True,True,True,False,True
669,669,4,True,52.083333333333336,WhiteOnly,46264,Bachelors,True,False,True,1,False,False,True,True,False
670,670,4,True,26.08333333333333,AsianOnly,98981,Graduate,False,True,False,1,False,False,False,False,True
671,671,4,True,36.083333333333336,AsianOnly,78163,Graduate,False,True,False,1,False,True,True,False,True
672,672,4,False,31.08333333333333,BlackOnly,88210,HighSchoolOrCollege,False,True,False,1,False,True,False,True,False
673,673,4,True,39.083333333333336,Plus2Races,68330,HighSchoolOrCollege,False,False,False,1,True,False,True,True,False
674,674,4,True,18.08333333333333,BlackOnly,61409,Bachelors,False,False,False,1,False,False,False,False,True
675,675,4,False,25.08333333333333,BlackOnly,270689,Bachelors,False,True,False,1,True,True,True,True,True
676,676,4,True,31.08333333333333,AsianOnly,478903,Bachelors,False,True,False,1,True,True,False,False,False
677,677,4,True,48.083333333333336,WhiteOnly,98946,HighSchoolOrCollege,True,True,False,1,True,True,False,False,False
678,678,4,True,23.08333333333333,AsianOnly,374092,Bachelors,False,True,False,1,False,True,True,False,True
679,679,4,False,39.083333333333336,BlackOnly,80843,Graduate,False,True,False,1,True,True,True,True,True
680,680,4,False,45.083333333333336,BlackOnly,146033,Graduate,False,True,False,1,True,True,True,True,True
681,681,4,False,24.08333333333333,BlackOnly,66740,Bachelors,False,False,False,1,False,False,True,False,False
682,682,4,False,43.083333333333336,BlackOnly,96947,HighSchoolOrCollege,False,True,False,1,False,True,False,True,True
683,683,4,False,26.08333333333333,BlackOnly,46122,Graduate,False,False,False,1,True,True,False,True,False
684,684,4,True,37.083333333333336,BlackOnly,311096,Bachelors,False,True,False,1,True,False,True,False,False
685,685,4,True,63.083333333333336,WhiteOnly,25268,HighSchoolOrCollege,True,False,True,1,False,True,False,True,False
686,686,4,False,36.083333333333336,BlackOnly,13244,Graduate,False,False,False,1,False,True,False,True,True
687,687,4,False,26.08333333333333,BlackOnly,63144,Graduate,False,False,False,1,True,False,True,True,True
688,688,4,True,25.08333333333333,WhiteOnly,90064,Graduate,True,True,False,1,True,True,True,True,True
689,689,4,True,23.08333333333333,BlackOnly,39859,HighSchoolOrCollege,False,False,False,1,False,True,False,True,False
690,690,4,False,61.083333333333336,WhiteOnly,215775,HighSchoolOrCollege,True,True,True,1,True,True,True,True,False
691,691,4,True,29.08333333333333,WhiteOnly,31196,HighSchoolOrCollege,True,False,False,1,False,False,False,False,False
692,692,4,True,25.08333333333333,AsianOnly,439751,Bachelors,False,True,False,1,True,False,True,True,False
693,693,4,False,43.083333333333336,BlackOnly,40627,Bachelors,False,False,False,1,True,False,True,True,True
694,694,4,False,38.083333333333336,BlackOnly,478432,Graduate,False,True,False,1,False,True,True,True,True
695,695,4,True,21.08333333333333,BlackOnly,75610,HighSchoolOrCollege,False,True,False,1,True,False,True,True,False
696,696,4,True,39.083333333333336,Plus2Races,36435,Bachelors,False,False,False,1,True,False,False,False,True
697,697,4,False,22.08333333333333,BlackOnly,235312,Bachelors,False,True,False,1,False,False,True,False,False
698,698,4,False,23.08333333333333,AsianOnly,53065,Bachelors,False,False,False,1,False,False,False,True,True
699,699,4,False,37.083333333333336,BlackOnly,70165,Graduate,False,True,False,1,False,True,False,False,True
700,700,4,False,31.08333333333333,WhiteOnly,67742,HighSchoolOrCollege,True,False,False,1,False,False,False,True,False
701,701,4,False,34.083333333333336,WhiteOnly,77295,Low,True,True,False,1,True,True,False,True,True
702,702,4,False,41.083333333333336,WhiteOnly,82610,Bachelors,True,True,False,1,True,False,False,False,True
703,703,4,True,42.083333333333336,AsianOnly,32959,Low,False,False,False,1,True,True,True,False,True
704,704,4,False,32.083333333333336,AsianOnly,86275,HighSchoolOrCollege,False,True,False,1,True,True,False,False,False
705,705,4,False,39.083333333333336,BlackOnly,62240,Graduate,False,False,False,1,False,False,True,True,True
706,706,4,False,22.08333333333333,BlackOnly,235738,Bachelors,False,True,False,1,False,True,True,True,True
707,707,4,False,27.08333333333333,WhiteOnly,383253,HighSchoolOrCollege,True,True,False,1,True,True,False,True,False
708,708,4,True,50.083333333333336,AsianOnly,16097,Graduate,False,False,True,1,True,True,True,True,False
709,709,4,False,41.083333333333336,BlackOnly,66373,Graduate,False,False,False,1,True,False,True,True,True
710,710,4,False,15.083333333333334,BlackOnly,72117,Graduate,False,True,False,1,False,True,False,True,True
711,711,4,True,50.083333333333336,BlackOnly,28590,HighSchoolOrCollege,False,False,True,1,True,False,False,False,True
712,712,4,True,60.083333333333336,BlackOnly,11836,HighSchoolOrCollege,False,False,True,1,False,False,False,False,False
713,713,4,False,53.083333333333336,BlackOnly,90578,Graduate,False,True,True,1,False,False,True,True,True
714,714,4,True,52.083333333333336,BlackOnly,56630,Bachelors,False,False,True,1,True,False,True,False,True
715,715,4,True,34.083333333333336,BlackOnly,56450,HighSchoolOrCollege,False,False,False,1,True,False,False,False,False
716,716,4,True,29.08333333333333,BlackOnly,98657,Graduate,False,True,False,1,False,True,True,True,True
717,717,4,True,31.08333333333333,AsianOnly,90589,Graduate,False,True,False,1,True,True,False,False,True
718,718,4,True,28.08333333333333,BlackOnly,6731,Graduate,False,False,False,1,True,False,True,True,False
719,719,4,True,34.083333333333336,BlackOnly,157572,Graduate,False,True,False,1,True,True,True,True,True
720,720,4,False,39.083333333333336,BlackOnly,73832,Graduate,False,True,False,1,False,False,False,False,False
721,721,4,False,30.08333333333333,BlackOnly,10565,Graduate,False,False,False,1,False,True,False,True,True
722,722,4,False,35.083333333333336,WhiteOnly,90997,Graduate,True,True,False,1,False,False,False,True,True
723,723,4,True,61.083333333333336,WhiteOnly,424129,Bachelors,True,True,True,1,False,False,True,False,False
724,724,4,True,32.083333333333336,BlackOnly,59337,Bachelors,False,False,False,1,False,False,True,False,False
725,725,4,True,56.083333333333336,Other,176252,Bachelors,False,True,True,1,False,True,True,False,True
726,726,4,True,41.083333333333336,BlackOnly,15695,Graduate,False,False,False,1,False,False,False,True,True
727,727,4,True,32.083333333333336,Plus2Races,76176,Bachelors,False,True,False,1,False,True,True,False,True
728,728,4,False,56.083333333333336,BlackOnly,21922,Graduate,False,False,True,1,True,True,True,True,True
729,729,4,False,62.083333333333336,WhiteOnly,25407,HighSchoolOrCollege,True,False,True,1,False,True,True,False,True
730,730,4,True,36.083333333333336,WhiteOnly,129524,Graduate,True,True,False,1,False,True,True,True,True
731,731,4,True,53.083333333333336,BlackOnly,36594,Graduate,False,False,True,1,False,True,True,False,False
732,732,4,True,26.08333333333333,WhiteOnly,19556,Bachelors,True,False,False,1,False,False,False,True,True
733,733,4,False,55.083333333333336,WhiteOnly,27154,Bachelors,True,False,True,1,True,False,False,True,True
734,734,4,True,31.08333333333333,BlackOnly,91019,HighSchoolOrCollege,False,True,False,1,False,True,False,False,False
735,735,4,True,46.083333333333336,AsianOnly,90442,Bachelors,False,True,False,1,False,True,True,False,False
736,736,4,False,31.08333333333333,BlackOnly,56451,Graduate,False,False,False,1,True,True,False,True,True
737,737,4,False,34.083333333333336,WhiteOnly,62830,Bachelors,True,False,False,1,True,False,False,True,False
738,738,4,True,31.08333333333333,BlackOnly,90301,Graduate,False,True,False,1,True,True,False,True,True
739,739,4,False,30.08333333333333,BlackOnly,72436,Graduate,False,True,False,1,True,True,False,False,True
740,740,4,False,23.08333333333333,BlackOnly,44876,Bachelors,False,False,False,1,True,True,True,True,True
741,741,4,False,55.083333333333336,BlackOnly,86500,Bachelors,False,True,True,1,False,True,True,True,True
742,742,4,False,34.083333333333336,BlackOnly,46466,Bachelors,False,False,False,1,False,True,False,True,False
743,743,4,True,16.083333333333332,WhiteOnly,79190,Bachelors,True,True,False,1,False,True,True,True,True
744,744,4,True,50.083333333333336,WhiteOnly,99919,Bachelors,True,True,True,1,False,True,False,True,True
745,745,4,True,41.083333333333336,BlackOnly,83217,Bachelors,False,True,False,1,False,True,True,True,True
746,746,4,True,57.083333333333336,BlackOnly,24681,Low,False,False,True,1,True,False,False,False,False
747,747,4,False,36.083333333333336,WhiteOnly,457475,HighSchoolOrCollege,True,True,False,1,True,True,False,True,False
748,748,4,True,23.08333333333333,BlackOnly,95004,HighSchoolOrCollege,False,True,False,1,True,True,False,False,False
749,749,4,True,35.083333333333336,BlackOnly,3650,Bachelors,False,False,False,1,False,False,True,True,True
750,750,4,False,47.083333333333336,BlackOnly,81831,HighSchoolOrCollege,False,True,False,1,True,True,True,False,False
751,751,4,True,31.08333333333333,BlackOnly,203117,Graduate,False,True,False,1,False,True,True,False,False
752,752,4,True,20.08333333333333,WhiteOnly,85815,HighSchoolOrCollege,True,True,False,1,False,True,False,True,False
753,753,4,False,61.083333333333336,AsianOnly,49590,Graduate,False,False,True,1,True,False,True,True,False
754,754,4,False,48.083333333333336,BlackOnly,46740,HighSchoolOrCollege,False,False,False,1,False,False,False,True,False
755,755,4,True,26.08333333333333,BlackOnly,41216,Bachelors,False,False,False,1,True,True,True,True,False
756,756,4,True,58.083333333333336,Other,32854,HighSchoolOrCollege,False,False,True,1,True,True,True,False,False
757,757,4,True,51.083333333333336,WhiteOnly,46281,Bachelors,True,False,True,1,True,False,True,True,True
758,758,4,False,33.083333333333336,BlackOnly,76539,Bachelors,False,True,False,1,True,False,False,True,False
759,759,4,True,24.08333333333333,BlackOnly,68404,Graduate,False,False,False,1,False,False,False,True,False
760,760,4,False,47.083333333333336,BlackOnly,463231,HighSchoolOrCollege,False,True,False,1,True,False,True,True,False
761,761,4,False,51.083333333333336,WhiteOnly,95597,HighSchoolOrCollege,True,True,True,1,True,True,False,True,False
762,762,4,False,19.08333333333333,AsianOnly,83296,Bachelors,False,True,False,1,True,False,True,True,True
763,763,4,True,51.083333333333336,WhiteOnly,29361,Low,True,False,True,1,False,False,True,False,False
764,764,4,False,34.083333333333336,WhiteOnly,87581,Bachelors,True,True,False,1,True,True,False,True,True
765,765,4,True,28.08333333333333,BlackOnly,445760,Graduate,False,True,False,1,False,False,False,False,False
766,766,4,True,46.083333333333336,WhiteOnly,35209,Bachelors,True,False,False,1,True,True,True,True,False
767,767,4,True,55.083333333333336,WhiteOnly,26682,HighSchoolOrCollege,True,False,True,1,True,False,False,False,True
768,768,4,False,42.083333333333336,BlackOnly,86305,HighSchoolOrCollege,False,True,False,1,True,True,True,False,True
769,769,4,False,51.083333333333336,WhiteOnly,451947,Graduate,True,True,True,1,False,True,False,False,True
770,770,4,False,54.083333333333336,AsianOnly,84040,Graduate,False,True,True,1,True,True,True,True,True
771,771,4,False,32.083333333333336,BlackOnly,188411,Graduate,False,True,False,1,True,False,True,True,True
772,772,4,True,26.08333333333333,BlackOnly,285866,Bachelors,False,True,False,1,True,False,False,True,True
773,773,4,True,26.08333333333333,BlackOnly,27223,HighSchoolOrCollege,False,False,False,1,False,False,True,True,False
774,774,4,True,59.083333333333336,WhiteOnly,425357,HighSchoolOrCollege,True,True,True,1,True,True,False,False,True
775,775,4,True,39.083333333333336,BlackOnly,34189,Graduate,False,False,False,1,False,False,False,False,True
776,776,4,True,50.083333333333336,BlackOnly,314544,Graduate,False,True,True,1,True,True,True,False,True
777,777,4,False,43.083333333333336,BlackOnly,47807,Graduate,False,False,False,1,False,False,True,True,True
778,778,4,False,23.08333333333333,BlackOnly,82725,Bachelors,False,True,False,1,False,True,True,False,True
779,779,4,False,28.08333333333333,Plus2Races,40575,Bachelors,False,False,False,1,False,False,True,False,False
780,780,5,True,46.083333333333336,BlackOnly,132677,HighSchoolOrCollege,False,True,False,1,True,False,True,True,False
781,781,5,False,55.083333333333336,WhiteOnly,20223,HighSchoolOrCollege,True,False,True,1,True,False,False,True,False
782,782,5,False,31.08333333333333,Plus2Races,239336,Bachelors,False,True,False,1,True,False,False,True,True
783,783,5,True,56.083333333333336,WhiteOnly,126517,HighSchoolOrCollege,True,True,True,1,False,True,False,False,True
784,784,5,False,22.08333333333333,BlackOnly,121669,HighSchoolOrCollege,False,True,False,1,False,False,False,True,False
785,785,5,False,53.083333333333336,BlackOnly,321565,Low,False,True,True,1,True,True,True,False,False
786,786,5,False,30.08333333333333,BlackOnly,65151,Graduate,False,False,False,1,False,False,True,False,True
787,787,5,False,52.083333333333336,BlackOnly,493862,HighSchoolOrCollege,False,True,True,1,True,True,True,True,False
788,788,5,True,22.08333333333333,BlackOnly,42478,Low,False,False,False,1,True,False,True,False,False
789,789,5,True,52.083333333333336,WhiteOnly,335941,HighSchoolOrCollege,True,True,True,1,True,True,False,True,False
790,790,5,False,57.083333333333336,AsianOnly,28315,HighSchoolOrCollege,False,False,True,1,True,False,True,True,False
791,791,5,False,34.083333333333336,BlackOnly,29362,HighSchoolOrCollege,False,False,False,1,False,False,False,True,False
792,792,5,False,25.08333333333333,Other,79443,HighSchoolOrCollege,False,True,False,1,False,False,False,False,True
793,793,5,False,42.083333333333336,BlackOnly,132943,HighSchoolOrCollege,False,True,False,1,False,True,False,True,False
794,794,5,False,35.083333333333336,BlackOnly,470389,Graduate,False,True,False,1,True,False,False,True,True
795,795,5,True,29.08333333333333,WhiteOnly,36782,Bachelors,True,False,False,1,False,False,True,False,True
796,796,5,True,24.08333333333333,BlackOnly,41562,Bachelors,False,False,False,1,False,False,True,True,True
797,797,5,True,45.083333333333336,WhiteOnly,43357,HighSchoolOrCollege,True,False,False,1,True,True,False,False,False
798,798,5,True,37.083333333333336,BlackOnly,421727,HighSchoolOrCollege,False,True,False,1,True,False,False,False,False
799,799,5,True,38.083333333333336,BlackOnly,35367,HighSchoolOrCollege,False,False,False,1,False,True,True,True,False
800,800,5,True,25.08333333333333,WhiteOnly,426497,HighSchoolOrCollege,True,True,False,1,False,True,True,False,False
801,801,5,False,34.083333333333336,BlackOnly,94098,HighSchoolOrCollege,False,True,False,1,False,True,True,True,False
802,802,5,False,28.08333333333333,WhiteOnly,28077,Bachelors,True,False,False,1,True,False,False,False,True
803,803,5,False,39.083333333333336,BlackOnly,43241,Graduate,False,False,False,1,False,True,False,False,False
804,804,5,False,50.083333333333336,BlackOnly,174210,HighSchoolOrCollege,False,True,True,1,False,True,True,True,False
805,805,5,True,33.083333333333336,BlackOnly,380460,Bachelors,False,True,False,1,False,True,True,False,True
806,806,5,False,42.083333333333336,BlackOnly,38725,HighSchoolOrCollege,False,False,False,1,True,False,False,True,True
807,807,5,True,34.083333333333336,WhiteOnly,63572,HighSchoolOrCollege,True,False,False,1,False,True,False,True,False
808,808,5,False,29.08333333333333,BlackOnly,31056,HighSchoolOrCollege,False,False,False,1,False,True,True,True,False
809,809,5,False,26.08333333333333,WhiteOnly,468308,HighSchoolOrCollege,True,True,False,1,False,True,False,True,False
810,810,5,True,28.08333333333333,WhiteOnly,359704,HighSchoolOrCollege,True,True,False,1,False,True,False,True,True
811,811,5,True,31.08333333333333,BlackOnly,113622,Graduate,False,True,False,1,True,True,False,True,True
812,812,5,True,27.08333333333333,BlackOnly,171953,Graduate,False,True,False,1,False,True,True,False,False
813,813,5,False,29.08333333333333,WhiteOnly,10971,HighSchoolOrCollege,True,False,False,1,False,True,True,True,False
814,814,5,True,32.083333333333336,WhiteOnly,64383,HighSchoolOrCollege,True,False,False,1,True,True,False,True,False
815,815,5,True,26.08333333333333,BlackOnly,54885,HighSchoolOrCollege,False,False,False,1,False,True,False,False,False
816,816,5,True,38.083333333333336,BlackOnly,61268,Graduate,False,False,False,1,True,False,True,False,False
817,817,5,False,55.083333333333336,BlackOnly,42981,HighSchoolOrCollege,False,False,True,1,True,False,True,True,False
818,818,5,True,39.083333333333336,WhiteOnly,311553,HighSchoolOrCollege,True,True,False,1,True,True,True,False,False
819,819,5,False,28.08333333333333,Plus2Races,199315,HighSchoolOrCollege,False,True,False,1,False,True,False,False,False
820,820,5,True,34.083333333333336,BlackOnly,44706,HighSchoolOrCollege,False,False,False,1,False,False,False,False,False
821,821,5,True,40.083333333333336,Plus2Races,43871,Bachelors,False,False,False,1,True,False,True,False,True
822,822,5,False,57.083333333333336,WhiteOnly,355593,Bachelors,True,True,True,1,False,True,False,True,True
823,823,5,False,20.08333333333333,BlackOnly,91170,Bachelors,False,True,False,1,False,True,False,True,True
824,824,5,False,26.08333333333333,WhiteOnly,148582,Bachelors,True,True,False,1,True,False,False,True,True
825,825,5,False,22.08333333333333,BlackOnly,272721,Graduate,False,True,False,1,True,True,False,True,True
826,826,5,False,33.083333333333336,WhiteOnly,454482,HighSchoolOrCollege,True,True,False,1,True,False,False,False,False
827,827,5,False,29.08333333333333,BlackOnly,60440,HighSchoolOrCollege,False,False,False,1,False,False,True,True,False
828,828,5,True,25.08333333333333,BlackOnly,36399,HighSchoolOrCollege,False,False,False,1,True,False,True,True,False
829,829,5,False,29.08333333333333,BlackOnly,49454,HighSchoolOrCollege,False,False,False,1,False,False,True,True,False
830,830,5,True,27.08333333333333,WhiteOnly,141117,HighSchoolOrCollege,True,True,False,1,False,False,False,True,True
831,831,5,True,34.083333333333336,BlackOnly,32322,Graduate,False,False,False,1,True,False,True,False,False
832,832,5,False,38.083333333333336,WhiteOnly,40363,HighSchoolOrCollege,True,False,False,1,True,True,False,True,False
833,833,5,False,23.08333333333333,Plus2Races,468977,Bachelors,False,True,False,1,True,False,False,True,False
834,834,5,False,26.08333333333333,WhiteOnly,474743,HighSchoolOrCollege,True,True,False,1,True,True,False,True,False
835,835,5,False,29.08333333333333,BlackOnly,33042,HighSchoolOrCollege,False,False,False,1,False,False,True,False,True
836,836,5,False,41.083333333333336,WhiteOnly,25651,Graduate,True,False,False,1,True,True,False,False,True
837,837,5,True,52.083333333333336,WhiteOnly,46264,HighSchoolOrCollege,True,False,True,1,True,True,False,True,False
838,838,5,True,23.08333333333333,Other,348981,Graduate,False,True,False,1,False,True,True,False,False
839,839,5,False,30.08333333333333,BlackOnly,53163,Bachelors,False,False,False,1,False,False,False,False,False
840,840,5,False,28.08333333333333,BlackOnly,88210,HighSchoolOrCollege,False,True,False,1,True,True,False,False,True
841,841,5,True,31.08333333333333,Plus2Races,68330,HighSchoolOrCollege,False,False,False,1,False,False,True,True,False
842,842,5,True,16.083333333333332,BlackOnly,36409,HighSchoolOrCollege,False,False,False,1,False,False,True,False,False
843,843,5,False,24.08333333333333,BlackOnly,270689,HighSchoolOrCollege,False,True,False,1,True,False,True,True,False
844,844,5,True,27.08333333333333,AsianOnly,478903,Bachelors,False,True,False,1,True,True,True,True,True
845,845,5,True,47.083333333333336,WhiteOnly,73946,HighSchoolOrCollege,True,True,False,1,False,True,False,True,True
846,846,5,True,24.08333333333333,AsianOnly,374092,HighSchoolOrCollege,False,True,False,1,False,True,False,True,False
847,847,5,False,32.083333333333336,BlackOnly,80843,Graduate,False,True,False,1,False,True,True,True,True
848,848,5,False,46.083333333333336,BlackOnly,146033,Bachelors,False,True,False,1,True,True,False,True,True
849,849,5,False,20.08333333333333,BlackOnly,66740,HighSchoolOrCollege,False,False,False,1,False,True,False,True,False
850,850,5,False,42.083333333333336,BlackOnly,146947,HighSchoolOrCollege,False,True,False,1,False,False,False,True,True
851,851,5,False,24.08333333333333,BlackOnly,46122,Graduate,False,False,False,1,True,False,False,True,True
852,852,5,True,34.083333333333336,BlackOnly,311096,HighSchoolOrCollege,False,True,False,1,False,False,False,False,True
853,853,5,True,64.08333333333333,WhiteOnly,25268,HighSchoolOrCollege,True,False,True,1,False,False,True,False,True
854,854,5,False,34.083333333333336,BlackOnly,13244,Bachelors,False,False,False,1,False,False,False,False,True
855,855,5,False,21.08333333333333,BlackOnly,38144,Bachelors,False,False,False,1,False,True,True,True,False
856,856,5,True,20.08333333333333,WhiteOnly,265064,Graduate,True,True,False,1,True,False,True,True,True
857,857,5,True,20.08333333333333,BlackOnly,39859,HighSchoolOrCollege,False,False,False,1,False,True,False,False,False
858,858,5,False,64.08333333333333,WhiteOnly,215775,HighSchoolOrCollege,True,True,True,1,False,True,False,True,True
859,859,5,True,23.08333333333333,WhiteOnly,31196,HighSchoolOrCollege,True,False,False,1,False,True,False,False,False
860,860,5,True,20.08333333333333,Other,439751,HighSchoolOrCollege,False,True,False,1,False,True,False,False,True
861,861,5,False,36.083333333333336,BlackOnly,40627,HighSchoolOrCollege,False,False,False,1,False,True,False,True,True
862,862,5,False,38.083333333333336,BlackOnly,478432,Bachelors,False,True,False,1,False,True,False,True,False
863,863,5,False,23.08333333333333,BlackOnly,75610,HighSchoolOrCollege,False,True,False,1,False,True,True,True,False
864,864,5,True,39.083333333333336,Plus2Races,36435,HighSchoolOrCollege,False,False,False,1,True,False,True,False,True
865,865,5,False,16.083333333333332,BlackOnly,235312,Bachelors,False,True,False,1,False,True,False,True,True
866,866,5,False,19.08333333333333,AsianOnly,53065,HighSchoolOrCollege,False,False,False,1,False,False,True,True,False
867,867,5,False,37.083333333333336,BlackOnly,45165,Graduate,False,False,False,1,False,False,False,True,True
868,868,5,False,25.08333333333333,WhiteOnly,67742,HighSchoolOrCollege,True,False,False,1,True,False,True,True,False
869,869,5,False,25.08333333333333,WhiteOnly,52295,Low,True,False,False,1,False,False,True,True,True
870,870,5,False,37.083333333333336,WhiteOnly,82610,Bachelors,True,True,False,1,False,False,False,True,True
871,871,5,False,39.083333333333336,AsianOnly,32959,Low,False,False,False,1,True,False,True,True,False
872,872,5,False,29.08333333333333,AsianOnly,86275,HighSchoolOrCollege,False,True,False,1,True,True,True,False,False
873,873,5,False,34.083333333333336,BlackOnly,37240,Graduate,False,False,False,1,True,False,True,True,True
874,874,5,False,20.08333333333333,BlackOnly,235738,Bachelors,False,True,False,1,True,False,True,True,False
875,875,5,False,23.08333333333333,WhiteOnly,383253,HighSchoolOrCollege,True,True,False,1,False,False,True,False,False
876,876,5,True,50.083333333333336,AsianOnly,16097,Graduate,False,False,True,1,True,False,True,True,True
877,877,5,False,38.083333333333336,BlackOnly,66373,Graduate,False,False,False,1,False,False,False,True,True
878,878,5,False,19.08333333333333,BlackOnly,47117,Bachelors,False,False,False,1,False,False,False,True,True
879,879,5,True,47.083333333333336,BlackOnly,28590,HighSchoolOrCollege,False,False,False,1,True,True,False,False,False
880,880,5,True,55.083333333333336,BlackOnly,36836,HighSchoolOrCollege,False,False,True,1,True,False,False,False,False
881,881,5,False,46.083333333333336,BlackOnly,315578,Bachelors,False,True,False,1,False,False,True,True,False
882,882,5,True,45.083333333333336,BlackOnly,56630,HighSchoolOrCollege,False,False,False,1,False,False,True,False,True
883,883,5,True,28.08333333333333,BlackOnly,56450,HighSchoolOrCollege,False,False,False,1,True,True,False,False,False
884,884,5,False,24.08333333333333,BlackOnly,298657,Bachelors,False,True,False,1,True,True,False,True,True
885,885,5,True,34.083333333333336,AsianOnly,365589,Bachelors,False,True,False,1,False,True,True,False,True
886,886,5,True,26.08333333333333,BlackOnly,16731,Bachelors,False,False,False,1,False,False,False,False,True
887,887,5,True,29.08333333333333,BlackOnly,157572,Bachelors,False,True,False,1,False,True,True,False,True
888,888,5,False,37.083333333333336,BlackOnly,73832,Graduate,False,True,False,1,False,True,False,True,False
889,889,5,False,27.08333333333333,BlackOnly,10565,Graduate,False,False,False,1,False,False,True,False,True
890,890,5,False,32.083333333333336,WhiteOnly,215997,Bachelors,True,True,False,1,False,False,False,True,True
891,891,5,True,56.083333333333336,WhiteOnly,424129,HighSchoolOrCollege,True,True,True,1,False,True,False,True,False
892,892,5,True,29.08333333333333,BlackOnly,59337,HighSchoolOrCollege,False,False,False,1,True,False,False,False,False
893,893,5,False,56.083333333333336,Plus2Races,176252,HighSchoolOrCollege,False,True,True,1,True,True,True,True,False
894,894,5,True,35.083333333333336,BlackOnly,25695,Bachelors,False,False,False,1,True,True,False,False,True
895,895,5,True,26.08333333333333,Plus2Races,76176,HighSchoolOrCollege,False,True,False,1,True,True,False,False,True
896,896,5,False,50.083333333333336,BlackOnly,31922,Graduate,False,False,True,1,False,False,False,False,True
897,897,5,False,64.08333333333333,WhiteOnly,25407,HighSchoolOrCollege,True,False,True,1,False,False,False,True,False
898,898,5,True,34.083333333333336,WhiteOnly,129524,Bachelors,True,True,False,1,True,False,False,False,False
899,899,5,False,52.083333333333336,BlackOnly,36594,Bachelors,False,False,True,1,False,False,True,True,True
900,900,5,True,20.08333333333333,WhiteOnly,29556,HighSchoolOrCollege,True,False,False,1,False,True,True,False,False
901,901,5,False,55.083333333333336,WhiteOnly,27154,HighSchoolOrCollege,True,False,True,1,False,True,False,True,True
902,902,5,True,25.08333333333333,BlackOnly,91019,Low,False,True,False,1,True,True,True,False,False
903,903,5,False,41.083333333333336,AsianOnly,465442,Bachelors,False,True,False,1,False,True,True,True,True
904,904,5,False,28.08333333333333,BlackOnly,56451,Bachelors,False,False,False,1,True,False,False,True,True
905,905,5,False,34.083333333333336,WhiteOnly,62830,Bachelors,True,False,False,1,False,False,False,False,False
906,906,5,True,25.08333333333333,BlackOnly,190301,Bachelors,False,True,False,1,False,True,False,False,False
907,907,5,False,31.08333333333333,BlackOnly,72436,Bachelors,False,True,False,1,True,True,False,False,True
908,908,5,False,23.08333333333333,BlackOnly,44876,Bachelors,False,False,False,1,False,True,True,True,False
909,909,5,False,52.083333333333336,BlackOnly,86500,Bachelors,False,True,True,1,True,False,True,False,False
910,910,5,False,28.08333333333333,BlackOnly,46466,HighSchoolOrCollege,False,False,False,1,False,False,True,True,False
911,911,5,True,19.08333333333333,WhiteOnly,79190,HighSchoolOrCollege,True,True,False,1,False,True,False,False,False
912,912,5,True,45.083333333333336,BlackOnly,424919,HighSchoolOrCollege,False,True,False,1,True,True,False,False,False
913,913,5,True,38.083333333333336,BlackOnly,258217,HighSchoolOrCollege,False,True,False,1,True,True,False,False,True
914,914,5,True,55.083333333333336,BlackOnly,24681,Low,False,False,True,1,False,False,False,False,False
915,915,5,False,32.083333333333336,WhiteOnly,457475,HighSchoolOrCollege,True,True,False,1,True,False,True,False,False
916,916,5,True,21.08333333333333,BlackOnly,95004,HighSchoolOrCollege,False,True,False,1,False,True,False,True,True
917,917,5,True,34.083333333333336,BlackOnly,13650,HighSchoolOrCollege,False,False,False,1,True,False,True,False,True
918,918,5,False,44.083333333333336,BlackOnly,331831,HighSchoolOrCollege,False,True,False,1,True,True,True,False,False
919,919,5,True,28.08333333333333,BlackOnly,203117,Bachelors,False,True,False,1,False,True,False,False,False
920,920,5,True,18.08333333333333,WhiteOnly,160815,HighSchoolOrCollege,True,True,False,1,False,True,False,False,False
921,921,5,False,64.08333333333333,AsianOnly,49590,Bachelors,False,False,True,1,True,True,True,False,True
922,922,5,False,40.083333333333336,BlackOnly,46740,HighSchoolOrCollege,False,False,False,1,False,True,True,True,True
923,923,5,True,21.08333333333333,BlackOnly,41216,Bachelors,False,False,False,1,False,False,True,False,False
924,924,5,True,54.083333333333336,Plus2Races,32854,HighSchoolOrCollege,False,False,True,1,False,True,False,False,False
925,925,5,True,50.083333333333336,WhiteOnly,46281,HighSchoolOrCollege,True,False,True,1,True,False,True,False,True
926,926,5,False,29.08333333333333,BlackOnly,151539,Bachelors,False,True,False,1,True,True,False,True,True
927,927,5,True,21.08333333333333,BlackOnly,43404,Bachelors,False,False,False,1,False,True,True,False,False
928,928,5,False,43.083333333333336,BlackOnly,463231,HighSchoolOrCollege,False,True,False,1,False,True,False,False,False
929,929,5,False,50.083333333333336,WhiteOnly,95597,HighSchoolOrCollege,True,True,True,1,False,True,False,False,False
930,930,5,False,18.08333333333333,AsianOnly,83296,HighSchoolOrCollege,False,True,False,1,False,False,False,True,False
931,931,5,True,48.083333333333336,WhiteOnly,29361,Low,True,False,False,1,False,True,False,True,False
932,932,5,False,32.083333333333336,WhiteOnly,87581,HighSchoolOrCollege,True,True,False,1,True,False,False,True,True
933,933,5,False,26.08333333333333,BlackOnly,445760,Bachelors,False,True,False,1,True,True,False,True,True
934,934,5,True,46.083333333333336,WhiteOnly,35209,HighSchoolOrCollege,True,False,False,1,True,True,True,False,False
935,935,5,True,57.083333333333336,WhiteOnly,26682,HighSchoolOrCollege,True,False,True,1,True,False,False,True,True
936,936,5,False,35.083333333333336,BlackOnly,211305,HighSchoolOrCollege,False,True,False,1,True,True,False,False,False
937,937,5,False,54.083333333333336,WhiteOnly,451947,Graduate,True,True,True,1,False,True,False,True,True
938,938,5,False,54.083333333333336,Other,84040,Bachelors,False,True,True,1,True,True,True,False,True
939,939,5,False,27.08333333333333,BlackOnly,188411,Bachelors,False,True,False,1,False,False,True,True,True
940,940,5,False,20.08333333333333,BlackOnly,285866,Bachelors,False,True,False,1,True,True,True,True,False
941,941,5,False,24.08333333333333,BlackOnly,27223,HighSchoolOrCollege,False,False,False,1,True,True,False,True,False
942,942,5,True,56.083333333333336,WhiteOnly,425357,HighSchoolOrCollege,True,True,True,1,True,False,False,False,False
943,943,5,True,37.083333333333336,BlackOnly,34189,Graduate,False,False,False,1,False,False,False,False,False
944,944,5,False,47.083333333333336,BlackOnly,314544,Bachelors,False,True,False,1,False,False,False,True,False
945,945,5,False,38.083333333333336,BlackOnly,47807,Graduate,False,False,False,1,False,True,False,True,True
946,946,5,False,19.08333333333333,BlackOnly,457725,HighSchoolOrCollege,False,True,False,1,False,False,True,False,True
947,947,5,False,21.08333333333333,Plus2Races,40575,Bachelors,False,False,False,1,False,False,False,True,False
948,948,5,True,34.083333333333336,WhiteOnly,474266,Low,True,True,False,1,False,True,False,False,False
949,949,5,True,35.083333333333336,BlackOnly,417066,Graduate,False,True,False,1,False,True,True,False,True
950,950,5,True,36.083333333333336,WhiteOnly,125887,HighSchoolOrCollege,True,True,False,1,True,True,True,False,False
951,951,5,True,16.083333333333332,BlackOnly,61068,HighSchoolOrCollege,False,False,False,1,False,False,False,False,True
952,952,5,True,29.08333333333333,BlackOnly,30981,HighSchoolOrCollege,False,False,False,1,False,False,False,False,False
953,953,5,True,22.08333333333333,BlackOnly,93607,HighSchoolOrCollege,False,True,False,1,False,False,False,True,True
954,954,5,True,42.083333333333336,WhiteOnly,419691,HighSchoolOrCollege,True,True,False,1,False,False,True,False,False
955,955,5,False,26.08333333333333,BlackOnly,36521,Graduate,False,False,False,1,True,False,False,True,True
956,956,5,True,49.083333333333336,BlackOnly,273462,Graduate,False,True,False,1,False,True,False,False,True
957,957,5,True,27.08333333333333,WhiteOnly,17145,Bachelors,True,False,False,1,True,False,True,False,True
958,958,5,True,28.08333333333333,Plus2Races,42044,Graduate,False,False,False,1,True,False,True,False,True
959,959,5,True,48.083333333333336,WhiteOnly,65477,HighSchoolOrCollege,True,False,False,1,False,True,True,False,False
960,960,5,False,36.083333333333336,AsianOnly,69020,HighSchoolOrCollege,False,False,False,1,False,False,True,True,True
961,961,5,True,34.083333333333336,BlackOnly,68867,Graduate,False,False,False,1,False,False,False,False,True
962,962,5,False,55.083333333333336,BlackOnly,35124,Bachelors,False,False,True,1,True,True,True,True,False
963,963,5,False,52.083333333333336,BlackOnly,82553,HighSchoolOrCollege,False,True,True,1,True,False,True,True,False
964,964,5,True,15.083333333333334,WhiteOnly,33496,Bachelors,True,False,False,1,False,False,False,True,False
965,965,5,True,34.083333333333336,BlackOnly,34370,Bachelors,False,False,False,1,True,False,True,False,True
966,966,5,True,39.083333333333336,BlackOnly,482548,Graduate,False,True,False,1,False,True,False,True,False
967,967,5,True,33.083333333333336,BlackOnly,83519,Bachelors,False,True,False,1,True,True,True,False,True
968,968,6,True,49.083333333333336,BlackOnly,32677,HighSchoolOrCollege,False,False,False,1,False,False,False,False,False
969,969,6,False,63.083333333333336,BlackOnly,223,HighSchoolOrCollege,False,False,True,1,True,False,True,True,True
970,970,6,False,33.083333333333336,Plus2Races,239336,HighSchoolOrCollege,False,True,False,1,False,True,True,True,True
971,971,6,True,59.083333333333336,BlackOnly,26517,Low,False,False,True,1,True,False,True,False,False
972,972,6,False,19.08333333333333,BlackOnly,46669,HighSchoolOrCollege,False,False,False,1,True,True,False,True,True
973,973,6,False,57.083333333333336,BlackOnly,46565,Low,False,False,True,1,False,True,True,True,True
974,974,6,False,34.083333333333336,BlackOnly,40151,Bachelors,False,False,False,1,True,False,True,True,True
975,975,6,False,51.083333333333336,BlackOnly,43862,HighSchoolOrCollege,False,False,True,1,True,False,True,False,False
976,976,6,True,18.08333333333333,BlackOnly,42478,Low,False,False,False,1,False,False,True,False,False
977,977,6,True,56.083333333333336,WhiteOnly,85941,Low,True,True,True,1,False,True,True,False,False
978,978,6,False,59.083333333333336,BlackOnly,3315,HighSchoolOrCollege,False,False,True,1,True,False,False,False,True
979,979,6,False,39.083333333333336,BlackOnly,29362,HighSchoolOrCollege,False,False,False,1,True,True,False,False,False
980,980,6,False,26.08333333333333,BlackOnly,29443,HighSchoolOrCollege,False,False,False,1,False,False,True,False,False
981,981,6,False,48.083333333333336,BlackOnly,57943,HighSchoolOrCollege,False,False,False,1,True,False,True,True,False
982,982,6,False,36.083333333333336,BlackOnly,45389,Graduate,False,False,False,1,False,False,False,True,False
983,983,6,True,29.08333333333333,BlackOnly,11782,HighSchoolOrCollege,False,False,False,1,False,True,True,True,False
984,984,6,True,20.08333333333333,BlackOnly,16562,HighSchoolOrCollege,False,False,False,1,False,True,True,False,True
985,985,6,True,46.083333333333336,BlackOnly,3357,Low,False,False,False,1,True,True,False,True,False
986,986,6,True,38.083333333333336,BlackOnly,96727,Low,False,True,False,1,False,True,True,True,False
987,987,6,True,43.083333333333336,BlackOnly,35367,HighSchoolOrCollege,False,False,False,1,True,True,False,False,False
988,988,6,True,28.08333333333333,BlackOnly,26497,Low,False,False,False,1,True,True,True,False,False
989,989,6,False,39.083333333333336,BlackOnly,44098,Low,False,False,False,1,True,True,False,True,False
990,990,6,False,27.08333333333333,BlackOnly,13077,HighSchoolOrCollege,False,False,False,1,False,False,True,True,False
991,991,6,False,38.083333333333336,BlackOnly,3241,Graduate,False,False,False,1,True,False,True,False,False
992,992,6,False,52.083333333333336,BlackOnly,49210,HighSchoolOrCollege,False,False,True,1,True,False,True,False,False
993,993,6,True,35.083333333333336,BlackOnly,30460,HighSchoolOrCollege,False,False,False,1,True,False,False,False,False
994,994,6,False,45.083333333333336,BlackOnly,23725,Low,False,False,False,1,True,False,False,True,True
995,995,6,True,36.083333333333336,BlackOnly,38572,HighSchoolOrCollege,False,False,False,1,False,False,False,False,True
996,996,6,False,32.083333333333336,BlackOnly,6056,HighSchoolOrCollege,False,False,False,1,False,False,False,True,False
997,997,6,False,33.083333333333336,WhiteOnly,68308,HighSchoolOrCollege,True,False,False,1,True,True,False,True,True
998,998,6,True,26.08333333333333,BlackOnly,34704,Low,False,False,False,1,True,False,True,False,True
999,999,6,True,32.083333333333336,BlackOnly,38622,Bachelors,False,False,False,1,False,False,False,False,False
1000,1000,6,True,25.08333333333333,BlackOnly,71953,Graduate,False,True,False,1,True,False,True,False,True
1001,1001,6,False,25.08333333333333,BlackOnly,971,HighSchoolOrCollege,False,False,False,1,True,False,False,True,False
1002,1002,6,True,32.083333333333336,WhiteOnly,39383,HighSchoolOrCollege,True,False,False,1,False,True,False,False,False
1003,1003,6,True,27.08333333333333,BlackOnly,29885,HighSchoolOrCollege,False,False,False,1,True,True,True,True,False
1004,1004,6,True,39.083333333333336,BlackOnly,36268,Bachelors,False,False,False,1,True,True,True,False,False
1005,1005,6,False,62.083333333333336,BlackOnly,42981,HighSchoolOrCollege,False,False,True,1,False,False,True,True,False
1006,1006,6,True,37.083333333333336,BlackOnly,36553,HighSchoolOrCollege,False,False,False,1,True,True,True,False,False
1007,1007,6,False,28.08333333333333,Plus2Races,49315,HighSchoolOrCollege,False,False,False,1,True,True,True,True,False
1008,1008,6,True,39.083333333333336,BlackOnly,4706,HighSchoolOrCollege,False,False,False,1,False,False,True,False,True
1009,1009,6,True,44.083333333333336,Other,13871,HighSchoolOrCollege,False,False,False,1,True,False,False,False,False
1010,1010,6,False,60.083333333333336,BlackOnly,30593,HighSchoolOrCollege,False,False,True,1,True,False,True,True,False
1011,1011,6,False,21.08333333333333,BlackOnly,41170,HighSchoolOrCollege,False,False,False,1,False,True,True,False,True
1012,1012,6,False,27.08333333333333,BlackOnly,48582,Bachelors,False,False,False,1,False,True,False,True,True
1013,1013,6,False,24.08333333333333,BlackOnly,72721,Bachelors,False,True,False,1,True,True,False,True,True
1014,1014,6,False,34.083333333333336,BlackOnly,54482,HighSchoolOrCollege,False,False,False,1,True,False,True,True,True
1015,1015,6,False,26.08333333333333,BlackOnly,35440,Low,False,False,False,1,True,True,True,True,True
1016,1016,6,True,29.08333333333333,BlackOnly,36399,HighSchoolOrCollege,False,False,False,1,False,False,False,False,False
1017,1017,6,False,33.083333333333336,BlackOnly,14454,Low,False,False,False,1,True,False,True,True,False
1018,1018,6,True,25.08333333333333,BlackOnly,41117,HighSchoolOrCollege,False,False,False,1,True,False,False,False,False
1019,1019,6,True,39.083333333333336,BlackOnly,32322,Bachelors,False,False,False,1,True,True,True,False,True
1020,1020,6,False,38.083333333333336,BlackOnly,10363,Low,False,False,False,1,False,False,True,False,False
1021,1021,6,False,16.083333333333332,Plus2Races,68977,HighSchoolOrCollege,False,False,False,1,False,False,False,True,False
1022,1022,6,False,28.08333333333333,BlackOnly,99743,HighSchoolOrCollege,False,True,False,1,False,False,True,True,True
1023,1023,6,False,27.08333333333333,BlackOnly,23042,HighSchoolOrCollege,False,False,False,1,False,False,False,True,True
1024,1024,6,False,49.083333333333336,BlackOnly,5651,Bachelors,False,False,False,1,True,True,True,True,False
1025,1025,6,True,54.083333333333336,BlackOnly,16264,HighSchoolOrCollege,False,False,True,1,True,False,False,False,True
1026,1026,6,True,20.08333333333333,BlackOnly,48981,Graduate,False,False,False,1,False,True,False,False,True
1027,1027,6,False,35.083333333333336,BlackOnly,28163,Bachelors,False,False,False,1,True,False,False,False,False
1028,1028,6,False,29.08333333333333,BlackOnly,38210,Low,False,False,False,1,False,False,True,True,False
1029,1029,6,True,35.083333333333336,Plus2Races,43330,HighSchoolOrCollege,False,False,False,1,True,True,False,False,False
1030,1030,6,False,17.083333333333332,BlackOnly,36409,HighSchoolOrCollege,False,False,False,1,False,True,False,False,False
1031,1031,6,False,23.08333333333333,BlackOnly,45689,HighSchoolOrCollege,False,False,False,1,False,True,False,False,False
1032,1032,6,True,29.08333333333333,BlackOnly,78903,HighSchoolOrCollege,False,True,False,1,False,True,True,False,False
1033,1033,6,True,49.083333333333336,BlackOnly,48946,Low,False,False,False,1,False,False,False,False,False
1034,1034,6,True,17.083333333333332,BlackOnly,49092,HighSchoolOrCollege,False,False,False,1,True,False,False,False,False
1035,1035,6,False,30.08333333333333,BlackOnly,30843,Bachelors,False,False,False,1,True,False,False,False,True
1036,1036,6,False,45.083333333333336,BlackOnly,71033,HighSchoolOrCollege,False,True,False,1,True,True,True,False,True
1037,1037,6,False,18.08333333333333,BlackOnly,41740,HighSchoolOrCollege,False,False,False,1,True,False,False,True,False
1038,1038,6,False,41.083333333333336,BlackOnly,46947,Low,False,False,False,1,False,True,False,True,False
1039,1039,6,False,20.08333333333333,BlackOnly,1122,Graduate,False,False,False,1,False,False,False,False,False
1040,1040,6,True,33.083333333333336,BlackOnly,61096,HighSchoolOrCollege,False,False,False,1,False,True,False,True,True
1041,1041,6,True,60.083333333333336,BlackOnly,15268,HighSchoolOrCollege,False,False,True,1,False,False,True,False,False
1042,1042,6,False,38.083333333333336,BlackOnly,3244,HighSchoolOrCollege,False,False,False,1,False,False,True,False,False
1043,1043,6,False,21.08333333333333,BlackOnly,38144,HighSchoolOrCollege,False,False,False,1,True,True,True,True,True
1044,1044,6,True,24.08333333333333,BlackOnly,40064,Bachelors,False,False,False,1,False,False,False,False,True
1045,1045,6,True,18.08333333333333,BlackOnly,9859,HighSchoolOrCollege,False,False,False,1,False,True,True,True,False
1046,1046,6,False,63.083333333333336,BlackOnly,90775,Low,False,True,True,1,True,False,False,True,False
1047,1047,6,True,20.08333333333333,BlackOnly,1196,HighSchoolOrCollege,False,False,False,1,True,False,True,True,False
1048,1048,6,True,22.08333333333333,BlackOnly,39751,HighSchoolOrCollege,False,False,False,1,False,True,True,False,True
1049,1049,6,False,40.083333333333336,BlackOnly,627,HighSchoolOrCollege,False,False,False,1,True,False,True,True,False
1050,1050,6,False,37.083333333333336,BlackOnly,78432,HighSchoolOrCollege,False,True,False,1,True,False,False,True,False
1051,1051,6,False,17.083333333333332,BlackOnly,25610,Low,False,False,False,1,True,False,True,True,True
1052,1052,6,False,35.083333333333336,Other,16435,HighSchoolOrCollege,False,False,False,1,False,False,False,True,False
1053,1053,6,False,18.08333333333333,BlackOnly,85312,HighSchoolOrCollege,False,True,False,1,False,False,False,True,False
1054,1054,6,False,16.083333333333332,BlackOnly,28065,HighSchoolOrCollege,False,False,False,1,False,False,True,False,False
1055,1055,6,False,37.083333333333336,BlackOnly,45165,Bachelors,False,False,False,1,True,False,True,False,True
1056,1056,6,False,27.08333333333333,BlackOnly,42742,Low,False,False,False,1,False,True,False,False,False
1057,1057,6,False,29.08333333333333,BlackOnly,27295,Low,False,False,False,1,True,False,False,True,True
1058,1058,6,False,43.083333333333336,BlackOnly,32610,HighSchoolOrCollege,False,False,False,1,True,True,False,False,False
1059,1059,6,False,39.083333333333336,BlackOnly,17959,Low,False,False,False,1,True,False,True,True,True
1060,1060,6,False,32.083333333333336,BlackOnly,36275,Low,False,False,False,1,True,False,True,True,True
1061,1061,6,False,39.083333333333336,BlackOnly,37240,Bachelors,False,False,False,1,False,True,True,False,False
1062,1062,6,False,18.08333333333333,BlackOnly,35738,HighSchoolOrCollege,False,False,False,1,False,False,False,False,False
1063,1063,6,False,28.08333333333333,WhiteOnly,58253,Low,True,False,False,1,True,False,True,True,False
1064,1064,6,True,51.083333333333336,BlackOnly,1097,Graduate,False,False,True,1,True,True,True,False,False
1065,1065,6,False,40.083333333333336,BlackOnly,41373,Graduate,False,False,False,1,False,False,False,True,True
1066,1066,6,False,16.083333333333332,BlackOnly,47117,Bachelors,False,False,False,1,True,True,True,False,True
1067,1067,6,True,45.083333333333336,BlackOnly,8590,HighSchoolOrCollege,False,False,False,1,True,False,True,False,False
1068,1068,6,True,63.083333333333336,BlackOnly,1836,HighSchoolOrCollege,False,False,True,1,False,False,True,False,False
1069,1069,6,False,54.083333333333336,BlackOnly,40578,Bachelors,False,False,True,1,True,False,False,True,True
1070,1070,6,True,50.083333333333336,BlackOnly,31630,HighSchoolOrCollege,False,False,True,1,True,False,False,True,False
1071,1071,6,True,32.083333333333336,BlackOnly,31450,Low,False,False,False,1,True,False,False,False,False
1072,1072,6,False,24.08333333333333,BlackOnly,48657,HighSchoolOrCollege,False,False,False,1,False,True,False,True,False
1073,1073,6,True,31.08333333333333,BlackOnly,40589,HighSchoolOrCollege,False,False,False,1,False,False,False,True,False
1074,1074,6,True,25.08333333333333,BlackOnly,6731,HighSchoolOrCollege,False,False,False,1,True,False,False,False,False
1075,1075,6,True,28.08333333333333,BlackOnly,32572,HighSchoolOrCollege,False,False,False,1,True,False,False,True,False
1076,1076,6,False,37.083333333333336,BlackOnly,48832,Graduate,False,False,False,1,True,True,True,False,True
1077,1077,6,False,28.08333333333333,BlackOnly,565,Bachelors,False,False,False,1,False,False,True,True,True
1078,1078,6,False,35.083333333333336,BlackOnly,40997,HighSchoolOrCollege,False,False,False,1,True,True,True,True,False
1079,1079,6,True,61.083333333333336,BlackOnly,49129,HighSchoolOrCollege,False,False,True,1,True,False,True,False,False
1080,1080,6,True,26.08333333333333,BlackOnly,34337,HighSchoolOrCollege,False,False,False,1,False,True,False,False,False
1081,1081,6,False,55.083333333333336,AsianOnly,51252,HighSchoolOrCollege,False,False,True,1,True,False,True,False,False
1082,1082,6,True,42.083333333333336,BlackOnly,695,Bachelors,False,False,False,1,False,False,False,False,False
1083,1083,6,True,33.083333333333336,Other,26176,HighSchoolOrCollege,False,False,False,1,False,True,False,False,False
1084,1084,6,False,59.083333333333336,BlackOnly,1922,Graduate,False,False,True,1,False,False,True,False,False
1085,1085,6,False,63.083333333333336,BlackOnly,10407,Low,False,False,True,1,True,False,False,True,True
1086,1086,6,True,30.08333333333333,WhiteOnly,79524,Bachelors,True,True,False,1,False,True,False,True,True
1087,1087,6,False,50.083333333333336,BlackOnly,6594,HighSchoolOrCollege,False,False,True,1,True,False,False,False,False
1088,1088,6,True,21.08333333333333,BlackOnly,4556,HighSchoolOrCollege,False,False,False,1,True,True,True,True,True
1089,1089,6,False,55.083333333333336,BlackOnly,27154,HighSchoolOrCollege,False,False,True,1,True,False,False,False,True
1090,1090,6,True,29.08333333333333,BlackOnly,41019,Low,False,False,False,1,False,True,False,True,False
1091,1091,6,False,47.083333333333336,BlackOnly,40442,HighSchoolOrCollege,False,False,False,1,False,False,True,False,False
1092,1092,6,False,34.083333333333336,BlackOnly,31451,HighSchoolOrCollege,False,False,False,1,False,False,False,False,False
1093,1093,6,False,30.08333333333333,BlackOnly,37830,HighSchoolOrCollege,False,False,False,1,True,True,False,True,False
1094,1094,6,True,27.08333333333333,BlackOnly,40301,HighSchoolOrCollege,False,False,False,1,False,False,False,False,False
1095,1095,6,False,31.08333333333333,BlackOnly,47436,HighSchoolOrCollege,False,False,False,1,False,True,True,False,False
1096,1096,6,False,22.08333333333333,BlackOnly,24876,HighSchoolOrCollege,False,False,False,1,True,True,True,False,False
1097,1097,6,False,55.083333333333336,BlackOnly,36500,HighSchoolOrCollege,False,False,True,1,True,False,True,True,False
1098,1098,6,False,32.083333333333336,BlackOnly,46466,HighSchoolOrCollege,False,False,False,1,False,False,False,True,True
1099,1099,6,True,19.08333333333333,BlackOnly,29190,HighSchoolOrCollege,False,False,False,1,False,False,True,True,False
1100,1100,6,True,53.083333333333336,BlackOnly,49919,HighSchoolOrCollege,False,False,True,1,True,True,True,False,False
1101,1101,6,True,42.083333333333336,BlackOnly,33217,HighSchoolOrCollege,False,False,False,1,True,False,False,False,True
1102,1102,6,True,56.083333333333336,BlackOnly,9681,Low,False,False,True,1,True,False,False,False,False
1103,1103,6,False,38.083333333333336,BlackOnly,82475,HighSchoolOrCollege,False,True,False,1,True,False,True,True,False
1104,1104,6,True,16.083333333333332,BlackOnly,45004,Low,False,False,False,1,False,True,True,False,False
1105,1105,6,True,35.083333333333336,BlackOnly,3650,HighSchoolOrCollege,False,False,False,1,False,False,True,True,False
1106,1106,6,False,49.083333333333336,BlackOnly,31831,HighSchoolOrCollege,False,False,False,1,True,True,True,True,False
1107,1107,6,True,27.08333333333333,BlackOnly,28117,HighSchoolOrCollege,False,False,False,1,False,False,True,True,False
1108,1108,6,True,19.08333333333333,BlackOnly,35815,HighSchoolOrCollege,False,False,False,1,False,True,True,False,False
1109,1109,6,False,61.083333333333336,BlackOnly,9590,HighSchoolOrCollege,False,False,True,1,True,False,False,False,False
1110,1110,6,False,46.083333333333336,BlackOnly,1740,Low,False,False,False,1,True,False,False,False,False
1111,1111,6,True,21.08333333333333,BlackOnly,11216,HighSchoolOrCollege,False,False,False,1,True,True,True,False,False
1112,1112,6,True,56.083333333333336,AsianOnly,12854,Low,False,False,True,1,True,True,True,True,False
1113,1113,6,True,51.083333333333336,WhiteOnly,6281,HighSchoolOrCollege,True,False,True,1,True,True,False,True,False
1114,1114,6,False,26.08333333333333,BlackOnly,26539,HighSchoolOrCollege,False,False,False,1,True,False,False,True,True
1115,1115,6,True,16.083333333333332,BlackOnly,43404,Bachelors,False,False,False,1,False,True,False,True,False
1116,1116,6,False,45.083333333333336,BlackOnly,63231,Low,False,False,False,1,False,False,False,True,False
1117,1117,6,False,53.083333333333336,BlackOnly,45597,Low,False,False,True,1,True,True,False,True,False
1118,1118,6,False,17.083333333333332,BlackOnly,33296,HighSchoolOrCollege,False,False,False,1,False,False,False,True,True
1119,1119,6,True,52.083333333333336,BlackOnly,19361,Low,False,False,True,1,True,False,False,True,False
1120,1120,6,False,30.08333333333333,BlackOnly,37581,HighSchoolOrCollege,False,False,False,1,True,True,True,True,False
1121,1121,6,False,29.08333333333333,BlackOnly,95760,Bachelors,False,True,False,1,True,True,False,True,True
1122,1122,6,True,45.083333333333336,BlackOnly,15209,HighSchoolOrCollege,False,False,False,1,True,True,False,True,True
1123,1123,6,True,59.083333333333336,BlackOnly,6682,Low,False,False,True,1,True,True,True,True,False
1124,1124,6,False,43.083333333333336,BlackOnly,36305,Low,False,False,False,1,True,True,False,True,True
1125,1125,6,False,53.083333333333336,BlackOnly,51947,Graduate,False,False,True,1,True,False,False,True,True
1126,1126,6,False,51.083333333333336,BlackOnly,34040,Bachelors,False,False,True,1,True,True,False,True,True
1127,1127,6,False,32.083333333333336,BlackOnly,63411,HighSchoolOrCollege,False,False,False,1,False,False,True,True,True
1128,1128,6,False,20.08333333333333,BlackOnly,60866,HighSchoolOrCollege,False,False,False,1,False,True,False,True,True
1129,1129,6,False,21.08333333333333,BlackOnly,22223,Low,False,False,False,1,False,False,True,True,False
1130,1130,6,True,55.083333333333336,BlackOnly,50357,HighSchoolOrCollege,False,False,True,1,False,False,True,True,False
1131,1131,6,True,39.083333333333336,BlackOnly,24189,Bachelors,False,False,False,1,True,False,True,True,True
1132,1132,6,False,52.083333333333336,BlackOnly,64544,HighSchoolOrCollege,False,False,True,1,True,True,False,True,True
1133,1133,6,False,41.083333333333336,BlackOnly,7807,Bachelors,False,False,False,1,False,True,True,True,False
1134,1134,6,False,16.083333333333332,BlackOnly,32725,HighSchoolOrCollege,False,False,False,1,False,False,True,True,False
1135,1135,6,False,28.08333333333333,Plus2Races,5575,HighSchoolOrCollege,False,False,False,1,False,False,True,True,False
1136,1136,6,True,38.083333333333336,BlackOnly,74266,Low,False,True,False,1,False,True,True,False,False
1137,1137,6,True,38.083333333333336,BlackOnly,42066,Graduate,False,False,False,1,False,True,False,True,True
1138,1138,7,True,48.083333333333336,BlackOnly,57677,HighSchoolOrCollege,False,False,False,1,True,True,False,False,True
1139,1139,7,False,60.083333333333336,BlackOnly,20223,HighSchoolOrCollege,False,False,True,1,True,True,False,True,False
1140,1140,7,False,33.083333333333336,Plus2Races,89336,Bachelors,False,True,False,1,True,False,True,True,False
1141,1141,7,True,56.083333333333336,BlackOnly,26517,HighSchoolOrCollege,False,False,True,1,True,True,True,False,False
1142,1142,7,False,16.083333333333332,BlackOnly,71669,HighSchoolOrCollege,False,True,False,1,False,False,True,False,False
1143,1143,7,False,56.083333333333336,BlackOnly,46565,Low,False,False,True,1,True,False,False,True,True
1144,1144,7,False,33.083333333333336,BlackOnly,40151,Bachelors,False,False,False,1,False,False,True,False,True
1145,1145,7,False,51.083333333333336,BlackOnly,68862,HighSchoolOrCollege,False,False,True,1,True,False,True,True,False
1146,1146,7,False,19.08333333333333,BlackOnly,42478,Low,False,False,False,1,False,True,False,False,False
1147,1147,7,True,58.083333333333336,WhiteOnly,85941,Low,True,True,True,1,False,True,False,True,True
1148,1148,7,False,60.083333333333336,BlackOnly,28315,HighSchoolOrCollege,False,False,True,1,False,True,True,True,False
1149,1149,7,False,35.083333333333336,BlackOnly,29362,HighSchoolOrCollege,False,False,False,1,False,False,True,True,False
1150,1150,7,False,27.08333333333333,BlackOnly,29443,HighSchoolOrCollege,False,False,False,1,True,False,True,False,False
1151,1151,7,False,47.083333333333336,BlackOnly,57943,HighSchoolOrCollege,False,False,False,1,False,False,True,False,False
1152,1152,7,False,36.083333333333336,BlackOnly,45389,Graduate,False,False,False,1,True,False,True,True,True
1153,1153,7,True,25.08333333333333,BlackOnly,36782,Bachelors,False,False,False,1,True,False,False,True,False
1154,1154,7,True,22.08333333333333,BlackOnly,41562,Bachelors,False,False,False,1,False,True,False,False,False
1155,1155,7,True,46.083333333333336,BlackOnly,43357,Low,False,False,False,1,False,False,True,False,True
1156,1156,7,True,38.083333333333336,BlackOnly,96727,Low,False,True,False,1,False,True,False,False,False
1157,1157,7,True,40.083333333333336,BlackOnly,35367,HighSchoolOrCollege,False,False,False,1,False,False,True,True,False
1158,1158,7,True,26.08333333333333,BlackOnly,26497,Low,False,False,False,1,True,False,True,False,False
1159,1159,7,False,32.083333333333336,BlackOnly,44098,Low,False,False,False,1,True,True,False,False,False
1160,1160,7,False,28.08333333333333,BlackOnly,28077,Bachelors,False,False,False,1,True,False,False,False,True
1161,1161,7,False,37.083333333333336,BlackOnly,23241,Graduate,False,False,False,1,False,False,False,False,True
1162,1162,7,False,58.083333333333336,BlackOnly,49210,HighSchoolOrCollege,False,False,True,1,True,True,True,True,True
1163,1163,7,True,38.083333333333336,BlackOnly,30460,Bachelors,False,False,False,1,True,False,True,False,False
1164,1164,7,False,46.083333333333336,BlackOnly,38725,Low,False,False,False,1,False,True,False,True,False
1165,1165,7,True,34.083333333333336,BlackOnly,38572,HighSchoolOrCollege,False,False,False,1,False,False,True,False,False
1166,1166,7,False,32.083333333333336,BlackOnly,31056,HighSchoolOrCollege,False,False,False,1,False,False,False,True,True
1167,1167,7,False,34.083333333333336,WhiteOnly,68308,HighSchoolOrCollege,True,False,False,1,False,True,True,False,True
1168,1168,7,True,28.08333333333333,BlackOnly,59704,HighSchoolOrCollege,False,False,False,1,False,False,True,False,False
1169,1169,7,True,32.083333333333336,BlackOnly,38622,Bachelors,False,False,False,1,True,True,True,True,True
1170,1170,7,True,29.08333333333333,BlackOnly,71953,Graduate,False,True,False,1,True,True,False,False,False
1171,1171,7,False,26.08333333333333,BlackOnly,10971,HighSchoolOrCollege,False,False,False,1,True,False,False,False,False
1172,1172,7,True,34.083333333333336,WhiteOnly,39383,HighSchoolOrCollege,True,False,False,1,True,True,False,False,False
1173,1173,7,True,26.08333333333333,BlackOnly,29885,HighSchoolOrCollege,False,False,False,1,True,False,True,False,False
1174,1174,7,True,39.083333333333336,BlackOnly,36268,Bachelors,False,False,False,1,False,True,False,True,False
1175,1175,7,False,64.08333333333333,BlackOnly,42981,HighSchoolOrCollege,False,False,True,1,True,False,False,False,False
1176,1176,7,True,38.083333333333336,WhiteOnly,61553,HighSchoolOrCollege,True,False,False,1,False,False,True,False,False
1177,1177,7,False,26.08333333333333,Plus2Races,74315,HighSchoolOrCollege,False,True,False,1,False,True,False,True,False
1178,1178,7,True,30.08333333333333,BlackOnly,44706,HighSchoolOrCollege,False,False,False,1,False,True,False,False,False
1179,1179,7,True,40.083333333333336,Other,43871,Bachelors,False,False,False,1,True,False,True,True,False
1180,1180,7,False,61.083333333333336,BlackOnly,30593,Bachelors,False,False,True,1,True,True,True,True,True
1181,1181,7,False,22.08333333333333,BlackOnly,41170,HighSchoolOrCollege,False,False,False,1,True,True,True,True,False
1182,1182,7,False,27.08333333333333,BlackOnly,48582,Bachelors,False,False,False,1,False,False,True,True,False
1183,1183,7,False,24.08333333333333,BlackOnly,72721,Bachelors,False,True,False,1,True,False,True,True,True
1184,1184,7,False,31.08333333333333,BlackOnly,54482,HighSchoolOrCollege,False,False,False,1,False,False,True,False,False
1185,1185,7,False,25.08333333333333,BlackOnly,35440,HighSchoolOrCollege,False,False,False,1,False,True,True,False,True
1186,1186,7,True,27.08333333333333,BlackOnly,36399,HighSchoolOrCollege,False,False,False,1,False,True,False,True,False
1187,1187,7,False,30.08333333333333,BlackOnly,49454,Low,False,False,False,1,False,True,True,False,False
1188,1188,7,True,29.08333333333333,WhiteOnly,41117,HighSchoolOrCollege,True,False,False,1,True,False,False,False,False
1189,1189,7,True,32.083333333333336,BlackOnly,32322,Bachelors,False,False,False,1,True,False,True,True,False
1190,1190,7,False,39.083333333333336,BlackOnly,40363,Low,False,False,False,1,False,False,True,True,False
1191,1191,7,False,15.083333333333334,Plus2Races,68977,HighSchoolOrCollege,False,False,False,1,False,False,False,True,False
1192,1192,7,False,25.08333333333333,BlackOnly,99743,HighSchoolOrCollege,False,True,False,1,False,True,False,True,False
1193,1193,7,False,26.08333333333333,BlackOnly,33042,HighSchoolOrCollege,False,False,False,1,True,True,True,True,True
1194,1194,7,False,48.083333333333336,BlackOnly,25651,Bachelors,False,False,False,1,True,False,False,True,False
1195,1195,7,True,52.083333333333336,BlackOnly,46264,HighSchoolOrCollege,False,False,True,1,False,True,False,False,True
1196,1196,7,True,20.08333333333333,BlackOnly,73981,Graduate,False,True,False,1,False,True,False,True,True
1197,1197,7,False,39.083333333333336,BlackOnly,28163,Bachelors,False,False,False,1,False,True,False,True,True
1198,1198,7,False,27.08333333333333,BlackOnly,38210,Low,False,False,False,1,True,False,True,False,False
1199,1199,7,True,38.083333333333336,Plus2Races,43330,HighSchoolOrCollege,False,False,False,1,True,True,True,False,True
1200,1200,7,False,18.08333333333333,BlackOnly,36409,HighSchoolOrCollege,False,False,False,1,False,False,True,False,False
1201,1201,7,False,22.08333333333333,BlackOnly,70689,HighSchoolOrCollege,False,True,False,1,False,True,True,False,True
1202,1202,7,True,29.08333333333333,BlackOnly,78903,HighSchoolOrCollege,False,True,False,1,False,False,False,False,True
1203,1203,7,False,45.083333333333336,BlackOnly,48946,Low,False,False,False,1,False,True,True,True,False
1204,1204,7,True,19.08333333333333,BlackOnly,74092,HighSchoolOrCollege,False,True,False,1,True,True,True,True,False
1205,1205,7,False,33.083333333333336,BlackOnly,30843,Bachelors,False,False,False,1,True,True,True,True,True
1206,1206,7,False,47.083333333333336,BlackOnly,71033,Bachelors,False,True,False,1,True,False,False,True,False
1207,1207,7,False,16.083333333333332,BlackOnly,41740,HighSchoolOrCollege,False,False,False,1,False,False,True,False,False
1208,1208,7,False,42.083333333333336,BlackOnly,71947,HighSchoolOrCollege,False,True,False,1,True,True,False,True,False
1209,1209,7,False,21.08333333333333,BlackOnly,46122,Graduate,False,False,False,1,False,False,False,True,True
1210,1210,7,True,34.083333333333336,BlackOnly,61096,HighSchoolOrCollege,False,False,False,1,True,True,True,False,True
1211,1211,7,True,64.08333333333333,BlackOnly,25268,HighSchoolOrCollege,False,False,True,1,False,False,True,False,False
1212,1212,7,False,39.083333333333336,BlackOnly,13244,Bachelors,False,False,False,1,True,True,True,False,False
1213,1213,7,False,23.08333333333333,BlackOnly,38144,Bachelors,False,False,False,1,False,True,False,True,True
1214,1214,7,True,20.08333333333333,BlackOnly,40064,Bachelors,False,False,False,1,False,True,False,True,False
1215,1215,7,True,15.083333333333334,BlackOnly,14859,HighSchoolOrCollege,False,False,False,1,False,False,False,False,True
1216,1216,7,False,60.083333333333336,BlackOnly,90775,HighSchoolOrCollege,False,True,True,1,True,True,True,True,False
1217,1217,7,True,23.08333333333333,BlackOnly,31196,HighSchoolOrCollege,False,False,False,1,False,False,False,False,False
1218,1218,7,True,20.08333333333333,BlackOnly,64751,HighSchoolOrCollege,False,False,False,1,False,False,False,True,False
1219,1219,7,False,43.083333333333336,BlackOnly,40627,HighSchoolOrCollege,False,False,False,1,False,True,True,True,False
1220,1220,7,False,39.083333333333336,BlackOnly,78432,Bachelors,False,True,False,1,True,True,True,True,False
1221,1221,7,False,17.083333333333332,BlackOnly,25610,Low,False,False,False,1,False,True,True,False,False
1222,1222,8,True,21.08333333333333,BlackOnly,82677,Bachelors,False,True,False,1,False,True,True,True,True
1223,1223,8,False,44.083333333333336,WhiteOnly,223,Bachelors,True,False,False,1,True,False,True,False,True
1224,1224,8,False,19.08333333333333,Plus2Races,239336,Graduate,False,True,False,1,False,False,False,True,False
1225,1225,8,True,33.083333333333336,WhiteOnly,76517,HighSchoolOrCollege,True,True,False,1,False,False,False,True,True
1226,1226,8,False,18.08333333333333,BlackOnly,96669,Bachelors,False,True,False,1,False,True,True,True,False
1227,1227,8,False,30.08333333333333,BlackOnly,96565,Low,False,True,False,1,False,True,False,True,False
1228,1228,8,False,18.08333333333333,BlackOnly,65151,Graduate,False,False,False,1,False,True,False,True,False
1229,1229,8,False,29.08333333333333,BlackOnly,93862,Bachelors,False,True,False,1,False,True,False,False,False
1230,1230,8,False,17.083333333333332,BlackOnly,67478,Low,False,False,False,1,False,True,False,True,False
1231,1231,8,True,27.08333333333333,WhiteOnly,335941,Low,True,True,False,1,True,True,False,False,False
1232,1232,8,False,37.083333333333336,AsianOnly,28315,Bachelors,False,False,False,1,False,False,True,True,False
1233,1233,8,False,24.08333333333333,BlackOnly,54362,Bachelors,False,False,False,1,False,False,True,True,True
1234,1234,8,False,15.083333333333334,AsianOnly,79443,Bachelors,False,True,False,1,True,False,True,True,False
1235,1235,8,False,24.08333333333333,BlackOnly,132943,Bachelors,False,True,False,1,True,True,True,True,True
1236,1236,8,False,22.08333333333333,BlackOnly,95389,Graduate,False,True,False,1,False,False,True,True,False
1237,1237,8,True,16.083333333333332,WhiteOnly,36782,Graduate,True,False,False,1,True,True,False,False,True
1238,1238,8,True,19.08333333333333,BlackOnly,41562,Bachelors,False,False,False,1,True,True,True,True,False
1239,1239,8,True,20.08333333333333,WhiteOnly,43357,HighSchoolOrCollege,True,False,False,1,True,False,False,True,False
1240,1240,8,True,24.08333333333333,BlackOnly,421727,HighSchoolOrCollege,False,True,False,1,False,True,False,False,False
1241,1241,8,True,22.08333333333333,BlackOnly,60367,Bachelors,False,False,False,1,False,True,False,True,True
1242,1242,8,True,17.083333333333332,WhiteOnly,76497,Low,True,True,False,1,True,True,False,False,False
1243,1243,8,False,22.08333333333333,BlackOnly,94098,HighSchoolOrCollege,False,True,False,1,True,True,False,True,True
1244,1244,8,False,18.08333333333333,WhiteOnly,28077,Graduate,True,False,False,1,False,True,True,True,True
1245,1245,8,False,23.08333333333333,BlackOnly,43241,Graduate,False,False,False,1,True,False,False,False,True
1246,1246,8,False,29.08333333333333,BlackOnly,99210,Bachelors,False,True,False,1,False,False,False,True,True
1247,1247,8,True,23.08333333333333,BlackOnly,80460,Bachelors,False,True,False,1,True,True,False,True,False
1248,1248,8,False,20.08333333333333,BlackOnly,38725,HighSchoolOrCollege,False,False,False,1,False,False,True,False,False
1249,1249,8,True,24.08333333333333,WhiteOnly,63572,Bachelors,True,False,False,1,True,False,False,True,True
1250,1250,8,False,17.083333333333332,AsianOnly,31056,Bachelors,False,False,False,1,False,False,True,True,True
1251,1251,8,False,16.083333333333332,WhiteOnly,468308,Bachelors,True,True,False,1,False,True,False,True,False
1252,1252,8,True,19.08333333333333,WhiteOnly,84704,HighSchoolOrCollege,True,True,False,1,False,False,True,False,False
1253,1253,8,False,15.083333333333334,AsianOnly,88622,Graduate,False,True,False,1,False,False,False,True,True
1254,1254,8,True,18.08333333333333,AsianOnly,171953,Graduate,False,True,False,1,False,True,True,True,True
1255,1255,8,False,16.083333333333332,WhiteOnly,10971,Bachelors,True,False,False,1,False,True,False,True,False
1256,1256,8,True,18.08333333333333,WhiteOnly,64383,Bachelors,True,False,False,1,False,True,False,False,False
1257,1257,8,True,19.08333333333333,BlackOnly,54885,Bachelors,False,False,False,1,False,True,False,True,False
1258,1258,8,True,23.08333333333333,BlackOnly,61268,Graduate,False,False,False,1,True,False,True,False,False
1259,1259,8,False,36.083333333333336,BlackOnly,67981,Bachelors,False,False,False,1,True,True,False,False,True
1260,1260,8,True,20.08333333333333,WhiteOnly,86553,Bachelors,True,True,False,1,False,True,False,False,True
1261,1261,8,False,17.083333333333332,Plus2Races,99315,Bachelors,False,True,False,1,True,True,True,True,False
1262,1262,8,True,21.08333333333333,BlackOnly,44706,Bachelors,False,False,False,1,True,False,True,True,False
1263,1263,8,True,23.08333333333333,Plus2Races,43871,Bachelors,False,False,False,1,True,True,False,True,False
1264,1264,8,False,40.083333333333336,WhiteOnly,80593,Graduate,True,True,False,1,False,True,False,False,False
1265,1265,8,False,15.083333333333334,AsianOnly,66170,Bachelors,False,False,False,1,False,False,True,True,False
1266,1266,8,False,18.08333333333333,WhiteOnly,98582,Graduate,True,True,False,1,False,False,False,True,True
1267,1267,8,False,16.083333333333332,AsianOnly,272721,Graduate,False,True,False,1,True,True,True,True,False
1268,1268,8,False,23.08333333333333,WhiteOnly,454482,Bachelors,True,True,False,1,False,False,False,True,True
1269,1269,8,False,18.08333333333333,AsianOnly,60440,Bachelors,False,False,False,1,False,False,False,False,True
1270,1270,8,True,17.083333333333332,BlackOnly,61399,Bachelors,False,False,False,1,True,False,True,True,True
1271,1271,8,False,19.08333333333333,BlackOnly,49454,HighSchoolOrCollege,False,False,False,1,False,False,True,True,False
1272,1272,8,True,18.08333333333333,WhiteOnly,91117,Bachelors,True,True,False,1,False,False,False,False,False
1273,1273,8,True,23.08333333333333,BlackOnly,57322,Graduate,False,False,False,1,True,False,False,False,False
1274,1274,8,False,23.08333333333333,WhiteOnly,65363,Low,True,False,False,1,True,True,False,True,False
1275,1275,8,False,17.083333333333332,Plus2Races,468977,Bachelors,False,True,False,1,False,True,True,True,False
1276,1276,8,False,16.083333333333332,WhiteOnly,474743,Bachelors,True,True,False,1,False,True,False,True,True
1277,1277,8,False,19.08333333333333,BlackOnly,33042,Bachelors,False,False,False,1,False,False,False,True,True
1278,1278,8,False,23.08333333333333,WhiteOnly,25651,Graduate,True,False,False,1,True,False,False,False,True
1279,1279,8,True,27.08333333333333,WhiteOnly,46264,Bachelors,True,False,False,1,False,False,False,False,True
1280,1280,8,True,15.083333333333334,AsianOnly,98981,Graduate,False,True,False,1,False,True,True,True,False
1281,1281,8,False,21.08333333333333,AsianOnly,53163,Graduate,False,False,False,1,True,True,False,True,True
1282,1282,8,False,17.083333333333332,BlackOnly,63210,HighSchoolOrCollege,False,False,False,1,False,True,True,False,True
1283,1283,8,True,21.08333333333333,Plus2Races,68330,Bachelors,False,False,False,1,False,False,False,True,True
1284,1284,8,False,18.08333333333333,BlackOnly,61409,Bachelors,False,False,False,1,False,False,False,False,True
1285,1285,8,False,15.083333333333334,BlackOnly,270689,Bachelors,False,True,False,1,False,True,False,True,True
1286,1286,8,True,15.083333333333334,AsianOnly,478903,Bachelors,False,True,False,1,False,True,True,True,False
1287,1287,8,False,21.08333333333333,WhiteOnly,73946,HighSchoolOrCollege,True,True,False,1,False,True,False,True,True
1288,1288,8,True,17.083333333333332,AsianOnly,99092,Bachelors,False,True,False,1,False,False,True,True,True
1289,1289,8,False,21.08333333333333,BlackOnly,80843,Graduate,False,True,False,1,True,False,False,True,False
1290,1290,8,False,21.08333333333333,BlackOnly,146033,Graduate,False,True,False,1,False,True,True,True,True
1291,1291,8,False,18.08333333333333,BlackOnly,66740,Bachelors,False,False,False,1,True,False,True,True,False
1292,1292,8,False,24.08333333333333,BlackOnly,96947,HighSchoolOrCollege,False,True,False,1,True,True,False,False,True
1293,1293,8,False,17.083333333333332,BlackOnly,46122,Graduate,False,False,False,1,False,False,True,False,True
1294,1294,8,True,23.08333333333333,BlackOnly,311096,Bachelors,False,True,False,1,False,True,False,False,False
1295,1295,8,True,47.083333333333336,WhiteOnly,25268,Bachelors,True,False,False,1,True,False,False,False,True
1296,1296,8,False,24.08333333333333,BlackOnly,13244,Bachelors,False,False,False,1,False,True,True,False,False
1297,1297,8,False,18.08333333333333,BlackOnly,63144,Bachelors,False,False,False,1,True,False,True,True,True
1298,1298,8,True,16.083333333333332,WhiteOnly,90064,Graduate,True,True,False,1,False,False,False,True,False
1299,1299,8,True,15.083333333333334,BlackOnly,39859,Bachelors,False,False,False,1,False,True,True,False,False
1300,1300,8,False,42.083333333333336,WhiteOnly,215775,Bachelors,True,True,False,1,False,True,True,True,False
1301,1301,8,True,18.08333333333333,WhiteOnly,31196,Bachelors,True,False,False,1,True,True,True,False,False
1302,1302,8,True,19.08333333333333,AsianOnly,89751,Bachelors,False,True,False,1,False,False,False,False,True
1303,1303,8,False,21.08333333333333,AsianOnly,40627,Bachelors,False,False,False,1,False,True,False,True,True
1304,1304,8,False,21.08333333333333,BlackOnly,478432,Bachelors,False,True,False,1,False,True,True,False,False
1305,1305,8,False,16.083333333333332,BlackOnly,50610,HighSchoolOrCollege,False,False,False,1,True,False,False,False,False
1306,1306,8,False,23.08333333333333,Other,36435,Bachelors,False,False,False,1,True,True,False,True,True
1307,1307,8,False,17.083333333333332,BlackOnly,235312,Bachelors,False,True,False,1,True,True,False,True,False
1308,1308,8,False,16.083333333333332,AsianOnly,53065,Bachelors,False,False,False,1,True,False,False,False,False
1309,1309,8,False,20.08333333333333,BlackOnly,70165,Graduate,False,True,False,1,True,False,True,True,True
1310,1310,8,False,17.083333333333332,WhiteOnly,67742,HighSchoolOrCollege,True,False,False,1,True,False,False,True,False
1311,1311,8,False,18.08333333333333,WhiteOnly,52295,Low,True,False,False,1,False,False,False,True,False
1312,1312,8,False,22.08333333333333,WhiteOnly,82610,Bachelors,True,True,False,1,False,False,True,True,False
1313,1313,8,False,22.08333333333333,AsianOnly,32959,Low,False,False,False,1,False,True,False,True,False
1314,1314,8,False,17.083333333333332,AsianOnly,86275,HighSchoolOrCollege,False,True,False,1,False,True,True,True,False
1315,1315,8,False,21.08333333333333,BlackOnly,62240,Graduate,False,False,False,1,True,True,True,False,True
1316,1316,8,False,19.08333333333333,BlackOnly,85738,Bachelors,False,True,False,1,False,True,True,True,False
1317,1317,8,False,15.083333333333334,WhiteOnly,383253,HighSchoolOrCollege,True,True,False,1,False,True,False,True,False
1318,1318,8,True,26.08333333333333,AsianOnly,31097,Graduate,False,False,False,1,True,False,True,False,True
1319,1319,8,False,20.08333333333333,BlackOnly,66373,Graduate,False,False,False,1,False,False,False,False,False
1320,1320,8,False,17.083333333333332,BlackOnly,72117,Graduate,False,True,False,1,True,False,False,True,False
1321,1321,8,False,22.08333333333333,BlackOnly,28590,Bachelors,False,False,False,1,True,False,True,True,True
1322,1322,8,False,41.083333333333336,BlackOnly,36836,Bachelors,False,False,False,1,True,False,True,True,True
1323,1323,8,False,26.08333333333333,BlackOnly,90578,Graduate,False,True,False,1,True,True,False,True,False
1324,1324,8,False,25.08333333333333,BlackOnly,56630,Bachelors,False,False,False,1,True,False,False,True,False
1325,1325,8,True,16.083333333333332,BlackOnly,56450,Low,False,False,False,1,False,False,True,False,False
1326,1326,8,False,15.083333333333334,BlackOnly,98657,Graduate,False,True,False,1,False,True,False,True,True
1327,1327,8,True,19.08333333333333,AsianOnly,90589,Graduate,False,True,False,1,True,True,True,False,True
1328,1328,8,True,16.083333333333332,BlackOnly,6731,Bachelors,False,False,False,1,False,False,True,True,True
1329,1329,8,False,19.08333333333333,BlackOnly,82572,Bachelors,False,True,False,1,True,True,True,True,True
1330,1330,8,False,23.08333333333333,BlackOnly,73832,Graduate,False,True,False,1,False,False,False,True,True
1331,1331,8,False,16.083333333333332,BlackOnly,40565,Graduate,False,False,False,1,False,False,True,True,True
1332,1332,8,False,22.08333333333333,WhiteOnly,90997,Graduate,True,True,False,1,False,True,False,True,True
1333,1333,8,True,39.083333333333336,WhiteOnly,99129,Bachelors,True,True,False,1,False,True,False,False,False
1334,1334,8,False,15.083333333333334,BlackOnly,59337,Bachelors,False,False,False,1,False,False,False,True,True
1335,1335,8,False,39.083333333333336,Other,176252,Bachelors,False,True,False,1,False,False,False,True,True
1336,1336,8,True,24.08333333333333,BlackOnly,25695,Graduate,False,False,False,1,False,False,True,False,False
1337,1337,8,True,19.08333333333333,Plus2Races,51176,Bachelors,False,False,False,1,False,True,False,False,False
1338,1338,8,False,33.083333333333336,BlackOnly,31922,Graduate,False,False,False,1,False,False,True,True,True
1339,1339,8,False,43.083333333333336,WhiteOnly,25407,HighSchoolOrCollege,True,False,False,1,True,True,True,True,False
1340,1340,8,False,20.08333333333333,WhiteOnly,129524,Graduate,True,True,False,1,False,True,False,True,True
1341,1341,8,False,26.08333333333333,BlackOnly,36594,Graduate,False,False,False,1,False,False,False,False,True
1342,1342,8,True,16.083333333333332,WhiteOnly,29556,Bachelors,True,False,False,1,False,False,False,False,False
1343,1343,8,False,35.083333333333336,WhiteOnly,52154,Bachelors,True,False,False,1,False,False,True,True,False
1344,1344,8,True,16.083333333333332,BlackOnly,91019,Low,False,True,False,1,False,True,True,True,True
1345,1345,8,False,24.08333333333333,AsianOnly,90442,Bachelors,False,True,False,1,True,True,True,True,False
1346,1346,8,False,18.08333333333333,BlackOnly,56451,Bachelors,False,False,False,1,False,False,True,True,True
1347,1347,8,False,19.08333333333333,WhiteOnly,62830,Bachelors,True,False,False,1,True,False,True,True,False
1348,1348,8,False,16.083333333333332,BlackOnly,90301,Graduate,False,True,False,1,False,True,False,True,True
1349,1349,8,False,17.083333333333332,BlackOnly,72436,Graduate,False,True,False,1,False,True,False,True,False
1350,1350,8,False,17.083333333333332,BlackOnly,44876,Bachelors,False,False,False,1,False,False,True,True,True
1351,1351,8,False,31.08333333333333,BlackOnly,86500,Bachelors,False,True,False,1,False,True,True,False,False
1352,1352,8,False,16.083333333333332,BlackOnly,71466,Bachelors,False,True,False,1,False,True,False,True,True
1353,1353,8,False,16.083333333333332,WhiteOnly,79190,Bachelors,True,True,False,1,False,True,False,False,False
1354,1354,8,False,26.08333333333333,WhiteOnly,99919,Bachelors,True,True,False,1,False,True,False,True,True
1355,1355,8,True,22.08333333333333,BlackOnly,83217,Bachelors,False,True,False,1,False,False,True,False,True
1356,1356,8,False,35.083333333333336,BlackOnly,24681,Low,False,False,False,1,True,False,False,True,False
1357,1357,8,False,21.08333333333333,WhiteOnly,457475,Bachelors,True,True,False,1,True,True,False,False,True
1358,1358,8,True,17.083333333333332,BlackOnly,70004,HighSchoolOrCollege,False,True,False,1,False,True,True,False,True
1359,1359,8,True,23.08333333333333,BlackOnly,13650,Bachelors,False,False,False,1,False,False,True,False,True
1360,1360,8,False,24.08333333333333,BlackOnly,81831,Bachelors,False,True,False,1,False,False,False,False,False
1361,1361,8,True,15.083333333333334,BlackOnly,78117,Bachelors,False,True,False,1,False,True,False,True,False
1362,1362,8,True,17.083333333333332,WhiteOnly,85815,Bachelors,True,True,False,1,False,True,True,False,False
1363,1363,8,False,57.083333333333336,AsianOnly,49590,Graduate,False,False,True,1,True,True,True,True,True
1364,1364,8,False,22.08333333333333,BlackOnly,46740,Low,False,False,False,1,True,True,True,True,False
1365,1365,8,True,16.083333333333332,BlackOnly,41216,Bachelors,False,False,False,1,False,False,False,False,True
1366,1366,8,True,32.083333333333336,Other,32854,HighSchoolOrCollege,False,False,False,1,True,False,False,False,False
1367,1367,8,True,27.08333333333333,WhiteOnly,46281,Bachelors,True,False,False,1,False,True,False,False,False
1368,1368,8,False,15.083333333333334,WhiteOnly,76539,Bachelors,True,True,False,1,True,True,False,False,False
1369,1369,8,False,15.083333333333334,BlackOnly,68404,Graduate,False,False,False,1,False,True,True,False,False
1370,1370,8,False,23.08333333333333,BlackOnly,463231,Low,False,True,False,1,True,True,False,False,False
1371,1371,8,False,25.08333333333333,WhiteOnly,95597,Low,True,True,False,1,False,False,False,True,False
1372,1372,8,False,15.083333333333334,AsianOnly,58296,Bachelors,False,False,False,1,True,False,True,True,False
1373,1373,8,True,20.08333333333333,WhiteOnly,29361,Low,True,False,False,1,False,True,False,True,True
1374,1374,8,False,17.083333333333332,WhiteOnly,87581,Bachelors,True,True,False,1,False,True,False,True,True
1375,1375,8,False,15.083333333333334,BlackOnly,445760,Graduate,False,True,False,1,True,True,False,True,True
1376,1376,8,True,20.08333333333333,WhiteOnly,35209,Bachelors,True,False,False,1,True,True,False,False,False
1377,1377,8,True,31.08333333333333,WhiteOnly,26682,Low,True,False,False,1,False,False,True,False,False
1378,1378,8,False,21.08333333333333,BlackOnly,86305,HighSchoolOrCollege,False,True,False,1,True,True,False,False,False
1379,1379,8,False,29.08333333333333,WhiteOnly,451947,Graduate,True,True,False,1,True,True,False,False,False
1380,1380,8,False,29.08333333333333,AsianOnly,84040,Graduate,False,True,False,1,True,True,True,True,True
1381,1381,8,False,15.083333333333334,BlackOnly,188411,Bachelors,False,True,False,1,True,True,True,False,False
1382,1382,8,False,15.083333333333334,BlackOnly,285866,Bachelors,False,True,False,1,False,True,False,False,True
1383,1383,8,False,19.08333333333333,BlackOnly,27223,Low,False,False,False,1,False,True,True,False,True
1384,1384,8,False,33.083333333333336,WhiteOnly,425357,Bachelors,True,True,False,1,True,True,False,False,True
1385,1385,8,True,23.08333333333333,BlackOnly,34189,Graduate,False,False,False,1,True,False,False,False,False
1386,1386,8,False,29.08333333333333,BlackOnly,314544,Graduate,False,True,False,1,True,True,False,True,True
1387,1387,8,False,21.08333333333333,BlackOnly,47807,Graduate,False,False,False,1,False,False,False,True,False
1388,1388,8,False,19.08333333333333,BlackOnly,82725,Bachelors,False,True,False,1,False,False,False,True,False
1389,1389,8,False,18.08333333333333,Plus2Races,40575,Bachelors,False,False,False,1,True,False,False,True,False
1390,1390,8,True,20.08333333333333,WhiteOnly,474266,Low,True,True,False,1,False,False,False,True,False
1391,1391,8,True,22.08333333333333,AsianOnly,92066,Graduate,False,True,False,1,False,True,True,True,False
1392,1392,8,True,23.08333333333333,WhiteOnly,75887,Bachelors,True,True,False,1,False,True,False,False,False
1393,1393,8,True,15.083333333333334,BlackOnly,61068,Bachelors,False,False,False,1,True,False,True,True,False
1394,1394,8,True,18.08333333333333,BlackOnly,30981,Low,False,False,False,1,True,False,True,False,True
1395,1395,8,True,19.08333333333333,BlackOnly,93607,Bachelors,False,True,False,1,False,False,True,False,False
1396,1396,8,True,23.08333333333333,WhiteOnly,419691,HighSchoolOrCollege,True,True,False,1,True,True,False,False,False
1397,1397,8,False,15.083333333333334,BlackOnly,36521,Graduate,False,False,False,1,False,False,True,True,True
1398,1398,8,True,21.08333333333333,BlackOnly,273462,Graduate,False,True,False,1,True,True,True,True,True
1399,1399,8,True,17.083333333333332,WhiteOnly,7145,Graduate,True,False,False,1,False,False,False,False,False
1400,1400,8,True,17.083333333333332,Plus2Races,42044,Graduate,False,False,False,1,False,True,True,True,False
1401,1401,8,False,27.08333333333333,WhiteOnly,65477,Bachelors,True,False,False,1,True,False,False,False,True
1402,1402,8,False,20.08333333333333,AsianOnly,69020,Bachelors,False,False,False,1,True,True,False,True,True
1403,1403,8,True,20.08333333333333,BlackOnly,68867,Graduate,False,False,False,1,True,True,True,False,True
1404,1404,8,False,30.08333333333333,BlackOnly,35124,Graduate,False,False,False,1,True,False,True,False,False
1405,1405,8,False,26.08333333333333,BlackOnly,82553,HighSchoolOrCollege,False,True,False,1,True,True,True,True,False
1406,1406,8,True,19.08333333333333,WhiteOnly,33496,Bachelors,True,False,False,1,False,False,False,False,False
1407,1407,8,True,24.08333333333333,BlackOnly,34370,Bachelors,False,False,False,1,True,True,False,False,True
1408,1408,8,True,24.08333333333333,BlackOnly,482548,Graduate,False,True,False,1,False,True,False,False,False
1409,1409,8,True,19.08333333333333,BlackOnly,83519,Graduate,False,True,False,1,False,False,True,False,True
1410,1410,8,False,21.08333333333333,BlackOnly,91462,Bachelors,False,True,False,1,False,True,True,False,True
1411,1411,8,False,20.08333333333333,Plus2Races,52632,Bachelors,False,False,False,1,False,True,True,True,False
1412,1412,8,False,24.08333333333333,WhiteOnly,92859,Graduate,True,True,False,1,False,True,False,True,True
1413,1413,8,False,23.08333333333333,WhiteOnly,42757,Graduate,True,False,False,1,False,False,True,True,True
1414,1414,8,False,25.08333333333333,WhiteOnly,128219,Graduate,True,True,False,1,True,True,False,True,False
1415,1415,8,False,32.083333333333336,BlackOnly,57508,Graduate,False,False,False,1,True,True,False,True,True
1416,1416,8,True,39.083333333333336,WhiteOnly,53980,Bachelors,True,False,False,1,False,True,False,False,False
1417,1417,8,True,23.08333333333333,AsianOnly,80009,Bachelors,False,True,False,1,False,True,True,True,False
1418,1418,8,False,17.083333333333332,BlackOnly,73735,Graduate,False,True,False,1,False,False,True,True,True
1419,1419,8,False,21.08333333333333,Plus2Races,81293,Low,False,True,False,1,True,True,True,True,False
1420,1420,8,False,28.08333333333333,WhiteOnly,98786,Bachelors,True,True,False,1,False,True,False,True,False
1421,1421,8,False,15.083333333333334,BlackOnly,60612,Bachelors,False,False,False,1,False,False,False,True,False
1422,1422,8,True,24.08333333333333,AsianOnly,310379,Graduate,False,True,False,1,False,True,False,False,True
1423,1423,8,False,18.08333333333333,Plus2Races,96846,Graduate,False,True,False,1,False,False,True,True,True
1424,1424,8,False,21.08333333333333,BlackOnly,94700,Bachelors,False,True,False,1,True,True,False,True,False
1425,1425,8,False,29.08333333333333,BlackOnly,30736,Bachelors,False,False,False,1,True,False,True,False,False
1426,1426,8,False,22.08333333333333,BlackOnly,40009,Graduate,False,False,False,1,True,False,False,True,False
1427,1427,8,True,16.083333333333332,BlackOnly,73736,HighSchoolOrCollege,False,True,False,1,False,True,True,False,False
1428,1428,8,True,20.08333333333333,BlackOnly,91299,Bachelors,False,True,False,1,False,False,True,False,False
1429,1429,8,True,22.08333333333333,BlackOnly,241227,Bachelors,False,True,False,1,False,True,False,False,True
1430,1430,8,True,41.083333333333336,BlackOnly,280368,Bachelors,False,True,False,1,True,True,False,False,True
1431,1431,8,False,18.08333333333333,BlackOnly,86813,HighSchoolOrCollege,False,True,False,1,False,False,True,True,False
1432,1432,8,False,16.083333333333332,WhiteOnly,113433,Bachelors,True,True,False,1,False,True,True,True,True
1433,1433,8,True,20.08333333333333,AmerIndianOnly,95244,Bachelors,False,True,False,1,False,True,True,False,True
1434,1434,8,True,18.08333333333333,AsianOnly,85502,Graduate,False,True,False,1,False,True,True,True,False
1435,1435,8,True,18.08333333333333,WhiteOnly,43656,Low,True,False,False,1,True,True,True,False,False
1436,1436,8,True,26.08333333333333,WhiteOnly,93329,Bachelors,True,True,False,1,False,True,False,True,True
1437,1437,8,False,38.083333333333336,BlackOnly,32403,Graduate,False,False,False,1,False,False,False,True,False
1438,1438,8,False,16.083333333333332,BlackOnly,57046,Graduate,False,False,False,1,True,False,False,True,True
1439,1439,8,True,64.08333333333333,BlackOnly,87856,Bachelors,False,True,True,1,True,True,False,True,True
1440,1440,8,True,19.08333333333333,BlackOnly,83108,Bachelors,False,True,False,1,False,True,False,True,False
1441,1441,8,False,24.08333333333333,WhiteOnly,483947,Graduate,True,True,False,1,True,True,True,False,True
1442,1442,8,False,22.08333333333333,WhiteOnly,99554,Graduate,True,True,False,1,False,True,False,False,True
1443,1443,8,False,23.08333333333333,BlackOnly,26092,Bachelors,False,False,False,1,False,False,True,False,True
1444,1444,8,True,23.08333333333333,BlackOnly,89399,Bachelors,False,True,False,1,True,True,False,False,True
1445,1445,8,True,24.08333333333333,BlackOnly,48184,Graduate,False,False,False,1,False,True,True,False,True
1446,1446,8,True,21.08333333333333,BlackOnly,71407,HighSchoolOrCollege,False,True,False,1,True,False,False,False,False
1447,1447,8,False,29.08333333333333,WhiteOnly,44198,Graduate,True,False,False,1,True,True,False,False,True
1448,1448,8,True,21.08333333333333,AsianOnly,300831,Bachelors,False,True,False,1,False,True,True,True,True
1449,1449,8,False,20.08333333333333,BlackOnly,83802,Graduate,False,True,False,1,False,False,False,False,True
1450,1450,8,False,15.083333333333334,AsianOnly,64573,Bachelors,False,False,False,1,True,False,True,True,True
1451,1451,8,True,45.083333333333336,BlackOnly,310498,HighSchoolOrCollege,False,True,False,1,False,True,True,True,False
1452,1452,8,True,19.08333333333333,BlackOnly,28407,Bachelors,False,False,False,1,True,False,True,False,False
1453,1453,8,False,21.08333333333333,AsianOnly,94658,HighSchoolOrCollege,False,True,False,1,False,False,True,True,True
1454,1454,8,True,26.08333333333333,BlackOnly,76702,HighSchoolOrCollege,False,True,False,1,True,True,False,False,True
1455,1455,8,True,16.083333333333332,WhiteOnly,19245,Bachelors,True,False,False,1,False,False,False,False,True
1456,1456,8,True,19.08333333333333,BlackOnly,41014,Bachelors,False,False,False,1,True,False,False,False,False
1457,1457,8,False,15.083333333333334,BlackOnly,73882,Bachelors,False,True,False,1,False,True,False,True,False
1458,1458,8,True,21.08333333333333,WhiteOnly,38228,Graduate,True,False,False,1,False,False,True,True,False
1459,1459,8,True,19.08333333333333,AsianOnly,258984,Graduate,False,True,False,1,False,True,True,True,False
1460,1460,8,True,17.083333333333332,BlackOnly,28476,Bachelors,False,False,False,1,False,False,True,False,False
1461,1461,8,True,19.08333333333333,BlackOnly,13895,Bachelors,False,False,False,1,False,False,True,False,True
1462,1462,8,False,23.08333333333333,Other,150197,Graduate,False,True,False,1,True,True,True,True,False
1463,1463,8,False,30.08333333333333,BlackOnly,58868,HighSchoolOrCollege,False,False,False,1,True,False,False,True,False
1464,1464,8,False,19.08333333333333,WhiteOnly,95683,Bachelors,True,True,False,1,False,True,False,True,False
1465,1465,8,False,24.08333333333333,BlackOnly,53216,HighSchoolOrCollege,False,False,False,1,False,False,False,True,True
1466,1466,8,True,26.08333333333333,AsianOnly,28088,Bachelors,False,False,False,1,True,False,True,False,True
1467,1467,8,False,19.08333333333333,Plus2Races,92765,Graduate,False,True,False,1,True,False,False,True,False
1468,1468,8,False,29.08333333333333,BlackOnly,259095,Bachelors,False,True,False,1,True,False,False,False,False
1469,1469,8,True,21.08333333333333,WhiteOnly,79230,Bachelors,True,True,False,1,False,True,False,False,True
1470,1470,8,True,29.08333333333333,BlackOnly,2398,Graduate,False,False,False,1,False,False,False,False,False
1471,1471,8,True,26.08333333333333,WhiteOnly,50193,Graduate,True,False,False,1,True,True,False,False,True
1472,1472,8,False,24.08333333333333,AsianOnly,83264,Bachelors,False,True,False,1,True,True,True,False,True
1473,1473,8,True,17.083333333333332,WhiteOnly,25163,Bachelors,True,False,False,1,False,True,False,True,True
1474,1474,8,True,19.08333333333333,BlackOnly,29140,Bachelors,False,False,False,1,False,True,True,True,False
1475,1475,8,True,15.083333333333334,Other,69312,Bachelors,False,False,False,1,False,True,False,True,True
1476,1476,8,False,17.083333333333332,AsianOnly,33188,Graduate,False,False,False,1,False,False,True,True,True
1477,1477,8,False,23.08333333333333,BlackOnly,7709,Bachelors,False,False,False,1,True,False,False,True,False
1478,1478,8,False,17.083333333333332,Other,241293,Graduate,False,True,False,1,False,False,True,False,False
1479,1479,8,False,23.08333333333333,AsianOnly,62955,Low,False,False,False,1,True,False,True,True,False
1480,1480,8,False,24.08333333333333,WhiteOnly,94543,HighSchoolOrCollege,True,True,False,1,True,True,False,True,False
1481,1481,8,True,34.083333333333336,BlackOnly,66970,Low,False,False,False,1,False,True,False,True,False
1482,1482,8,True,45.083333333333336,BlackOnly,4402,Bachelors,False,False,False,1,True,False,True,False,False
1483,1483,8,True,21.08333333333333,WhiteOnly,52903,Bachelors,True,False,False,1,False,False,False,True,False
1484,1484,8,False,21.08333333333333,BlackOnly,34797,Bachelors,False,False,False,1,False,True,False,True,True
1485,1485,8,False,35.083333333333336,BlackOnly,82162,Graduate,False,True,False,1,True,True,False,True,False
1486,1486,8,False,21.08333333333333,WhiteOnly,33844,Graduate,True,False,False,1,False,True,False,True,False
1487,1487,8,True,17.083333333333332,BlackOnly,76648,Bachelors,False,True,False,1,False,True,False,False,True
1488,1488,8,False,23.08333333333333,WhiteOnly,95932,Bachelors,True,True,False,1,False,True,False,False,False
1489,1489,8,False,21.08333333333333,BlackOnly,52346,HighSchoolOrCollege,False,False,False,1,False,False,False,True,False
1490,1490,8,False,15.083333333333334,BlackOnly,44109,Graduate,False,False,False,1,False,True,True,True,True
1491,1491,8,True,17.083333333333332,WhiteOnly,84248,HighSchoolOrCollege,True,True,False,1,False,False,False,True,False
1492,1492,8,True,22.08333333333333,BlackOnly,59677,HighSchoolOrCollege,False,False,False,1,False,False,False,True,False
1493,1493,8,True,15.083333333333334,WhiteOnly,48669,Bachelors,True,False,False,1,False,True,False,True,False
1494,1494,8,False,24.08333333333333,BlackOnly,63044,Low,False,False,False,1,False,True,False,False,False
1495,1495,8,False,25.08333333333333,AsianOnly,38447,Bachelors,False,False,False,1,True,False,True,True,False
1496,1496,8,False,19.08333333333333,WhiteOnly,54337,Bachelors,True,False,False,1,True,False,False,True,False
1497,1497,8,False,17.083333333333332,WhiteOnly,31202,Bachelors,True,False,False,1,False,False,True,False,False
1498,1498,8,False,22.08333333333333,WhiteOnly,70808,HighSchoolOrCollege,True,True,False,1,False,False,True,True,True
1499,1499,8,True,34.083333333333336,AsianOnly,41818,Graduate,False,False,False,1,False,False,True,False,False
1500,1500,8,True,28.08333333333333,AsianOnly,40245,Bachelors,False,False,False,1,False,False,True,False,False
1501,1501,8,False,36.083333333333336,WhiteOnly,88539,Bachelors,True,True,False,1,False,True,False,True,True
1502,1502,8,False,16.083333333333332,WhiteOnly,434193,Bachelors,True,True,False,1,False,True,False,True,False
1503,1503,8,False,23.08333333333333,WhiteOnly,139918,Bachelors,True,True,False,1,True,True,True,True,True
1504,1504,8,True,18.08333333333333,AsianOnly,67912,HighSchoolOrCollege,False,False,False,1,False,False,False,True,True
1505,1505,8,True,49.083333333333336,WhiteOnly,94434,HighSchoolOrCollege,True,True,False,1,True,True,True,False,False
1506,1506,8,False,23.08333333333333,WhiteOnly,56836,Graduate,True,False,False,1,True,False,True,True,True
1507,1507,8,False,19.08333333333333,BlackOnly,54796,Bachelors,False,False,False,1,True,True,True,True,False
1508,1508,8,True,17.083333333333332,BlackOnly,49946,HighSchoolOrCollege,False,False,False,1,False,False,False,False,True
1509,1509,8,False,16.083333333333332,WhiteOnly,96211,Bachelors,True,True,False,1,False,True,True,True,False
1510,1510,8,False,23.08333333333333,BlackOnly,91990,Bachelors,False,True,False,1,False,False,False,True,True
1511,1511,8,True,31.08333333333333,AsianOnly,30132,HighSchoolOrCollege,False,False,False,1,False,False,True,False,False
1512,1512,8,True,19.08333333333333,BlackOnly,69204,HighSchoolOrCollege,False,False,False,1,True,True,True,True,False
1513,1513,8,False,50.083333333333336,BlackOnly,34183,Bachelors,False,False,True,1,True,True,True,False,True
1514,1514,8,False,34.083333333333336,BlackOnly,63893,Bachelors,False,False,False,1,True,False,True,True,False
1515,1515,8,False,50.083333333333336,AsianOnly,154147,Bachelors,False,True,True,1,False,False,False,True,True
1516,1516,8,True,24.08333333333333,WhiteOnly,62716,Graduate,True,False,False,1,True,True,False,False,True
1517,1517,8,False,18.08333333333333,WhiteOnly,91844,Bachelors,True,True,False,1,False,False,False,True,True
1518,1518,8,False,21.08333333333333,BlackOnly,78804,Graduate,False,True,False,1,False,True,True,True,False
1519,1519,8,True,18.08333333333333,BlackOnly,88543,Bachelors,False,True,False,1,False,True,False,True,False
1520,1520,8,False,52.083333333333336,WhiteOnly,46119,Graduate,True,False,True,1,True,True,True,True,True
1521,1521,8,True,16.083333333333332,Other,45239,HighSchoolOrCollege,False,False,False,1,True,True,True,False,False
1522,1522,8,False,33.083333333333336,BlackOnly,479085,Bachelors,False,True,False,1,False,True,True,True,False
1523,1523,8,True,24.08333333333333,WhiteOnly,75039,Graduate,True,True,False,1,False,True,True,True,True
1524,1524,8,True,15.083333333333334,BlackOnly,72839,Graduate,False,True,False,1,True,True,False,False,True
1525,1525,8,False,20.08333333333333,BlackOnly,92764,Graduate,False,True,False,1,False,True,True,True,True
1526,1526,8,True,23.08333333333333,BlackOnly,86614,Bachelors,False,True,False,1,True,True,False,True,True
1527,1527,8,False,24.08333333333333,WhiteOnly,66382,Bachelors,True,False,False,1,False,True,False,True,False
1528,1528,8,False,21.08333333333333,BlackOnly,88108,Low,False,True,False,1,True,True,False,True,True
1529,1529,8,True,19.08333333333333,BlackOnly,46722,Graduate,False,False,False,1,False,True,True,False,True
1530,1530,8,False,16.083333333333332,BlackOnly,319775,Bachelors,False,True,False,1,False,False,True,True,True
1531,1531,8,False,18.08333333333333,BlackOnly,266750,Bachelors,False,True,False,1,False,True,True,True,True
1532,1532,8,False,15.083333333333334,BlackOnly,95524,HighSchoolOrCollege,False,True,False,1,False,True,True,True,True
1533,1533,8,True,29.08333333333333,BlackOnly,127490,Bachelors,False,True,False,1,True,True,False,False,True
1534,1534,8,False,24.08333333333333,BlackOnly,97615,Bachelors,False,True,False,1,False,False,False,True,True
1535,1535,8,True,19.08333333333333,BlackOnly,48383,Graduate,False,False,False,1,False,True,False,False,True
1536,1536,8,False,51.083333333333336,BlackOnly,91837,Bachelors,False,True,True,1,True,False,False,True,True
1537,1537,8,False,23.08333333333333,BlackOnly,70318,Graduate,False,True,False,1,False,True,True,True,True
1538,1538,8,True,17.083333333333332,Plus2Races,72652,Bachelors,False,True,False,1,True,True,False,True,False
1539,1539,8,True,15.083333333333334,Plus2Races,84463,Graduate,False,True,False,1,False,True,True,False,False
1540,1540,8,False,17.083333333333332,Other,89504,Bachelors,False,True,False,1,False,True,False,True,True
1541,1541,8,False,19.08333333333333,BlackOnly,68723,HighSchoolOrCollege,False,False,False,1,True,True,True,True,False
1542,1542,8,True,22.08333333333333,BlackOnly,46865,HighSchoolOrCollege,False,False,False,1,False,False,False,True,False
1543,1543,8,True,15.083333333333334,BlackOnly,45009,Graduate,False,False,False,1,False,True,False,False,True
1544,1544,8,True,21.08333333333333,WhiteOnly,69901,Low,True,False,False,1,False,True,False,True,True
1545,1545,8,False,22.08333333333333,BlackOnly,55081,Bachelors,False,False,False,1,False,True,False,False,False
1546,1546,8,True,34.083333333333336,BlackOnly,75487,HighSchoolOrCollege,False,True,False,1,True,False,False,True,False
1547,1547,8,True,17.083333333333332,BlackOnly,429151,Graduate,False,True,False,1,False,True,True,False,True
1548,1548,8,False,22.08333333333333,AsianOnly,58147,Bachelors,False,False,False,1,False,False,False,False,False
1549,1549,8,True,17.083333333333332,BlackOnly,88280,Graduate,False,True,False,1,False,True,True,False,True
1550,1550,8,True,16.083333333333332,WhiteOnly,82327,HighSchoolOrCollege,True,True,False,1,False,True,True,False,False
1551,1551,8,False,18.08333333333333,BlackOnly,91522,Bachelors,False,True,False,1,False,True,True,True,True
1552,1552,8,True,15.083333333333334,AsianOnly,32855,Graduate,False,False,False,1,False,False,True,False,True
1553,1553,9,True,21.08333333333333,BlackOnly,132677,Low,False,True,False,1,False,True,False,False,False
1554,1554,9,False,51.083333333333336,WhiteOnly,223,HighSchoolOrCollege,True,False,True,1,True,False,False,True,True
1555,1555,9,False,15.083333333333334,Plus2Races,239336,Bachelors,False,True,False,1,False,True,False,True,True
1556,1556,9,True,41.083333333333336,WhiteOnly,76517,Low,True,True,False,1,False,True,False,True,True
1557,1557,9,False,17.083333333333332,BlackOnly,96669,HighSchoolOrCollege,False,True,False,1,False,True,False,True,False
1558,1558,9,False,31.08333333333333,BlackOnly,96565,Low,False,True,False,1,True,False,True,True,False
1559,1559,9,False,19.08333333333333,BlackOnly,65151,Bachelors,False,False,False,1,False,False,False,True,False
1560,1560,9,False,25.08333333333333,BlackOnly,93862,HighSchoolOrCollege,False,True,False,1,False,True,True,True,True
1561,1561,9,False,15.083333333333334,BlackOnly,42478,Low,False,False,False,1,False,False,False,True,False
1562,1562,9,True,31.08333333333333,WhiteOnly,335941,Low,True,True,False,1,False,True,True,True,True
1563,1563,9,False,44.083333333333336,AsianOnly,28315,HighSchoolOrCollege,False,False,False,1,False,False,True,False,False
1564,1564,9,False,22.08333333333333,BlackOnly,29362,HighSchoolOrCollege,False,False,False,1,True,False,True,False,False
1565,1565,9,False,15.083333333333334,AsianOnly,54443,HighSchoolOrCollege,False,False,False,1,True,False,True,True,False
1566,1566,9,False,22.08333333333333,BlackOnly,132943,HighSchoolOrCollege,False,True,False,1,True,True,True,True,False
1567,1567,9,False,20.08333333333333,BlackOnly,95389,Bachelors,False,True,False,1,False,False,True,True,True
1568,1568,9,True,16.083333333333332,WhiteOnly,36782,Bachelors,True,False,False,1,False,False,False,False,False
1569,1569,9,True,18.08333333333333,BlackOnly,41562,HighSchoolOrCollege,False,False,False,1,False,False,False,False,True
1570,1570,9,True,20.08333333333333,BlackOnly,13357,Low,False,False,False,1,False,False,True,False,True
1571,1571,9,True,20.08333333333333,BlackOnly,421727,Low,False,True,False,1,True,False,False,True,True
1572,1572,9,True,21.08333333333333,BlackOnly,35367,HighSchoolOrCollege,False,False,False,1,False,True,False,False,False
1573,1573,9,True,19.08333333333333,WhiteOnly,76497,Low,True,True,False,1,True,True,True,True,False
1574,1574,9,False,15.083333333333334,BlackOnly,69098,Low,False,False,False,1,False,True,False,True,False
1575,1575,9,False,17.083333333333332,WhiteOnly,28077,Bachelors,True,False,False,1,False,True,True,True,True
1576,1576,9,False,23.08333333333333,BlackOnly,3241,Bachelors,False,False,False,1,True,False,False,True,False
1577,1577,9,False,27.08333333333333,BlackOnly,99210,HighSchoolOrCollege,False,True,False,1,True,True,True,True,False
1578,1578,9,True,18.08333333333333,BlackOnly,80460,HighSchoolOrCollege,False,True,False,1,False,True,False,True,False
1579,1579,9,False,24.08333333333333,BlackOnly,38725,Low,False,False,False,1,True,False,False,False,False
1580,1580,9,True,18.08333333333333,WhiteOnly,38572,HighSchoolOrCollege,True,False,False,1,False,False,False,True,False
1581,1581,9,False,18.08333333333333,AmerIndianOnly,31056,HighSchoolOrCollege,False,False,False,1,False,False,False,True,False
1582,1582,9,False,17.083333333333332,WhiteOnly,468308,HighSchoolOrCollege,True,True,False,1,True,False,False,False,True
1583,1583,9,True,17.083333333333332,WhiteOnly,84704,Low,True,True,False,1,False,False,True,False,False
1584,1584,9,True,15.083333333333334,BlackOnly,88622,Bachelors,False,True,False,1,True,False,True,False,False
1585,1585,9,True,19.08333333333333,BlackOnly,171953,Graduate,False,True,False,1,False,False,True,False,True
1586,1586,9,False,16.083333333333332,WhiteOnly,971,Low,True,False,False,1,False,False,False,False,False
1587,1587,9,True,16.083333333333332,WhiteOnly,39383,HighSchoolOrCollege,True,False,False,1,True,True,True,False,False
1588,1588,9,True,18.08333333333333,BlackOnly,29885,HighSchoolOrCollege,False,False,False,1,True,True,True,True,False
1589,1589,9,True,21.08333333333333,BlackOnly,36268,Bachelors,False,False,False,1,False,True,False,False,True
1590,1590,9,False,49.083333333333336,BlackOnly,42981,HighSchoolOrCollege,False,False,False,1,False,False,False,True,True
1591,1591,9,True,21.08333333333333,WhiteOnly,86553,HighSchoolOrCollege,True,True,False,1,False,False,True,False,False
1592,1592,9,False,16.083333333333332,Plus2Races,99315,HighSchoolOrCollege,False,True,False,1,True,True,False,True,True
1593,1593,9,True,15.083333333333334,BlackOnly,14706,HighSchoolOrCollege,False,False,False,1,False,False,False,False,False
1594,1594,9,True,21.08333333333333,Other,43871,HighSchoolOrCollege,False,False,False,1,False,False,True,False,False
1595,1595,9,False,50.083333333333336,WhiteOnly,80593,Bachelors,True,True,True,1,False,False,True,True,True
1596,1596,9,False,19.08333333333333,BlackOnly,66170,HighSchoolOrCollege,False,False,False,1,True,False,False,True,True
1597,1597,9,False,18.08333333333333,WhiteOnly,98582,Bachelors,True,True,False,1,True,True,False,True,False
1598,1598,9,False,18.08333333333333,BlackOnly,272721,Bachelors,False,True,False,1,True,True,True,False,False
1599,1599,9,False,18.08333333333333,WhiteOnly,454482,HighSchoolOrCollege,True,True,False,1,False,True,True,True,False
1600,1600,9,False,15.083333333333334,BlackOnly,60440,Low,False,False,False,1,True,False,False,True,True
1601,1601,9,True,15.083333333333334,BlackOnly,36399,HighSchoolOrCollege,False,False,False,1,False,False,True,False,True
1602,1602,9,False,18.08333333333333,BlackOnly,49454,Low,False,False,False,1,False,False,True,False,False
1603,1603,9,True,18.08333333333333,WhiteOnly,91117,HighSchoolOrCollege,True,True,False,1,False,False,True,False,False
1604,1604,9,True,17.083333333333332,BlackOnly,32322,Bachelors,False,False,False,1,False,False,True,False,False
1605,1605,9,False,21.08333333333333,WhiteOnly,40363,Low,True,False,False,1,False,True,False,True,True
1606,1606,9,False,18.08333333333333,Plus2Races,468977,HighSchoolOrCollege,False,True,False,1,False,False,True,False,False
1607,1607,9,False,18.08333333333333,WhiteOnly,474743,HighSchoolOrCollege,True,True,False,1,True,False,False,True,True
1608,1608,9,False,16.083333333333332,BlackOnly,33042,HighSchoolOrCollege,False,False,False,1,False,False,False,True,False
1609,1609,9,False,24.08333333333333,WhiteOnly,15651,Bachelors,True,False,False,1,False,False,False,True,False
1610,1610,9,True,27.08333333333333,BlackOnly,46264,HighSchoolOrCollege,False,False,False,1,False,False,True,False,False
1611,1611,9,True,15.083333333333334,AsianOnly,98981,Bachelors,False,True,False,1,False,True,False,True,False
1612,1612,9,False,19.08333333333333,AsianOnly,53163,Bachelors,False,False,False,1,True,False,True,False,False
1613,1613,9,False,16.083333333333332,BlackOnly,63210,Low,False,False,False,1,False,True,False,False,False
1614,1614,9,True,22.08333333333333,Plus2Races,43330,Low,False,False,False,1,False,True,False,True,True
1615,1615,9,False,15.083333333333334,BlackOnly,36409,HighSchoolOrCollege,False,False,False,1,False,False,True,True,True
1616,1616,9,False,15.083333333333334,BlackOnly,270689,HighSchoolOrCollege,False,True,False,1,False,False,False,True,False
1617,1617,9,True,18.08333333333333,AsianOnly,478903,HighSchoolOrCollege,False,True,False,1,False,True,False,True,False
1618,1618,9,False,21.08333333333333,WhiteOnly,73946,Low,True,True,False,1,False,False,False,True,True
1619,1619,9,True,18.08333333333333,AsianOnly,374092,HighSchoolOrCollege,False,True,False,1,False,True,True,False,True
1620,1620,9,False,16.083333333333332,BlackOnly,55843,Bachelors,False,False,False,1,False,False,False,False,False
1621,1621,9,False,23.08333333333333,BlackOnly,146033,Bachelors,False,True,False,1,False,False,False,True,True
1622,1622,9,False,15.083333333333334,BlackOnly,41740,HighSchoolOrCollege,False,False,False,1,False,True,True,True,True
1623,1623,9,False,21.08333333333333,BlackOnly,96947,Low,False,True,False,1,False,True,False,True,True
1624,1624,9,False,15.083333333333334,BlackOnly,11122,Graduate,False,False,False,1,False,False,True,True,True
1625,1625,9,True,17.083333333333332,BlackOnly,311096,HighSchoolOrCollege,False,True,False,1,False,True,False,False,True
1626,1626,9,True,55.083333333333336,WhiteOnly,25268,HighSchoolOrCollege,True,False,True,1,False,False,True,False,True
1627,1627,9,False,19.08333333333333,BlackOnly,3244,HighSchoolOrCollege,False,False,False,1,False,True,False,True,False
1628,1628,9,False,18.08333333333333,BlackOnly,38144,HighSchoolOrCollege,False,False,False,1,True,True,True,True,True
1629,1629,9,True,16.083333333333332,WhiteOnly,90064,Bachelors,True,True,False,1,True,True,True,False,True
1630,1630,9,True,16.083333333333332,BlackOnly,14859,Low,False,False,False,1,True,False,True,False,False
1631,1631,9,False,55.083333333333336,WhiteOnly,215775,Low,True,True,True,1,False,True,False,False,False
1632,1632,9,True,18.08333333333333,WhiteOnly,21196,Low,True,False,False,1,False,True,True,False,True
1633,1633,9,True,19.08333333333333,AsianOnly,439751,HighSchoolOrCollege,False,True,False,1,False,True,True,False,False
1634,1634,9,False,21.08333333333333,BlackOnly,20627,HighSchoolOrCollege,False,False,False,1,False,False,True,True,False
1635,1635,9,False,20.08333333333333,BlackOnly,478432,HighSchoolOrCollege,False,True,False,1,False,True,True,True,True
1636,1636,9,False,17.083333333333332,BlackOnly,50610,Low,False,False,False,1,False,False,True,False,False
1637,1637,9,False,21.08333333333333,Other,36435,HighSchoolOrCollege,False,False,False,1,False,False,False,False,False
1638,1638,9,False,17.083333333333332,BlackOnly,235312,HighSchoolOrCollege,False,True,False,1,True,True,False,True,False
1639,1639,9,False,15.083333333333334,AsianOnly,28065,HighSchoolOrCollege,False,False,False,1,True,False,True,True,False
1640,1640,9,False,22.08333333333333,BlackOnly,45165,Bachelors,False,False,False,1,True,True,False,True,False
1641,1641,9,False,18.08333333333333,WhiteOnly,42742,Low,True,False,False,1,False,True,True,True,True
1642,1642,9,False,18.08333333333333,WhiteOnly,52295,Low,True,False,False,1,False,False,False,True,True
1643,1643,9,False,20.08333333333333,WhiteOnly,57610,HighSchoolOrCollege,True,False,False,1,False,False,False,False,False
1644,1644,9,False,21.08333333333333,AsianOnly,32959,Low,False,False,False,1,False,False,True,False,True
1645,1645,9,False,19.08333333333333,AsianOnly,61275,Low,False,False,False,1,False,False,True,False,False
1646,1646,9,False,16.083333333333332,BlackOnly,37240,Bachelors,False,False,False,1,True,True,False,True,False
1647,1647,9,False,15.083333333333334,BlackOnly,235738,HighSchoolOrCollege,False,True,False,1,False,True,True,False,False
1648,1648,9,False,15.083333333333334,WhiteOnly,383253,Low,True,True,False,1,True,True,False,True,False
1649,1649,9,True,26.08333333333333,AsianOnly,1097,Graduate,False,False,False,1,True,True,True,True,True
1650,1650,9,False,21.08333333333333,BlackOnly,66373,Graduate,False,False,False,1,False,True,True,True,False
1651,1651,9,False,15.083333333333334,BlackOnly,47117,Bachelors,False,False,False,1,False,False,True,True,True
1652,1652,9,False,20.08333333333333,BlackOnly,13590,HighSchoolOrCollege,False,False,False,1,False,False,True,False,False
1653,1653,9,False,54.083333333333336,BlackOnly,11836,Low,False,False,True,1,True,False,True,True,True
1654,1654,9,False,22.08333333333333,BlackOnly,90578,Bachelors,False,True,False,1,True,True,True,False,True
1655,1655,9,False,22.08333333333333,BlackOnly,31630,HighSchoolOrCollege,False,False,False,1,False,False,True,True,True
1656,1656,9,True,18.08333333333333,BlackOnly,31450,Low,False,False,False,1,False,True,True,True,True
1657,1657,9,False,17.083333333333332,BlackOnly,98657,Bachelors,False,True,False,1,False,True,False,True,True
1658,1658,9,True,17.083333333333332,AsianOnly,90589,Bachelors,False,True,False,1,True,True,False,False,False
1659,1659,9,True,15.083333333333334,BlackOnly,6731,HighSchoolOrCollege,False,False,False,1,False,True,True,True,False
1660,1660,9,False,19.08333333333333,BlackOnly,157572,HighSchoolOrCollege,False,True,False,1,False,True,False,True,True
1661,1661,9,False,21.08333333333333,BlackOnly,48832,Graduate,False,False,False,1,True,False,False,True,True
1662,1662,9,False,19.08333333333333,BlackOnly,565,Bachelors,False,False,False,1,False,False,True,False,True
1663,1663,9,False,21.08333333333333,WhiteOnly,90997,Bachelors,True,True,False,1,True,True,False,True,True
1664,1664,9,True,46.083333333333336,WhiteOnly,99129,HighSchoolOrCollege,True,True,False,1,True,True,False,False,True
1665,1665,9,False,15.083333333333334,BlackOnly,34337,HighSchoolOrCollege,False,False,False,1,False,True,True,True,False
1666,1666,9,False,43.083333333333336,Other,176252,HighSchoolOrCollege,False,True,False,1,True,True,True,True,True
1667,1667,9,True,20.08333333333333,BlackOnly,15695,Bachelors,False,False,False,1,False,False,False,True,True
1668,1668,9,True,18.08333333333333,Other,51176,HighSchoolOrCollege,False,False,False,1,False,False,True,False,True
1669,1669,9,False,32.083333333333336,BlackOnly,21922,Bachelors,False,False,False,1,True,False,False,False,True
1670,1670,9,False,53.083333333333336,WhiteOnly,25407,Low,True,False,True,1,True,False,False,True,False
1671,1671,9,True,16.083333333333332,WhiteOnly,129524,Bachelors,True,True,False,1,True,False,False,True,False
1672,1672,9,False,28.08333333333333,BlackOnly,21594,Bachelors,False,False,False,1,True,False,False,False,True
1673,1673,9,True,15.083333333333334,WhiteOnly,4556,HighSchoolOrCollege,True,False,False,1,False,True,True,False,False
1674,1674,9,False,42.083333333333336,WhiteOnly,27154,HighSchoolOrCollege,True,False,False,1,True,False,False,False,False
1675,1675,9,True,19.08333333333333,BlackOnly,66019,Low,False,False,False,1,True,False,False,False,False
1676,1676,9,False,24.08333333333333,AsianOnly,90442,HighSchoolOrCollege,False,True,False,1,False,False,False,True,False
1677,1677,9,False,16.083333333333332,BlackOnly,56451,HighSchoolOrCollege,False,False,False,1,False,False,False,True,False
1678,1678,9,False,19.08333333333333,WhiteOnly,37830,HighSchoolOrCollege,True,False,False,1,True,True,False,True,False
1679,1679,9,False,15.083333333333334,BlackOnly,90301,Bachelors,False,True,False,1,True,True,False,False,True
1680,1680,9,False,16.083333333333332,BlackOnly,72436,Bachelors,False,True,False,1,False,True,False,True,True
1681,1681,9,False,17.083333333333332,BlackOnly,44876,HighSchoolOrCollege,False,False,False,1,True,True,True,True,False
1682,1682,9,False,30.08333333333333,BlackOnly,61500,HighSchoolOrCollege,False,False,False,1,False,False,True,True,False
1683,1683,9,False,15.083333333333334,BlackOnly,46466,HighSchoolOrCollege,False,False,False,1,True,True,True,True,False
1684,1684,9,False,18.08333333333333,WhiteOnly,54190,HighSchoolOrCollege,True,False,False,1,True,False,False,True,False
1685,1685,9,False,25.08333333333333,BlackOnly,99919,HighSchoolOrCollege,False,True,False,1,False,True,True,True,False
1686,1686,9,True,23.08333333333333,BlackOnly,58217,HighSchoolOrCollege,False,False,False,1,False,True,False,False,True
1687,1687,9,True,41.083333333333336,BlackOnly,9681,Low,False,False,False,1,False,True,True,True,False
1688,1688,9,False,19.08333333333333,WhiteOnly,457475,HighSchoolOrCollege,True,True,False,1,True,False,False,True,False
1689,1689,9,True,17.083333333333332,BlackOnly,70004,Low,False,True,False,1,False,True,True,False,True
1690,1690,9,True,15.083333333333334,BlackOnly,3650,HighSchoolOrCollege,False,False,False,1,False,False,True,False,False
1691,1691,9,False,21.08333333333333,BlackOnly,81831,Low,False,True,False,1,False,True,True,True,False
1692,1692,9,True,16.083333333333332,BlackOnly,203117,HighSchoolOrCollege,False,True,False,1,False,True,True,True,False
1693,1693,9,True,19.08333333333333,WhiteOnly,85815,HighSchoolOrCollege,True,True,False,1,True,True,False,True,False
1694,1694,9,False,64.08333333333333,AsianOnly,49590,Bachelors,False,False,True,1,False,True,False,False,False
1695,1695,9,False,22.08333333333333,BlackOnly,46740,Low,False,False,False,1,False,True,True,True,False
1696,1696,9,True,18.08333333333333,BlackOnly,41216,HighSchoolOrCollege,False,False,False,1,False,False,True,True,False
1697,1697,9,True,32.083333333333336,Other,32854,Low,False,False,False,1,False,False,False,True,False
1698,1698,9,True,25.08333333333333,WhiteOnly,46281,HighSchoolOrCollege,True,False,False,1,True,False,False,True,True
1699,1699,9,False,15.083333333333334,BlackOnly,76539,HighSchoolOrCollege,False,True,False,1,False,True,False,True,False
1700,1700,9,False,18.08333333333333,BlackOnly,43404,Bachelors,False,False,False,1,True,False,False,True,False
1701,1701,9,False,21.08333333333333,BlackOnly,463231,Low,False,True,False,1,False,False,True,False,True
1702,1702,9,False,28.08333333333333,WhiteOnly,70597,Low,True,True,False,1,True,True,False,False,True
1703,1703,9,False,18.08333333333333,AsianOnly,58296,HighSchoolOrCollege,False,False,False,1,False,False,True,True,False
1704,1704,9,True,23.08333333333333,WhiteOnly,29361,Low,True,False,False,1,False,False,True,True,False
1705,1705,9,False,16.083333333333332,WhiteOnly,62581,HighSchoolOrCollege,True,False,False,1,False,False,True,True,False
1706,1706,9,False,16.083333333333332,BlackOnly,445760,Bachelors,False,True,False,1,False,False,True,True,False
1707,1707,9,True,20.08333333333333,WhiteOnly,35209,HighSchoolOrCollege,True,False,False,1,False,False,False,False,False
1708,1708,9,True,35.083333333333336,WhiteOnly,11682,Low,True,False,False,1,True,False,False,False,False
1709,1709,9,False,21.08333333333333,BlackOnly,86305,Low,False,True,False,1,True,False,True,False,False
1710,1710,9,False,27.08333333333333,WhiteOnly,451947,Bachelors,True,True,False,1,True,True,False,False,False
1711,1711,9,False,28.08333333333333,AsianOnly,59040,Bachelors,False,False,False,1,False,False,True,False,True
1712,1712,9,False,16.083333333333332,BlackOnly,188411,Bachelors,False,True,False,1,False,True,False,True,True
1713,1713,9,False,19.08333333333333,BlackOnly,285866,HighSchoolOrCollege,False,True,False,1,False,True,True,True,True
1714,1714,9,False,15.083333333333334,BlackOnly,27223,Low,False,False,False,1,False,False,True,False,True
1715,1715,9,False,40.083333333333336,WhiteOnly,425357,HighSchoolOrCollege,True,True,False,1,False,True,False,True,True
1716,1716,9,True,22.08333333333333,BlackOnly,34189,Bachelors,False,False,False,1,False,True,True,False,True
1717,1717,9,False,20.08333333333333,BlackOnly,314544,Bachelors,False,True,False,1,False,True,False,True,True
1718,1718,9,False,23.08333333333333,BlackOnly,17807,Bachelors,False,False,False,1,False,True,True,True,False
1719,1719,9,False,16.083333333333332,BlackOnly,82725,HighSchoolOrCollege,False,True,False,1,False,True,False,True,True
1720,1720,9,False,16.083333333333332,Plus2Races,10575,HighSchoolOrCollege,False,False,False,1,False,False,True,True,False
1721,1721,9,True,17.083333333333332,WhiteOnly,474266,Low,True,True,False,1,False,True,False,False,False
1722,1722,9,True,21.08333333333333,AsianOnly,92066,Graduate,False,True,False,1,True,True,True,False,True
1723,1723,9,True,23.08333333333333,WhiteOnly,75887,HighSchoolOrCollege,True,True,False,1,True,True,False,False,False
1724,1724,9,True,19.08333333333333,BlackOnly,36068,Low,False,False,False,1,False,False,False,False,False
1725,1725,9,True,15.083333333333334,BlackOnly,20981,Low,False,False,False,1,False,True,False,False,False
1726,1726,9,True,19.08333333333333,BlackOnly,68607,HighSchoolOrCollege,False,False,False,1,False,False,False,True,False
1727,1727,9,True,21.08333333333333,WhiteOnly,419691,Low,True,True,False,1,True,False,True,False,True
1728,1728,9,False,15.083333333333334,BlackOnly,21521,Graduate,False,False,False,1,True,True,True,True,True
1729,1729,9,True,20.08333333333333,BlackOnly,273462,Bachelors,False,True,False,1,False,True,False,True,True
1730,1730,9,True,15.083333333333334,WhiteOnly,7145,Bachelors,True,False,False,1,False,True,False,False,True
1731,1731,9,True,16.083333333333332,Plus2Races,42044,Bachelors,False,False,False,1,False,True,False,False,False
1732,1732,9,False,21.08333333333333,WhiteOnly,40477,Low,True,False,False,1,False,True,False,True,True
1733,1733,9,False,22.08333333333333,AsianOnly,44020,HighSchoolOrCollege,False,False,False,1,False,False,True,True,True
1734,1734,9,True,17.083333333333332,BlackOnly,68867,Bachelors,False,False,False,1,False,False,True,False,True
1735,1735,9,False,35.083333333333336,BlackOnly,15124,Bachelors,False,False,False,1,True,False,False,True,True
1736,1736,9,False,29.08333333333333,BlackOnly,57553,Low,False,False,False,1,False,False,False,False,False
1737,1737,9,True,17.083333333333332,WhiteOnly,33496,HighSchoolOrCollege,True,False,False,1,False,False,False,True,True
1738,1738,9,True,16.083333333333332,BlackOnly,24370,HighSchoolOrCollege,False,False,False,1,True,True,False,True,False
1739,1739,9,True,23.08333333333333,BlackOnly,482548,Bachelors,False,True,False,1,False,True,True,False,True
1740,1740,9,True,15.083333333333334,BlackOnly,58519,Bachelors,False,False,False,1,False,False,True,False,False
1741,1741,9,False,20.08333333333333,BlackOnly,66462,HighSchoolOrCollege,False,False,False,1,True,False,False,True,True
1742,1742,9,False,19.08333333333333,Plus2Races,27632,Low,False,False,False,1,False,False,True,False,False
1743,1743,9,False,24.08333333333333,WhiteOnly,67859,Bachelors,True,False,False,1,True,False,False,True,False
1744,1744,9,False,23.08333333333333,WhiteOnly,42757,Graduate,True,False,False,1,False,False,False,True,False
1745,1745,9,False,25.08333333333333,WhiteOnly,128219,Bachelors,True,True,False,1,False,True,False,True,True
1746,1746,9,False,32.083333333333336,BlackOnly,32508,Bachelors,False,False,False,1,True,False,False,False,False
1747,1747,9,True,41.083333333333336,WhiteOnly,53980,HighSchoolOrCollege,True,False,False,1,False,True,False,True,False
1748,1748,9,True,21.08333333333333,AsianOnly,80009,Low,False,True,False,1,False,False,False,False,True
1749,1749,9,False,19.08333333333333,BlackOnly,48735,Bachelors,False,False,False,1,True,False,False,True,False
1750,1750,9,False,22.08333333333333,Plus2Races,81293,Low,False,True,False,1,False,True,False,True,False
1751,1751,9,False,22.08333333333333,WhiteOnly,73786,HighSchoolOrCollege,True,True,False,1,False,False,False,True,True
1752,1752,9,False,15.083333333333334,BlackOnly,35612,HighSchoolOrCollege,False,False,False,1,True,True,True,False,False
1753,1753,9,True,21.08333333333333,BlackOnly,310379,Bachelors,False,True,False,1,False,True,False,True,True
1754,1754,9,False,15.083333333333334,Plus2Races,96846,Bachelors,False,True,False,1,False,True,False,True,True
1755,1755,9,True,22.08333333333333,BlackOnly,69700,HighSchoolOrCollege,False,False,False,1,False,True,True,False,False
1756,1756,9,False,20.08333333333333,BlackOnly,10736,HighSchoolOrCollege,False,False,False,1,False,True,True,False,False
1757,1757,9,False,22.08333333333333,BlackOnly,40009,Bachelors,False,False,False,1,False,False,True,False,True
1758,1758,9,True,19.08333333333333,BlackOnly,48736,Low,False,False,False,1,True,True,False,False,True
1759,1759,9,True,21.08333333333333,BlackOnly,66299,HighSchoolOrCollege,False,False,False,1,True,False,True,False,False
1760,1760,9,True,21.08333333333333,BlackOnly,241227,HighSchoolOrCollege,False,True,False,1,False,True,True,True,False
1761,1761,9,True,51.083333333333336,BlackOnly,280368,HighSchoolOrCollege,False,True,True,1,False,True,False,True,True
1762,1762,9,False,16.083333333333332,BlackOnly,61813,Low,False,False,False,1,True,False,True,True,False
1763,1763,9,False,15.083333333333334,WhiteOnly,113433,HighSchoolOrCollege,True,True,False,1,False,True,False,True,False
1764,1764,9,True,21.08333333333333,BlackOnly,95244,HighSchoolOrCollege,False,True,False,1,True,True,False,False,False
1765,1765,9,True,16.083333333333332,AsianOnly,85502,Bachelors,False,True,False,1,False,False,False,False,True
1766,1766,9,True,15.083333333333334,WhiteOnly,43656,Low,True,False,False,1,False,True,True,True,False
1767,1767,9,True,27.08333333333333,BlackOnly,93329,HighSchoolOrCollege,False,True,False,1,True,True,False,True,False
1768,1768,9,False,43.083333333333336,BlackOnly,32403,Bachelors,False,False,False,1,True,True,True,True,True
1769,1769,9,False,19.08333333333333,BlackOnly,32046,Bachelors,False,False,False,1,False,False,False,False,True
1770,1770,9,True,60.083333333333336,BlackOnly,87856,HighSchoolOrCollege,False,True,True,1,True,False,False,False,False
1771,1771,9,True,18.08333333333333,BlackOnly,283108,Low,False,True,False,1,False,True,False,True,True
1772,1772,9,False,24.08333333333333,BlackOnly,483947,Bachelors,False,True,False,1,False,False,False,False,True
1773,1773,9,False,22.08333333333333,WhiteOnly,99554,Bachelors,True,True,False,1,False,False,False,True,True
1774,1774,9,False,23.08333333333333,BlackOnly,21092,HighSchoolOrCollege,False,False,False,1,True,True,True,True,False
1775,1775,9,True,18.08333333333333,BlackOnly,64399,HighSchoolOrCollege,False,False,False,1,False,True,True,False,True
1776,1776,9,True,20.08333333333333,BlackOnly,13184,Bachelors,False,False,False,1,False,False,False,False,False
1777,1777,9,True,15.083333333333334,BlackOnly,71407,Low,False,True,False,1,True,True,True,True,False
1778,1778,9,False,29.08333333333333,WhiteOnly,44198,Bachelors,True,False,False,1,False,True,False,True,True
1779,1779,9,True,21.08333333333333,BlackOnly,300831,Low,False,True,False,1,False,True,True,True,False
1780,1780,9,False,21.08333333333333,BlackOnly,83802,Bachelors,False,True,False,1,False,True,False,False,False
1781,1781,9,False,17.083333333333332,AsianOnly,39573,Low,False,False,False,1,True,False,True,True,False
1782,1782,9,True,61.083333333333336,BlackOnly,310498,Low,False,True,True,1,True,True,True,True,False
1783,1783,9,True,19.08333333333333,BlackOnly,28407,HighSchoolOrCollege,False,False,False,1,False,False,True,False,False
1784,1784,9,False,19.08333333333333,AmerIndianOnly,344658,Low,False,True,False,1,False,False,True,True,True
1785,1785,9,True,29.08333333333333,BlackOnly,51702,Low,False,False,False,1,True,False,True,True,False
1786,1786,9,True,15.083333333333334,BlackOnly,9245,HighSchoolOrCollege,False,False,False,1,False,True,True,True,False
1787,1787,9,True,17.083333333333332,BlackOnly,41014,HighSchoolOrCollege,False,False,False,1,False,False,False,True,False
1788,1788,9,False,16.083333333333332,BlackOnly,48882,HighSchoolOrCollege,False,False,False,1,False,False,True,True,False
1789,1789,9,True,20.08333333333333,WhiteOnly,8228,Bachelors,True,False,False,1,True,False,True,True,True
1790,1790,9,True,18.08333333333333,AsianOnly,258984,Bachelors,False,True,False,1,True,True,False,False,False
1791,1791,9,True,19.08333333333333,BlackOnly,28476,HighSchoolOrCollege,False,False,False,1,False,False,True,False,True
1792,1792,9,True,18.08333333333333,BlackOnly,3895,HighSchoolOrCollege,False,False,False,1,False,False,True,False,True
1793,1793,9,False,23.08333333333333,Other,150197,Bachelors,False,True,False,1,False,False,True,True,False
1794,1794,9,False,37.083333333333336,BlackOnly,58868,Low,False,False,False,1,False,False,False,True,False
1795,1795,9,False,16.083333333333332,WhiteOnly,70683,HighSchoolOrCollege,True,True,False,1,False,True,True,False,False
1796,1796,9,False,16.083333333333332,BlackOnly,28216,Low,False,False,False,1,False,True,True,True,False
1797,1797,9,True,29.08333333333333,AsianOnly,28088,HighSchoolOrCollege,False,False,False,1,False,False,True,False,False
1798,1798,9,False,17.083333333333332,Plus2Races,92765,Bachelors,False,True,False,1,False,False,False,True,True
1799,1799,9,False,31.08333333333333,BlackOnly,259095,Low,False,True,False,1,False,True,False,False,False
1800,1800,9,True,24.08333333333333,WhiteOnly,79230,HighSchoolOrCollege,True,True,False,1,True,True,False,True,False
1801,1801,9,True,28.08333333333333,BlackOnly,2398,Bachelors,False,False,False,1,True,False,False,False,True
1802,1802,9,True,26.08333333333333,WhiteOnly,25193,Bachelors,True,False,False,1,True,False,False,False,True
1803,1803,9,False,24.08333333333333,BlackOnly,58264,HighSchoolOrCollege,False,False,False,1,False,False,False,True,False
1804,1804,9,True,15.083333333333334,WhiteOnly,15163,Bachelors,True,False,False,1,False,False,False,False,True
1805,1805,9,True,19.08333333333333,BlackOnly,19140,HighSchoolOrCollege,False,False,False,1,True,False,False,False,False
1806,1806,9,True,17.083333333333332,Other,44312,HighSchoolOrCollege,False,False,False,1,False,False,False,False,True
1807,1807,9,False,19.08333333333333,AsianOnly,13188,Bachelors,False,False,False,1,True,False,True,False,False
1808,1808,9,False,20.08333333333333,BlackOnly,7709,HighSchoolOrCollege,False,False,False,1,True,True,False,False,False
1809,1809,9,False,15.083333333333334,Other,241293,Graduate,False,True,False,1,True,True,False,False,True
1810,1810,9,False,24.08333333333333,AsianOnly,37955,Low,False,False,False,1,False,True,True,True,False
1811,1811,10,True,44.083333333333336,BlackOnly,132677,HighSchoolOrCollege,False,True,False,1,False,False,False,True,True
1812,1812,10,False,58.083333333333336,WhiteOnly,223,HighSchoolOrCollege,True,False,True,1,True,True,False,False,False
1813,1813,10,False,31.08333333333333,Plus2Races,239336,Graduate,False,True,False,1,True,True,False,True,False
1814,1814,10,True,53.083333333333336,WhiteOnly,126517,HighSchoolOrCollege,True,True,True,1,True,True,False,True,False
1815,1815,10,False,24.08333333333333,WhiteOnly,121669,Bachelors,True,True,False,1,False,False,True,True,True
1816,1816,10,False,46.083333333333336,BlackOnly,321565,Low,False,True,False,1,True,True,False,False,False
1817,1817,10,False,30.08333333333333,BlackOnly,90151,Graduate,False,True,False,1,True,True,True,True,True
1818,1818,10,False,49.083333333333336,WhiteOnly,493862,Bachelors,True,True,False,1,True,True,True,True,True
1819,1819,10,True,21.08333333333333,WhiteOnly,67478,Low,True,False,False,1,True,True,True,False,False
1820,1820,10,True,46.083333333333336,WhiteOnly,335941,HighSchoolOrCollege,True,True,False,1,True,True,True,False,False
1821,1821,10,False,59.083333333333336,AsianOnly,28315,HighSchoolOrCollege,False,False,True,1,True,True,True,False,False
1822,1822,10,False,30.08333333333333,WhiteOnly,54362,Bachelors,True,False,False,1,False,False,True,True,True
1823,1823,10,False,25.08333333333333,Other,79443,Bachelors,False,True,False,1,True,True,False,True,True
1824,1824,10,False,37.083333333333336,WhiteOnly,132943,Bachelors,True,True,False,1,True,False,False,True,False
1825,1825,10,False,30.08333333333333,BlackOnly,470389,Graduate,False,True,False,1,False,True,False,True,True
1826,1826,10,True,25.08333333333333,WhiteOnly,61782,Graduate,True,False,False,1,True,False,False,True,True
1827,1827,10,True,21.08333333333333,WhiteOnly,66562,Graduate,True,False,False,1,False,False,False,False,False
1828,1828,10,True,40.083333333333336,WhiteOnly,43357,HighSchoolOrCollege,True,False,False,1,False,False,False,True,False
1829,1829,10,True,34.083333333333336,WhiteOnly,421727,HighSchoolOrCollege,True,True,False,1,True,True,False,False,False
1830,1830,10,True,37.083333333333336,WhiteOnly,60367,HighSchoolOrCollege,True,False,False,1,False,False,False,False,False
1831,1831,10,True,27.08333333333333,WhiteOnly,426497,HighSchoolOrCollege,True,True,False,1,False,False,True,True,False
1832,1832,10,False,30.08333333333333,BlackOnly,94098,HighSchoolOrCollege,False,True,False,1,False,False,False,True,False
1833,1833,10,False,29.08333333333333,WhiteOnly,53077,Graduate,True,False,False,1,True,False,False,False,False
1834,1834,10,False,31.08333333333333,WhiteOnly,43241,Graduate,True,False,False,1,False,False,True,True,True
1835,1835,10,False,45.083333333333336,WhiteOnly,174210,Bachelors,True,True,False,1,True,True,True,True,True
1836,1836,10,True,34.083333333333336,BlackOnly,380460,Graduate,False,True,False,1,False,True,False,False,False
1837,1837,10,False,37.083333333333336,WhiteOnly,63725,HighSchoolOrCollege,True,False,False,1,True,True,False,True,False
1838,1838,10,True,33.083333333333336,WhiteOnly,63572,Bachelors,True,False,False,1,False,False,False,False,False
1839,1839,10,False,25.08333333333333,BlackOnly,31056,Bachelors,False,False,False,1,True,False,True,True,True
1840,1840,10,False,30.08333333333333,WhiteOnly,468308,Bachelors,True,True,False,1,True,True,False,True,False
1841,1841,10,True,29.08333333333333,WhiteOnly,359704,HighSchoolOrCollege,True,True,False,1,False,True,True,True,True
1842,1842,10,True,31.08333333333333,BlackOnly,113622,Graduate,False,True,False,1,True,True,False,False,True
1843,1843,10,True,26.08333333333333,BlackOnly,171953,Graduate,False,True,False,1,True,False,True,False,True
1844,1844,10,False,27.08333333333333,WhiteOnly,30971,HighSchoolOrCollege,True,False,False,1,True,False,False,True,False
1845,1845,10,True,33.083333333333336,WhiteOnly,64383,Bachelors,True,False,False,1,True,True,False,False,False
1846,1846,10,True,26.08333333333333,WhiteOnly,79885,Bachelors,True,True,False,1,True,True,False,True,False
1847,1847,10,True,31.08333333333333,BlackOnly,86268,Graduate,False,True,False,1,True,True,True,False,True
1848,1848,10,False,57.083333333333336,WhiteOnly,67981,Bachelors,True,False,True,1,True,False,True,False,False
1849,1849,10,True,38.083333333333336,WhiteOnly,311553,Bachelors,True,True,False,1,False,True,False,True,False
1850,1850,10,False,27.08333333333333,Plus2Races,199315,Bachelors,False,True,False,1,True,True,True,True,True
1851,1851,10,True,31.08333333333333,BlackOnly,44706,Bachelors,False,False,False,1,True,False,False,True,False
1852,1852,10,True,35.083333333333336,Plus2Races,68871,Graduate,False,False,False,1,True,True,False,True,True
1853,1853,10,False,58.083333333333336,WhiteOnly,355593,Graduate,True,True,True,1,True,False,False,False,True
1854,1854,10,False,29.08333333333333,BlackOnly,91170,Bachelors,False,True,False,1,False,True,False,False,True
1855,1855,10,False,28.08333333333333,WhiteOnly,148582,Graduate,True,True,False,1,False,True,False,True,True
1856,1856,10,False,21.08333333333333,BlackOnly,272721,Graduate,False,True,False,1,True,True,True,True,True
1857,1857,10,False,32.083333333333336,WhiteOnly,454482,Bachelors,True,True,False,1,False,True,False,True,False
1858,1858,10,False,26.08333333333333,BlackOnly,85440,HighSchoolOrCollege,False,True,False,1,False,False,False,True,False
1859,1859,10,True,26.08333333333333,WhiteOnly,61399,Bachelors,True,False,False,1,True,True,False,False,True
1860,1860,10,False,34.083333333333336,WhiteOnly,49454,HighSchoolOrCollege,True,False,False,1,True,True,False,True,True
1861,1861,10,True,28.08333333333333,WhiteOnly,141117,Bachelors,True,True,False,1,True,True,True,False,False
1862,1862,10,True,30.08333333333333,WhiteOnly,57322,Graduate,True,False,False,1,True,False,False,True,True
1863,1863,10,False,38.083333333333336,WhiteOnly,65363,HighSchoolOrCollege,True,False,False,1,True,False,True,False,False
1864,1864,10,False,24.08333333333333,Plus2Races,468977,Bachelors,False,True,False,1,True,True,True,True,False
1865,1865,10,False,29.08333333333333,WhiteOnly,474743,Bachelors,True,True,False,1,True,True,False,True,False
1866,1866,10,False,25.08333333333333,WhiteOnly,58042,Bachelors,True,False,False,1,True,False,False,False,False
1867,1867,10,False,36.083333333333336,WhiteOnly,25651,Graduate,True,False,False,1,False,True,False,True,True
1868,1868,10,True,49.083333333333336,WhiteOnly,71264,Bachelors,True,True,False,1,True,False,True,False,True
1869,1869,10,True,22.08333333333333,AsianOnly,348981,Graduate,False,True,False,1,False,True,True,True,True
1870,1870,10,False,33.083333333333336,BlackOnly,78163,Graduate,False,True,False,1,False,True,False,True,True
1871,1871,10,False,26.08333333333333,WhiteOnly,88210,HighSchoolOrCollege,True,True,False,1,True,False,True,True,True
1872,1872,10,True,34.083333333333336,Plus2Races,68330,HighSchoolOrCollege,False,False,False,1,False,False,False,True,True
1873,1873,10,False,16.083333333333332,WhiteOnly,61409,Bachelors,True,False,False,1,True,True,False,True,False
1874,1874,10,False,21.08333333333333,WhiteOnly,270689,Bachelors,True,True,False,1,True,True,False,True,True
1875,1875,10,True,29.08333333333333,AsianOnly,478903,Graduate,False,True,False,1,True,True,True,False,True
1876,1876,10,True,42.083333333333336,WhiteOnly,98946,HighSchoolOrCollege,True,True,False,1,True,True,False,False,False
1877,1877,10,True,20.08333333333333,AsianOnly,374092,Bachelors,False,True,False,1,False,False,True,False,False
1878,1878,10,False,32.083333333333336,BlackOnly,80843,Graduate,False,True,False,1,False,True,False,True,True
1879,1879,10,False,41.083333333333336,WhiteOnly,146033,Graduate,True,True,False,1,True,True,True,True,True
1880,1880,10,False,22.08333333333333,BlackOnly,66740,Bachelors,False,False,False,1,False,True,False,True,True
1881,1881,10,False,35.083333333333336,BlackOnly,146947,HighSchoolOrCollege,False,True,False,1,False,False,False,True,False
1882,1882,10,False,25.08333333333333,BlackOnly,46122,Graduate,False,False,False,1,True,False,False,False,True
1883,1883,10,True,34.083333333333336,BlackOnly,311096,Bachelors,False,True,False,1,True,False,True,False,False
1884,1884,10,True,63.083333333333336,WhiteOnly,50268,HighSchoolOrCollege,True,False,True,1,False,False,False,False,True
1885,1885,10,False,33.083333333333336,WhiteOnly,33244,Graduate,True,False,False,1,True,False,True,True,True
1886,1886,10,False,26.08333333333333,BlackOnly,63144,Graduate,False,False,False,1,False,False,False,False,True
1887,1887,10,True,25.08333333333333,WhiteOnly,265064,Graduate,True,True,False,1,True,False,False,True,True
1888,1888,10,True,23.08333333333333,BlackOnly,39859,HighSchoolOrCollege,False,False,False,1,False,True,False,False,False
1889,1889,10,False,58.083333333333336,WhiteOnly,215775,HighSchoolOrCollege,True,True,True,1,False,True,False,False,False
1890,1890,10,True,26.08333333333333,WhiteOnly,31196,HighSchoolOrCollege,True,False,False,1,True,False,False,True,True
1891,1891,10,True,20.08333333333333,Other,439751,Bachelors,False,True,False,1,False,True,False,False,False
1892,1892,10,False,36.083333333333336,BlackOnly,40627,Bachelors,False,False,False,1,True,True,False,True,False
1893,1893,10,False,31.08333333333333,WhiteOnly,478432,Graduate,True,True,False,1,True,True,False,True,True
1894,1894,10,False,20.08333333333333,WhiteOnly,75610,HighSchoolOrCollege,True,True,False,1,True,True,False,True,False
1895,1895,10,False,33.083333333333336,Plus2Races,61435,Bachelors,False,False,False,1,False,False,True,False,False
1896,1896,10,False,23.08333333333333,WhiteOnly,235312,Bachelors,True,True,False,1,False,False,False,False,True
1897,1897,10,False,23.08333333333333,BlackOnly,78065,Bachelors,False,True,False,1,True,False,True,False,True
1898,1898,10,False,32.083333333333336,BlackOnly,70165,Graduate,False,True,False,1,False,False,False,True,True
1899,1899,10,False,28.08333333333333,WhiteOnly,92742,HighSchoolOrCollege,True,True,False,1,True,True,False,True,False
1900,1900,10,False,27.08333333333333,WhiteOnly,77295,Low,True,True,False,1,True,False,False,False,True
1901,1901,10,False,36.083333333333336,WhiteOnly,82610,Bachelors,True,True,False,1,False,True,False,False,False
1902,1902,10,False,37.083333333333336,AsianOnly,32959,Low,False,False,False,1,True,False,True,True,False
1903,1903,10,False,33.083333333333336,AsianOnly,86275,HighSchoolOrCollege,False,True,False,1,False,True,True,False,False
1904,1904,10,False,32.083333333333336,WhiteOnly,62240,Graduate,True,False,False,1,True,False,False,True,True
1905,1905,10,False,20.08333333333333,BlackOnly,235738,Graduate,False,True,False,1,False,True,False,False,False
1906,1906,10,False,29.08333333333333,WhiteOnly,383253,HighSchoolOrCollege,True,True,False,1,True,False,False,True,True
1907,1907,10,True,45.083333333333336,AsianOnly,31097,Graduate,False,False,False,1,False,False,True,False,False
1908,1908,10,False,36.083333333333336,BlackOnly,91373,Graduate,False,True,False,1,False,True,False,True,True
1909,1909,10,False,15.083333333333334,BlackOnly,72117,Graduate,False,True,False,1,False,True,True,True,False
1910,1910,10,True,40.083333333333336,WhiteOnly,28590,HighSchoolOrCollege,True,False,False,1,True,False,True,True,False
1911,1911,10,True,58.083333333333336,WhiteOnly,36836,HighSchoolOrCollege,True,False,True,1,True,False,False,True,False
1912,1912,10,False,40.083333333333336,BlackOnly,315578,Graduate,False,True,False,1,True,True,True,True,True
1913,1913,10,True,41.083333333333336,BlackOnly,81630,Bachelors,False,True,False,1,True,True,False,False,True
1914,1914,10,True,25.08333333333333,WhiteOnly,56450,HighSchoolOrCollege,True,False,False,1,False,False,True,True,False
1915,1915,10,False,21.08333333333333,BlackOnly,298657,Graduate,False,True,False,1,True,False,False,True,True
1916,1916,10,True,31.08333333333333,AsianOnly,365589,Graduate,False,True,False,1,True,False,False,False,True
1917,1917,10,True,26.08333333333333,WhiteOnly,16731,Graduate,True,False,False,1,False,False,False,False,True
1918,1918,10,True,27.08333333333333,WhiteOnly,157572,Graduate,True,True,False,1,False,True,False,False,True
1919,1919,10,False,30.08333333333333,BlackOnly,98832,Graduate,False,True,False,1,False,True,False,True,True
1920,1920,10,False,25.08333333333333,WhiteOnly,40565,Graduate,True,False,False,1,True,False,False,True,True
1921,1921,10,False,32.083333333333336,WhiteOnly,215997,Graduate,True,True,False,1,True,True,False,True,True
1922,1922,10,True,55.083333333333336,WhiteOnly,424129,Bachelors,True,True,True,1,True,False,False,False,True
1923,1923,10,True,26.08333333333333,WhiteOnly,59337,Bachelors,True,False,False,1,True,False,True,True,True
1924,1924,10,False,59.083333333333336,Plus2Races,176252,Bachelors,False,True,True,1,True,True,True,True,False
1925,1925,10,True,38.083333333333336,WhiteOnly,25695,Graduate,True,False,False,1,True,False,False,False,True
1926,1926,10,True,33.083333333333336,Plus2Races,76176,Bachelors,False,True,False,1,True,False,False,True,False
1927,1927,10,False,47.083333333333336,BlackOnly,31922,Graduate,False,False,False,1,True,False,False,True,True
1928,1928,10,False,57.083333333333336,WhiteOnly,50407,HighSchoolOrCollege,True,False,True,1,True,False,False,False,False
1929,1929,10,True,34.083333333333336,WhiteOnly,129524,Graduate,True,True,False,1,True,False,False,True,True
1930,1930,10,False,47.083333333333336,WhiteOnly,36594,Graduate,True,False,False,1,False,False,False,True,True
1931,1931,10,True,26.08333333333333,WhiteOnly,29556,Bachelors,True,False,False,1,True,False,True,False,True
1932,1932,10,False,55.083333333333336,WhiteOnly,52154,Bachelors,True,False,True,1,True,True,True,True,False
1933,1933,10,True,26.08333333333333,WhiteOnly,91019,Low,True,True,False,1,False,False,False,False,True
1934,1934,10,False,35.083333333333336,BlackOnly,465442,Bachelors,False,True,False,1,False,True,False,True,True
1935,1935,10,False,33.083333333333336,BlackOnly,81451,Graduate,False,True,False,1,False,True,False,True,True
1936,1936,10,False,31.08333333333333,WhiteOnly,62830,Bachelors,True,False,False,1,False,False,False,False,True
1937,1937,10,True,25.08333333333333,WhiteOnly,90301,Graduate,True,True,False,1,False,True,False,True,True
1938,1938,10,False,32.083333333333336,BlackOnly,97436,Graduate,False,True,False,1,False,True,False,True,True
1939,1939,10,False,23.08333333333333,BlackOnly,44876,Graduate,False,False,False,1,True,False,False,True,True
1940,1940,10,False,50.083333333333336,WhiteOnly,86500,Bachelors,True,True,True,1,False,False,False,False,False
1941,1941,10,False,25.08333333333333,WhiteOnly,71466,Bachelors,True,True,False,1,True,True,False,False,True
1942,1942,10,True,19.08333333333333,WhiteOnly,79190,Bachelors,True,True,False,1,False,True,False,False,False
1943,1943,10,True,49.083333333333336,WhiteOnly,424919,Bachelors,True,True,False,1,False,True,True,False,False
1944,1944,10,True,38.083333333333336,WhiteOnly,83217,Bachelors,True,True,False,1,False,False,False,True,True
1945,1945,10,True,56.083333333333336,WhiteOnly,29681,Low,True,False,True,1,True,True,False,False,False
1946,1946,10,False,32.083333333333336,WhiteOnly,457475,HighSchoolOrCollege,True,True,False,1,True,True,False,True,False
1947,1947,10,True,24.08333333333333,WhiteOnly,95004,HighSchoolOrCollege,True,True,False,1,True,True,False,True,False
1948,1948,10,True,32.083333333333336,BlackOnly,13650,Bachelors,False,False,False,1,True,True,True,False,True
1949,1949,10,False,38.083333333333336,WhiteOnly,331831,HighSchoolOrCollege,True,True,False,1,True,True,False,True,False
1950,1950,10,True,28.08333333333333,WhiteOnly,203117,Graduate,True,True,False,1,True,True,True,False,True
1951,1951,10,True,24.08333333333333,WhiteOnly,160815,HighSchoolOrCollege,True,True,False,1,True,True,False,False,False
1952,1952,10,False,60.083333333333336,BlackOnly,49590,Graduate,False,False,True,1,False,False,False,True,False
1953,1953,10,False,44.083333333333336,BlackOnly,46740,HighSchoolOrCollege,False,False,False,1,True,True,False,True,False
1954,1954,10,True,26.08333333333333,BlackOnly,66216,Bachelors,False,False,False,1,False,False,False,True,True
1955,1955,10,True,48.083333333333336,Plus2Races,57854,HighSchoolOrCollege,False,False,False,1,False,False,True,True,False
1956,1956,10,True,46.083333333333336,WhiteOnly,46281,Bachelors,True,False,False,1,False,True,False,False,True
1957,1957,10,False,26.08333333333333,WhiteOnly,151539,Bachelors,True,True,False,1,False,True,False,False,True
1958,1958,10,True,21.08333333333333,BlackOnly,68404,Graduate,False,False,False,1,False,False,True,True,True
1959,1959,10,False,37.083333333333336,BlackOnly,463231,HighSchoolOrCollege,False,True,False,1,False,False,True,True,True
1960,1960,10,False,48.083333333333336,WhiteOnly,95597,HighSchoolOrCollege,True,True,False,1,True,True,True,False,False
1961,1961,10,False,19.08333333333333,AsianOnly,83296,Bachelors,False,True,False,1,False,True,True,True,True
1962,1962,10,True,40.083333333333336,WhiteOnly,54361,Low,True,False,False,1,False,False,True,True,False
1963,1963,10,False,34.083333333333336,WhiteOnly,87581,Bachelors,True,True,False,1,False,True,False,False,True
1964,1964,10,False,26.08333333333333,BlackOnly,445760,Graduate,False,True,False,1,False,True,True,True,True
1965,1965,10,True,44.083333333333336,WhiteOnly,60209,Bachelors,True,False,False,1,True,True,False,True,True
1966,1966,10,True,54.083333333333336,WhiteOnly,26682,Low,True,False,True,1,True,True,True,True,True
1967,1967,10,False,37.083333333333336,BlackOnly,211305,HighSchoolOrCollege,False,True,False,1,False,False,False,False,True
1968,1968,10,False,45.083333333333336,WhiteOnly,451947,Graduate,True,True,False,1,True,False,True,True,True
1969,1969,10,False,45.083333333333336,AsianOnly,84040,Graduate,False,True,False,1,False,True,False,True,True
1970,1970,10,False,26.08333333333333,BlackOnly,188411,Graduate,False,True,False,1,True,True,True,True,True
1971,1971,10,False,29.08333333333333,WhiteOnly,285866,Graduate,True,True,False,1,True,True,False,True,True
1972,1972,10,False,25.08333333333333,BlackOnly,52223,HighSchoolOrCollege,False,False,False,1,False,False,True,True,True
1973,1973,10,True,50.083333333333336,WhiteOnly,425357,HighSchoolOrCollege,True,True,True,1,False,True,False,False,False
1974,1974,10,True,33.083333333333336,BlackOnly,59189,Graduate,False,False,False,1,True,False,True,False,False
1975,1975,10,False,43.083333333333336,WhiteOnly,314544,Graduate,True,True,False,1,False,True,False,True,True
1976,1976,10,False,37.083333333333336,BlackOnly,47807,Graduate,False,False,False,1,True,False,False,True,True
1977,1977,10,False,22.08333333333333,BlackOnly,457725,Bachelors,False,True,False,1,False,True,False,False,True
1978,1978,10,False,29.08333333333333,Plus2Races,40575,Graduate,False,False,False,1,True,True,True,False,False
1979,1979,10,True,32.083333333333336,WhiteOnly,474266,Low,True,True,False,1,True,True,True,False,False
1980,1980,10,True,30.08333333333333,BlackOnly,417066,Graduate,False,True,False,1,True,True,False,False,False
1981,1981,10,True,37.083333333333336,WhiteOnly,125887,Bachelors,True,True,False,1,True,True,False,False,True
1982,1982,10,True,19.08333333333333,BlackOnly,86068,HighSchoolOrCollege,False,True,False,1,False,True,True,False,False
1983,1983,10,True,28.08333333333333,BlackOnly,30981,Low,False,False,False,1,False,False,True,True,False
1984,1984,10,True,28.08333333333333,WhiteOnly,93607,Bachelors,True,True,False,1,True,True,True,False,True
1985,1985,10,True,36.083333333333336,WhiteOnly,419691,HighSchoolOrCollege,True,True,False,1,False,True,False,True,True
1986,1986,10,False,28.08333333333333,BlackOnly,36521,Graduate,False,False,False,1,False,False,True,True,True
1987,1987,10,True,40.083333333333336,BlackOnly,273462,Graduate,False,True,False,1,True,True,False,True,True
1988,1988,10,True,28.08333333333333,WhiteOnly,7145,Graduate,True,False,False,1,False,True,True,False,True
1989,1989,10,True,26.08333333333333,Plus2Races,42044,Graduate,False,False,False,1,False,True,False,False,True
1990,1990,10,True,44.083333333333336,WhiteOnly,65477,HighSchoolOrCollege,True,False,False,1,False,False,True,False,False
1991,1991,10,False,37.083333333333336,AsianOnly,94020,Bachelors,False,True,False,1,False,True,True,False,False
1992,1992,10,True,32.083333333333336,WhiteOnly,93867,Graduate,True,True,False,1,False,True,True,False,False
1993,1993,10,False,54.083333333333336,WhiteOnly,35124,Graduate,True,False,True,1,True,False,False,False,True
1994,1994,10,False,48.083333333333336,WhiteOnly,82553,HighSchoolOrCollege,True,True,False,1,True,False,False,True,True
1995,1995,10,True,22.08333333333333,WhiteOnly,33496,Bachelors,True,False,False,1,False,False,False,False,True
1996,1996,10,True,32.083333333333336,BlackOnly,34370,Bachelors,False,False,False,1,True,False,True,False,True
1997,1997,10,True,30.08333333333333,WhiteOnly,482548,Graduate,True,True,False,1,True,True,True,True,False
1998,1998,10,True,34.083333333333336,BlackOnly,83519,Graduate,False,True,False,1,False,True,True,False,True
1999,1999,10,False,37.083333333333336,WhiteOnly,91462,Graduate,True,True,False,1,True,False,False,True,False
2000,2000,10,False,30.08333333333333,Plus2Races,52632,HighSchoolOrCollege,False,False,False,1,True,False,False,True,True
2001,2001,11,True,44.083333333333336,WhiteOnly,132677,Bachelors,True,True,False,1,True,False,False,False,True
2002,2002,11,False,56.083333333333336,WhiteOnly,223,Bachelors,True,False,True,1,True,False,True,True,False
2003,2003,11,False,30.08333333333333,Plus2Races,239336,Graduate,False,True,False,1,True,True,False,True,True
2004,2004,11,True,50.083333333333336,WhiteOnly,126517,HighSchoolOrCollege,True,True,True,1,True,True,True,False,False
2005,2005,11,False,27.08333333333333,WhiteOnly,121669,Bachelors,True,True,False,1,True,False,True,True,True
2006,2006,11,False,50.083333333333336,WhiteOnly,321565,Low,True,True,True,1,True,True,False,False,False
2007,2007,11,False,34.083333333333336,BlackOnly,90151,Graduate,False,True,False,1,True,False,True,True,True
2008,2008,11,False,45.083333333333336,WhiteOnly,493862,Bachelors,True,True,False,1,True,True,False,True,True
2009,2009,11,False,29.08333333333333,WhiteOnly,67478,HighSchoolOrCollege,True,False,False,1,False,False,True,True,False
2010,2010,11,True,49.083333333333336,WhiteOnly,335941,HighSchoolOrCollege,True,True,False,1,True,True,False,False,False
2011,2011,11,False,54.083333333333336,AsianOnly,53315,Bachelors,False,False,True,1,True,False,True,True,True
2012,2012,11,False,36.083333333333336,WhiteOnly,54362,Bachelors,True,False,False,1,True,False,False,True,True
2013,2013,11,False,33.083333333333336,Plus2Races,104443,Bachelors,False,True,False,1,True,False,True,False,True
2014,2014,11,False,40.083333333333336,WhiteOnly,132943,Bachelors,True,True,False,1,False,True,True,False,True
2015,2015,11,False,38.083333333333336,WhiteOnly,470389,Graduate,True,True,False,1,True,False,False,True,True
2016,2016,11,True,30.08333333333333,WhiteOnly,61782,Graduate,True,False,False,1,True,False,False,True,True
2017,2017,11,True,29.08333333333333,WhiteOnly,66562,Graduate,True,False,False,1,False,True,True,True,False
2018,2018,11,True,43.083333333333336,WhiteOnly,43357,HighSchoolOrCollege,True,False,False,1,True,False,True,False,False
2019,2019,11,True,37.083333333333336,WhiteOnly,421727,HighSchoolOrCollege,True,True,False,1,False,True,True,True,True
2020,2020,11,True,36.083333333333336,WhiteOnly,60367,Bachelors,True,False,False,1,True,False,False,False,True
2021,2021,11,True,32.083333333333336,WhiteOnly,426497,HighSchoolOrCollege,True,True,False,1,True,True,False,True,False
2022,2022,11,False,36.083333333333336,WhiteOnly,94098,HighSchoolOrCollege,True,True,False,1,False,False,True,False,False
2023,2023,11,False,31.08333333333333,WhiteOnly,53077,Graduate,True,False,False,1,False,False,False,True,False
2024,2024,11,False,37.083333333333336,WhiteOnly,43241,Graduate,True,False,False,1,False,False,False,False,True
2025,2025,11,False,48.083333333333336,WhiteOnly,174210,Bachelors,True,True,False,1,True,False,False,True,False
2026,2026,11,True,36.083333333333336,BlackOnly,380460,Graduate,False,True,False,1,False,True,True,False,True
2027,2027,11,False,40.083333333333336,WhiteOnly,63725,HighSchoolOrCollege,True,False,False,1,False,False,False,True,True
2028,2028,11,True,37.083333333333336,WhiteOnly,88572,Bachelors,True,True,False,1,True,False,False,True,False
2029,2029,11,False,30.08333333333333,BlackOnly,56056,Bachelors,False,False,False,1,True,True,True,False,True
2030,2030,11,False,34.083333333333336,WhiteOnly,468308,Bachelors,True,True,False,1,False,True,False,True,True
2031,2031,11,True,34.083333333333336,WhiteOnly,359704,HighSchoolOrCollege,True,True,False,1,True,True,False,True,False
2032,2032,11,True,32.083333333333336,BlackOnly,113622,Graduate,False,True,False,1,False,False,True,False,True
2033,2033,11,True,31.08333333333333,BlackOnly,171953,Graduate,False,True,False,1,False,False,True,False,False
2034,2034,11,False,31.08333333333333,WhiteOnly,10971,Bachelors,True,False,False,1,False,False,False,True,True
2035,2035,11,True,33.083333333333336,WhiteOnly,89383,Bachelors,True,True,False,1,False,True,False,False,False
2036,2036,11,True,30.08333333333333,WhiteOnly,79885,Bachelors,True,True,False,1,False,False,False,False,True
2037,2037,11,True,37.083333333333336,WhiteOnly,86268,Graduate,True,True,False,1,True,True,False,True,False
2038,2038,11,False,57.083333333333336,WhiteOnly,67981,Bachelors,True,False,True,1,True,False,True,True,True
2039,2039,11,True,39.083333333333336,WhiteOnly,311553,Bachelors,True,True,False,1,True,True,False,False,True
2040,2040,11,False,30.08333333333333,Plus2Races,199315,Bachelors,False,True,False,1,True,True,False,True,False
2041,2041,11,True,35.083333333333336,WhiteOnly,44706,Bachelors,True,False,False,1,False,False,False,False,False
2042,2042,11,True,41.083333333333336,Plus2Races,68871,Graduate,False,False,False,1,True,False,True,False,False
2043,2043,11,False,56.083333333333336,WhiteOnly,355593,Graduate,True,True,True,1,True,True,False,True,True
2044,2044,11,False,28.08333333333333,BlackOnly,91170,Bachelors,False,True,False,1,True,True,False,False,False
2045,2045,11,False,31.08333333333333,WhiteOnly,148582,Graduate,True,True,False,1,False,True,False,False,True
2046,2046,11,False,26.08333333333333,BlackOnly,272721,Graduate,False,True,False,1,True,True,False,False,True
2047,2047,11,False,34.083333333333336,WhiteOnly,454482,Bachelors,True,True,False,1,True,True,True,True,True
2048,2048,11,False,32.083333333333336,BlackOnly,85440,Bachelors,False,True,False,1,True,False,True,True,False
2049,2049,11,True,30.08333333333333,WhiteOnly,61399,Bachelors,True,False,False,1,True,True,False,False,False
2050,2050,11,False,31.08333333333333,WhiteOnly,74454,HighSchoolOrCollege,True,True,False,1,False,False,True,False,False
2051,2051,11,True,33.083333333333336,WhiteOnly,141117,Bachelors,True,True,False,1,True,False,False,True,False
2052,2052,11,True,37.083333333333336,WhiteOnly,57322,Graduate,True,False,False,1,True,False,True,True,True
2053,2053,11,False,36.083333333333336,WhiteOnly,65363,HighSchoolOrCollege,True,False,False,1,True,False,False,False,False
2054,2054,11,False,22.08333333333333,Plus2Races,468977,Bachelors,False,True,False,1,True,True,True,False,False
2055,2055,11,False,31.08333333333333,WhiteOnly,474743,Bachelors,True,True,False,1,True,True,False,False,False
2056,2056,11,False,33.083333333333336,WhiteOnly,58042,Bachelors,True,False,False,1,False,False,False,True,True
2057,2057,11,False,41.083333333333336,WhiteOnly,25651,Graduate,True,False,False,1,True,False,False,False,True
2058,2058,11,True,45.083333333333336,WhiteOnly,71264,Bachelors,True,True,False,1,False,False,False,False,False
2059,2059,11,True,26.08333333333333,Other,348981,Graduate,False,True,False,1,False,True,True,True,True
2060,2060,11,False,39.083333333333336,BlackOnly,78163,Graduate,False,True,False,1,False,True,True,True,True
2061,2061,11,False,30.08333333333333,WhiteOnly,88210,HighSchoolOrCollege,True,True,False,1,True,True,False,True,False
2062,2062,11,True,35.083333333333336,Plus2Races,93330,Bachelors,False,True,False,1,False,True,True,True,True
2063,2063,11,False,19.08333333333333,WhiteOnly,61409,Bachelors,True,False,False,1,False,True,False,False,True
2064,2064,11,False,29.08333333333333,WhiteOnly,270689,Bachelors,True,True,False,1,False,True,False,True,False
2065,2065,11,True,33.083333333333336,AsianOnly,478903,Graduate,False,True,False,1,True,True,False,False,True
2066,2066,11,True,40.083333333333336,WhiteOnly,98946,HighSchoolOrCollege,True,True,False,1,False,True,True,False,False
2067,2067,11,True,29.08333333333333,AsianOnly,374092,Bachelors,False,True,False,1,True,True,True,False,False
2068,2068,11,False,34.083333333333336,BlackOnly,80843,Graduate,False,True,False,1,False,True,True,True,True
2069,2069,11,False,43.083333333333336,WhiteOnly,146033,Graduate,True,True,False,1,False,False,False,True,True
2070,2070,11,False,29.08333333333333,WhiteOnly,66740,Bachelors,True,False,False,1,False,True,False,True,False
2071,2071,11,False,39.083333333333336,WhiteOnly,146947,Bachelors,True,True,False,1,True,True,False,False,False
2072,2072,11,False,28.08333333333333,WhiteOnly,46122,Graduate,True,False,False,1,True,True,False,True,True
2073,2073,11,True,30.08333333333333,BlackOnly,311096,Bachelors,False,True,False,1,False,True,True,True,False
2074,2074,11,True,59.083333333333336,WhiteOnly,50268,Bachelors,True,False,True,1,True,False,False,False,True
2075,2075,11,False,38.083333333333336,WhiteOnly,13244,Graduate,True,False,False,1,False,False,True,True,True
2076,2076,11,False,27.08333333333333,WhiteOnly,63144,Graduate,True,False,False,1,False,True,False,True,True
2077,2077,11,True,25.08333333333333,WhiteOnly,265064,Graduate,True,True,False,1,False,True,False,False,True
2078,2078,11,True,28.08333333333333,WhiteOnly,39859,Bachelors,True,False,False,1,True,True,False,False,False
2079,2079,11,False,56.083333333333336,WhiteOnly,215775,Bachelors,True,True,True,1,True,True,True,True,True
2080,2080,11,True,25.08333333333333,WhiteOnly,31196,Bachelors,True,False,False,1,False,False,True,True,True
2081,2081,11,True,25.08333333333333,Plus2Races,439751,Bachelors,False,True,False,1,False,True,True,False,False
2082,2082,11,False,37.083333333333336,BlackOnly,40627,Bachelors,False,False,False,1,True,False,False,True,False
2083,2083,11,False,37.083333333333336,WhiteOnly,478432,Graduate,True,True,False,1,False,True,False,False,False
2084,2084,11,False,26.08333333333333,WhiteOnly,75610,HighSchoolOrCollege,True,True,False,1,False,True,True,True,False
2085,2085,11,False,39.083333333333336,Plus2Races,61435,Bachelors,False,False,False,1,True,False,True,False,False
2086,2086,11,False,21.08333333333333,WhiteOnly,235312,Bachelors,True,True,False,1,False,True,False,True,True
2087,2087,11,False,21.08333333333333,BlackOnly,78065,Bachelors,False,True,False,1,False,True,True,True,False
2088,2088,11,False,35.083333333333336,BlackOnly,70165,Graduate,False,True,False,1,False,False,True,True,True
2089,2089,11,False,31.08333333333333,WhiteOnly,92742,HighSchoolOrCollege,True,True,False,1,False,False,False,True,False
2090,2090,11,False,33.083333333333336,WhiteOnly,77295,Low,True,True,False,1,False,False,True,True,False
2091,2091,11,False,38.083333333333336,WhiteOnly,82610,Bachelors,True,True,False,1,False,False,False,True,False
2092,2092,11,False,38.083333333333336,AsianOnly,57959,Low,False,False,False,1,False,False,False,True,False
2093,2093,11,False,32.083333333333336,AsianOnly,86275,HighSchoolOrCollege,False,True,False,1,True,False,True,True,True
2094,2094,11,False,38.083333333333336,WhiteOnly,62240,Graduate,True,False,False,1,True,False,False,True,True
2095,2095,11,False,26.08333333333333,BlackOnly,235738,Graduate,False,True,False,1,True,True,True,True,True
2096,2096,11,False,26.08333333333333,WhiteOnly,383253,HighSchoolOrCollege,True,True,False,1,True,True,True,False,True
2097,2097,11,True,45.083333333333336,Other,16097,Graduate,False,False,False,1,True,False,True,True,True
2098,2098,11,False,36.083333333333336,BlackOnly,91373,Graduate,False,True,False,1,False,False,False,False,True
2099,2099,11,False,19.08333333333333,BlackOnly,72117,Graduate,False,True,False,1,False,True,True,True,True
2100,2100,11,True,42.083333333333336,WhiteOnly,28590,Bachelors,True,False,False,1,True,False,False,True,False
2101,2101,11,True,57.083333333333336,WhiteOnly,36836,Bachelors,True,False,True,1,True,True,False,False,True
2102,2102,11,False,45.083333333333336,WhiteOnly,315578,Graduate,True,True,False,1,False,True,False,False,False
2103,2103,11,True,46.083333333333336,WhiteOnly,81630,Bachelors,True,True,False,1,True,False,False,False,False
2104,2104,11,True,34.083333333333336,WhiteOnly,81450,HighSchoolOrCollege,True,True,False,1,True,False,False,False,True
2105,2105,11,False,25.08333333333333,WhiteOnly,298657,Graduate,True,True,False,1,True,True,False,False,True
2106,2106,11,True,34.083333333333336,AsianOnly,365589,Graduate,False,True,False,1,False,False,True,True,True
2107,2107,11,True,30.08333333333333,WhiteOnly,6731,Graduate,True,False,False,1,False,False,True,False,True
2108,2108,11,False,34.083333333333336,WhiteOnly,157572,Graduate,True,True,False,1,True,True,True,True,False
2109,2109,11,False,39.083333333333336,WhiteOnly,98832,Graduate,True,True,False,1,False,False,True,True,True
2110,2110,11,False,31.08333333333333,WhiteOnly,10565,Graduate,True,False,False,1,False,False,True,False,True
2111,2111,11,False,36.083333333333336,WhiteOnly,215997,Graduate,True,True,False,1,False,True,True,True,False
2112,2112,11,True,55.083333333333336,WhiteOnly,424129,Bachelors,True,True,True,1,False,False,False,False,False
2113,2113,11,True,32.083333333333336,WhiteOnly,59337,Bachelors,True,False,False,1,False,True,False,True,True
2114,2114,11,False,51.083333333333336,Plus2Races,176252,Bachelors,False,True,True,1,True,True,False,True,True
2115,2115,11,True,35.083333333333336,WhiteOnly,25695,Graduate,True,False,False,1,False,True,False,True,False
2116,2116,11,True,33.083333333333336,Plus2Races,76176,Bachelors,False,True,False,1,True,True,True,True,False
2117,2117,11,False,46.083333333333336,BlackOnly,31922,Graduate,False,False,False,1,False,False,False,False,True
2118,2118,11,False,58.083333333333336,WhiteOnly,50407,HighSchoolOrCollege,True,False,True,1,True,False,False,True,True
2119,2119,11,True,36.083333333333336,WhiteOnly,129524,Graduate,True,True,False,1,True,True,False,False,True
2120,2120,11,False,45.083333333333336,WhiteOnly,36594,Graduate,True,False,False,1,True,False,False,True,False
2121,2121,11,True,26.08333333333333,WhiteOnly,19556,Bachelors,True,False,False,1,False,False,False,False,False
2122,2122,11,False,51.083333333333336,WhiteOnly,52154,Bachelors,True,False,True,1,True,False,False,True,False
2123,2123,11,True,32.083333333333336,WhiteOnly,441019,HighSchoolOrCollege,True,True,False,1,False,False,False,False,False
2124,2124,11,False,43.083333333333336,AsianOnly,465442,Bachelors,False,True,False,1,False,False,True,True,True
2125,2125,11,False,31.08333333333333,WhiteOnly,81451,Graduate,True,True,False,1,True,True,False,True,True
2126,2126,11,False,33.083333333333336,WhiteOnly,62830,Bachelors,True,False,False,1,False,False,True,False,True
2127,2127,11,True,34.083333333333336,WhiteOnly,190301,Graduate,True,True,False,1,True,False,False,False,True
2128,2128,11,False,34.083333333333336,WhiteOnly,97436,Graduate,True,True,False,1,True,True,True,True,False
2129,2129,11,False,29.08333333333333,BlackOnly,69876,Graduate,False,False,False,1,True,True,True,True,False
2130,2130,11,False,50.083333333333336,WhiteOnly,86500,Bachelors,True,True,True,1,True,True,True,True,False
2131,2131,11,False,30.08333333333333,WhiteOnly,71466,Bachelors,True,True,False,1,False,True,False,True,False
2132,2132,11,True,15.083333333333334,WhiteOnly,79190,Bachelors,True,True,False,1,False,True,False,True,False
2133,2133,11,False,47.083333333333336,WhiteOnly,424919,Bachelors,True,True,False,1,True,True,False,True,False
2134,2134,11,True,37.083333333333336,WhiteOnly,258217,Bachelors,True,True,False,1,False,False,False,False,False
2135,2135,11,True,51.083333333333336,WhiteOnly,9681,HighSchoolOrCollege,True,False,True,1,True,False,True,True,False
2136,2136,11,False,39.083333333333336,WhiteOnly,457475,Bachelors,True,True,False,1,False,True,False,True,False
2137,2137,11,True,20.08333333333333,WhiteOnly,95004,HighSchoolOrCollege,True,True,False,1,True,True,False,False,False
2138,2138,11,True,38.083333333333336,BlackOnly,3650,Bachelors,False,False,False,1,False,False,True,False,True
2139,2139,11,False,44.083333333333336,WhiteOnly,331831,Bachelors,True,True,False,1,True,True,False,True,True
2140,2140,11,True,31.08333333333333,WhiteOnly,203117,Graduate,True,True,False,1,True,False,False,True,True
2141,2141,11,True,20.08333333333333,WhiteOnly,160815,Bachelors,True,True,False,1,True,False,True,False,False
2142,2142,11,False,64.08333333333333,BlackOnly,74590,Graduate,False,True,True,1,True,True,True,False,False
2143,2143,11,False,41.083333333333336,BlackOnly,71740,HighSchoolOrCollege,False,True,False,1,False,False,True,True,True
2144,2144,11,True,27.08333333333333,BlackOnly,66216,Bachelors,False,False,False,1,True,True,False,False,True
2145,2145,11,True,50.083333333333336,Plus2Races,57854,HighSchoolOrCollege,False,False,True,1,False,False,False,True,False
2146,2146,11,True,48.083333333333336,WhiteOnly,71281,Bachelors,True,True,False,1,False,False,True,True,False
2147,2147,11,False,31.08333333333333,WhiteOnly,151539,Bachelors,True,True,False,1,False,True,False,True,True
2148,2148,11,True,29.08333333333333,WhiteOnly,68404,Graduate,True,False,False,1,True,False,False,False,True
2149,2149,11,False,42.083333333333336,WhiteOnly,463231,HighSchoolOrCollege,True,True,False,1,False,True,False,True,True
2150,2150,11,False,47.083333333333336,WhiteOnly,420597,HighSchoolOrCollege,True,True,False,1,True,True,False,False,False
2151,2151,11,False,16.083333333333332,AsianOnly,83296,Bachelors,False,True,False,1,False,True,False,True,True
2152,2152,11,True,49.083333333333336,WhiteOnly,54361,Low,True,False,False,1,False,False,True,False,True
2153,2153,11,False,33.083333333333336,WhiteOnly,262581,Bachelors,True,True,False,1,False,False,False,True,False
2154,2154,11,False,31.08333333333333,BlackOnly,445760,Graduate,False,True,False,1,False,True,False,True,True
2155,2155,11,True,43.083333333333336,WhiteOnly,60209,Bachelors,True,False,False,1,True,False,False,True,True
2156,2156,11,True,51.083333333333336,WhiteOnly,26682,HighSchoolOrCollege,True,False,True,1,True,True,True,False,True
2157,2157,11,False,35.083333333333336,WhiteOnly,211305,HighSchoolOrCollege,True,True,False,1,True,True,False,True,False
2158,2158,11,False,47.083333333333336,WhiteOnly,451947,Graduate,True,True,False,1,False,True,False,True,False
2159,2159,11,False,47.083333333333336,Other,84040,Graduate,False,True,False,1,True,False,True,False,True
2160,2160,11,False,34.083333333333336,WhiteOnly,188411,Graduate,True,True,False,1,True,True,False,False,True
2161,2161,11,False,29.08333333333333,WhiteOnly,285866,Graduate,True,True,False,1,False,True,False,True,True
2162,2162,11,False,26.08333333333333,WhiteOnly,52223,HighSchoolOrCollege,True,False,False,1,True,False,True,True,False
2163,2163,11,True,50.083333333333336,WhiteOnly,425357,Bachelors,True,True,True,1,True,True,True,True,True
2164,2164,11,True,39.083333333333336,BlackOnly,59189,Graduate,False,False,False,1,False,False,True,False,True
2165,2165,11,False,49.083333333333336,WhiteOnly,314544,Graduate,True,True,False,1,True,True,False,False,True
2166,2166,11,False,35.083333333333336,WhiteOnly,47807,Graduate,True,False,False,1,False,True,False,True,True
2167,2167,11,False,20.08333333333333,WhiteOnly,457725,Bachelors,True,True,False,1,False,True,False,True,False
2168,2168,11,False,27.08333333333333,Plus2Races,40575,Graduate,False,False,False,1,False,False,False,True,True
2169,2169,11,True,35.083333333333336,WhiteOnly,474266,HighSchoolOrCollege,True,True,False,1,True,True,False,True,False
2170,2170,11,True,37.083333333333336,BlackOnly,417066,Graduate,False,True,False,1,False,True,True,True,True
2171,2171,11,True,38.083333333333336,WhiteOnly,125887,Bachelors,True,True,False,1,True,False,False,True,False
2172,2172,11,True,18.08333333333333,BlackOnly,86068,Bachelors,False,True,False,1,True,False,False,False,False
2173,2173,11,True,32.083333333333336,WhiteOnly,30981,HighSchoolOrCollege,True,False,False,1,False,True,False,True,False
2174,2174,11,True,26.08333333333333,WhiteOnly,143607,Bachelors,True,True,False,1,False,True,False,True,True
2175,2175,11,True,44.083333333333336,WhiteOnly,419691,HighSchoolOrCollege,True,True,False,1,False,False,False,False,False
2176,2176,11,False,31.08333333333333,BlackOnly,36521,Graduate,False,False,False,1,False,True,True,True,False
2177,2177,11,True,40.083333333333336,BlackOnly,273462,Graduate,False,True,False,1,False,False,True,False,True
2178,2178,11,True,34.083333333333336,WhiteOnly,7145,Graduate,True,False,False,1,False,True,False,True,False
2179,2179,11,True,30.08333333333333,Plus2Races,67044,Graduate,False,False,False,1,False,False,True,False,True
2180,2180,11,False,46.083333333333336,WhiteOnly,65477,Bachelors,True,False,False,1,True,True,False,True,False
2181,2181,11,False,38.083333333333336,AsianOnly,94020,Bachelors,False,True,False,1,True,True,True,False,False
2182,2182,12,True,40.083333333333336,BlackOnly,82677,HighSchoolOrCollege,False,True,False,1,True,False,False,False,True
2183,2183,12,False,58.083333333333336,WhiteOnly,223,HighSchoolOrCollege,True,False,True,1,False,False,False,False,True
2184,2184,12,False,30.08333333333333,Plus2Races,239336,Bachelors,False,True,False,1,True,True,False,False,True
2185,2185,12,True,52.083333333333336,WhiteOnly,51517,HighSchoolOrCollege,True,False,True,1,True,False,True,False,False
2186,2186,12,True,20.08333333333333,WhiteOnly,96669,HighSchoolOrCollege,True,True,False,1,True,True,False,True,False
2187,2187,12,True,49.083333333333336,BlackOnly,71565,Low,False,True,False,1,True,False,True,True,False
2188,2188,12,False,27.08333333333333,BlackOnly,65151,Graduate,False,False,False,1,False,True,False,False,True
2189,2189,12,False,47.083333333333336,BlackOnly,68862,HighSchoolOrCollege,False,False,False,1,True,True,True,True,True
2190,2190,12,True,23.08333333333333,BlackOnly,42478,Low,False,False,False,1,False,False,True,False,False
2191,2191,12,True,47.083333333333336,WhiteOnly,335941,Low,True,True,False,1,True,True,False,True,True
2192,2192,12,True,50.083333333333336,BlackOnly,28315,HighSchoolOrCollege,False,False,True,1,False,False,True,True,False
2193,2193,12,True,31.08333333333333,BlackOnly,29362,HighSchoolOrCollege,False,False,False,1,False,False,False,False,False
2194,2194,12,False,26.08333333333333,AsianOnly,54443,HighSchoolOrCollege,False,False,False,1,False,False,True,True,True
2195,2195,12,True,40.083333333333336,WhiteOnly,132943,HighSchoolOrCollege,True,True,False,1,True,True,False,False,False
2196,2196,12,False,34.083333333333336,BlackOnly,70389,Graduate,False,True,False,1,False,False,True,False,True
2197,2197,12,True,27.08333333333333,WhiteOnly,36782,Bachelors,True,False,False,1,True,False,False,False,True
2198,2198,12,True,21.08333333333333,BlackOnly,41562,Bachelors,False,False,False,1,False,False,False,True,True
2199,2199,12,True,40.083333333333336,WhiteOnly,13357,Low,True,False,False,1,False,False,False,True,False
2200,2200,12,True,34.083333333333336,BlackOnly,421727,Low,False,True,False,1,True,True,True,True,False
2201,2201,12,True,37.083333333333336,BlackOnly,35367,HighSchoolOrCollege,False,False,False,1,True,True,False,False,True
2202,2202,12,True,25.08333333333333,WhiteOnly,51497,Low,True,False,False,1,True,True,True,False,False
2203,2203,12,True,32.083333333333336,BlackOnly,69098,Low,False,False,False,1,True,True,False,True,False
2204,2204,12,False,29.08333333333333,WhiteOnly,28077,Bachelors,True,False,False,1,False,True,False,False,True
2205,2205,12,True,33.083333333333336,WhiteOnly,23241,Graduate,True,False,False,1,True,False,False,False,True
2206,2206,12,True,46.083333333333336,BlackOnly,74210,HighSchoolOrCollege,False,True,False,1,False,False,False,True,False
2207,2207,12,True,34.083333333333336,BlackOnly,55460,Bachelors,False,False,False,1,True,False,False,False,False
2208,2208,12,True,43.083333333333336,BlackOnly,38725,Low,False,False,False,1,False,False,False,False,False
2209,2209,12,True,30.08333333333333,WhiteOnly,38572,HighSchoolOrCollege,True,False,False,1,True,True,True,False,False
2210,2210,12,False,28.08333333333333,BlackOnly,31056,HighSchoolOrCollege,False,False,False,1,False,False,True,False,True
2211,2211,12,True,27.08333333333333,WhiteOnly,468308,HighSchoolOrCollege,True,True,False,1,False,False,True,False,False
2212,2212,12,True,26.08333333333333,WhiteOnly,59704,Low,True,False,False,1,True,False,False,True,False
2213,2213,12,True,32.083333333333336,BlackOnly,63622,Graduate,False,False,False,1,True,False,False,False,True
2214,2214,12,True,29.08333333333333,BlackOnly,171953,Graduate,False,True,False,1,True,False,True,False,True
2215,2215,12,False,27.08333333333333,WhiteOnly,971,HighSchoolOrCollege,True,False,False,1,False,False,False,True,True
2216,2216,12,True,30.08333333333333,WhiteOnly,39383,HighSchoolOrCollege,True,False,False,1,True,True,False,False,False
2217,2217,12,True,29.08333333333333,BlackOnly,54885,HighSchoolOrCollege,False,False,False,1,True,True,False,False,False
2218,2218,12,True,32.083333333333336,BlackOnly,61268,Graduate,False,False,False,1,False,True,False,False,True
2219,2219,12,False,57.083333333333336,BlackOnly,42981,HighSchoolOrCollege,False,False,True,1,True,False,True,False,False
2220,2220,12,True,36.083333333333336,WhiteOnly,86553,HighSchoolOrCollege,True,True,False,1,False,True,False,True,True
2221,2221,12,True,27.08333333333333,Plus2Races,74315,HighSchoolOrCollege,False,True,False,1,False,False,False,False,False
2222,2222,12,True,30.08333333333333,BlackOnly,14706,HighSchoolOrCollege,False,False,False,1,True,False,False,False,False
2223,2223,12,True,36.083333333333336,Other,43871,Bachelors,False,False,False,1,False,False,False,False,False
2224,2224,12,True,55.083333333333336,WhiteOnly,55593,Bachelors,True,False,True,1,True,True,False,False,True
2225,2225,12,True,24.08333333333333,BlackOnly,66170,HighSchoolOrCollege,False,False,False,1,True,False,False,False,True
2226,2226,12,True,27.08333333333333,WhiteOnly,73582,Graduate,True,True,False,1,False,True,True,False,True
2227,2227,12,False,23.08333333333333,BlackOnly,272721,Graduate,False,True,False,1,False,False,False,True,True
2228,2228,12,True,31.08333333333333,WhiteOnly,454482,HighSchoolOrCollege,True,True,False,1,False,True,False,True,False
2229,2229,12,True,27.08333333333333,BlackOnly,60440,HighSchoolOrCollege,False,False,False,1,False,True,False,True,False
2230,2230,12,True,27.08333333333333,BlackOnly,36399,HighSchoolOrCollege,False,False,False,1,False,True,True,True,False
2231,2231,12,True,28.08333333333333,BlackOnly,49454,Low,False,False,False,1,True,True,False,True,True
2232,2232,12,True,26.08333333333333,WhiteOnly,66117,HighSchoolOrCollege,True,False,False,1,True,False,False,False,False
2233,2233,12,True,30.08333333333333,BlackOnly,32322,Graduate,False,False,False,1,True,False,False,True,True
2234,2234,12,False,37.083333333333336,WhiteOnly,40363,Low,True,False,False,1,False,True,True,True,False
2235,2235,12,False,21.08333333333333,Plus2Races,468977,HighSchoolOrCollege,False,True,False,1,False,True,False,True,False
2236,2236,12,True,28.08333333333333,WhiteOnly,474743,HighSchoolOrCollege,True,True,False,1,True,True,False,False,False
2237,2237,12,False,27.08333333333333,BlackOnly,33042,HighSchoolOrCollege,False,False,False,1,False,False,True,False,False
2238,2238,12,True,41.083333333333336,WhiteOnly,25651,Graduate,True,False,False,1,True,True,False,False,True
2239,2239,12,True,45.083333333333336,WhiteOnly,46264,HighSchoolOrCollege,True,False,False,1,True,False,True,False,False
2240,2240,12,True,20.08333333333333,AsianOnly,98981,Graduate,False,True,False,1,True,True,True,True,False
2241,2241,12,True,31.08333333333333,BlackOnly,53163,Graduate,False,False,False,1,True,True,True,True,True
2242,2242,12,True,26.08333333333333,BlackOnly,63210,Low,False,False,False,1,True,True,True,True,True
2243,2243,12,True,34.083333333333336,Other,43330,HighSchoolOrCollege,False,False,False,1,True,True,False,False,False
2244,2244,12,True,22.08333333333333,BlackOnly,36409,HighSchoolOrCollege,False,False,False,1,True,False,False,False,True
2245,2245,12,True,23.08333333333333,BlackOnly,270689,HighSchoolOrCollege,False,True,False,1,False,True,True,True,False
2246,2246,12,True,28.08333333333333,BlackOnly,478903,Bachelors,False,True,False,1,True,False,False,True,True
2247,2247,12,True,42.083333333333336,WhiteOnly,73946,Low,True,True,False,1,True,False,False,False,False
2248,2248,12,True,23.08333333333333,BlackOnly,99092,HighSchoolOrCollege,False,True,False,1,False,True,False,True,True
2249,2249,12,True,32.083333333333336,BlackOnly,55843,Graduate,False,False,False,1,True,False,False,True,True
2250,2250,12,False,41.083333333333336,BlackOnly,146033,Bachelors,False,True,False,1,False,True,False,False,True
2251,2251,12,False,22.08333333333333,BlackOnly,41740,HighSchoolOrCollege,False,False,False,1,False,True,True,True,True
2252,2252,12,False,37.083333333333336,BlackOnly,96947,HighSchoolOrCollege,False,True,False,1,False,True,False,True,False
2253,2253,12,True,20.08333333333333,BlackOnly,11122,Graduate,False,False,False,1,False,False,False,False,True
2254,2254,12,True,31.08333333333333,BlackOnly,311096,HighSchoolOrCollege,False,True,False,1,True,False,True,True,True
2255,2255,12,True,57.083333333333336,WhiteOnly,25268,HighSchoolOrCollege,True,False,True,1,False,False,False,True,False
2256,2256,12,True,32.083333333333336,WhiteOnly,3244,Bachelors,True,False,False,1,False,True,True,True,False
2257,2257,12,False,21.08333333333333,BlackOnly,38144,Bachelors,False,False,False,1,False,False,False,True,True
2258,2258,12,True,25.08333333333333,WhiteOnly,65064,Graduate,True,False,False,1,True,False,False,False,True
2259,2259,12,True,22.08333333333333,BlackOnly,14859,HighSchoolOrCollege,False,False,False,1,False,False,False,True,False
2260,2260,12,True,58.083333333333336,WhiteOnly,215775,HighSchoolOrCollege,True,True,True,1,True,False,True,True,True
2261,2261,12,True,28.08333333333333,WhiteOnly,31196,HighSchoolOrCollege,True,False,False,1,False,True,False,True,False
2262,2262,12,True,23.08333333333333,AsianOnly,89751,HighSchoolOrCollege,False,True,False,1,False,False,True,True,True
2263,2263,12,True,35.083333333333336,BlackOnly,40627,HighSchoolOrCollege,False,False,False,1,True,False,True,False,True
2264,2264,12,True,31.08333333333333,WhiteOnly,478432,Bachelors,True,True,False,1,False,True,True,False,True
2265,2265,12,True,23.08333333333333,BlackOnly,50610,Low,False,False,False,1,False,True,True,True,False
2266,2266,12,True,32.083333333333336,Other,36435,HighSchoolOrCollege,False,False,False,1,True,False,False,True,False
2267,2267,12,False,24.08333333333333,BlackOnly,235312,Bachelors,False,True,False,1,False,False,True,True,False
2268,2268,12,False,23.08333333333333,BlackOnly,53065,HighSchoolOrCollege,False,False,False,1,False,True,False,True,False
2269,2269,12,True,32.083333333333336,BlackOnly,45165,Graduate,False,False,False,1,False,True,True,False,True
2270,2270,12,True,26.08333333333333,WhiteOnly,67742,Low,True,False,False,1,False,False,False,False,False
2271,2271,12,True,29.08333333333333,WhiteOnly,52295,Low,True,False,False,1,False,False,False,False,False
2272,2272,12,False,38.083333333333336,WhiteOnly,57610,Bachelors,True,False,False,1,True,False,False,True,True
2273,2273,12,True,35.083333333333336,BlackOnly,32959,Low,False,False,False,1,False,False,False,False,False
2274,2274,12,False,29.08333333333333,BlackOnly,61275,HighSchoolOrCollege,False,False,False,1,False,False,False,False,True
2275,2275,12,True,31.08333333333333,BlackOnly,37240,Graduate,False,False,False,1,False,True,True,False,False
2276,2276,12,True,21.08333333333333,BlackOnly,85738,Bachelors,False,True,False,1,False,True,False,False,False
2277,2277,12,False,28.08333333333333,WhiteOnly,383253,Low,True,True,False,1,True,True,True,True,True
2278,2278,12,True,48.083333333333336,AsianOnly,1097,Graduate,False,False,False,1,False,True,False,False,False
2279,2279,12,True,38.083333333333336,BlackOnly,66373,Graduate,False,False,False,1,True,True,True,True,True
2280,2280,12,True,18.08333333333333,BlackOnly,47117,Graduate,False,False,False,1,False,False,True,True,True
2281,2281,12,True,41.083333333333336,BlackOnly,13590,HighSchoolOrCollege,False,False,False,1,False,False,False,True,False
2282,2282,12,True,57.083333333333336,BlackOnly,11836,HighSchoolOrCollege,False,False,True,1,True,True,False,True,False
2283,2283,12,True,48.083333333333336,BlackOnly,65578,Graduate,False,False,False,1,True,False,True,True,True
2284,2284,12,True,49.083333333333336,BlackOnly,56630,HighSchoolOrCollege,False,False,False,1,False,False,True,True,True
2285,2285,12,True,27.08333333333333,WhiteOnly,31450,Low,True,False,False,1,False,False,False,True,False
2286,2286,12,True,21.08333333333333,BlackOnly,98657,Graduate,False,True,False,1,False,True,False,False,True
2287,2287,12,True,33.083333333333336,BlackOnly,65589,Graduate,False,False,False,1,False,False,False,True,True
2288,2288,12,True,26.08333333333333,BlackOnly,6731,Bachelors,False,False,False,1,False,False,False,False,True
2289,2289,12,True,26.08333333333333,BlackOnly,82572,Bachelors,False,True,False,1,False,True,True,True,False
2290,2290,12,True,33.083333333333336,BlackOnly,73832,Graduate,False,True,False,1,False,True,False,True,False
2291,2291,12,False,27.08333333333333,BlackOnly,565,Graduate,False,False,False,1,False,True,True,True,False
2292,2292,12,True,34.083333333333336,WhiteOnly,65997,Graduate,True,False,False,1,True,False,False,False,True
2293,2293,12,True,55.083333333333336,WhiteOnly,99129,HighSchoolOrCollege,True,True,True,1,True,False,False,True,False
2294,2294,12,True,26.08333333333333,BlackOnly,34337,HighSchoolOrCollege,False,False,False,1,False,True,True,True,True
2295,2295,12,True,50.083333333333336,Other,176252,HighSchoolOrCollege,False,True,True,1,True,True,False,True,False
2296,2296,12,True,39.083333333333336,BlackOnly,15695,Graduate,False,False,False,1,False,False,True,False,True
2297,2297,12,True,25.08333333333333,Other,51176,HighSchoolOrCollege,False,False,False,1,True,False,True,False,False
2298,2298,12,True,46.083333333333336,BlackOnly,21922,Graduate,False,False,False,1,False,True,True,False,True
2299,2299,12,True,56.083333333333336,WhiteOnly,25407,Low,True,False,True,1,False,True,False,True,False
2300,2300,12,True,33.083333333333336,WhiteOnly,129524,Graduate,True,True,False,1,False,True,False,True,True
2301,2301,12,True,45.083333333333336,BlackOnly,21594,Bachelors,False,False,False,1,True,False,False,False,False
2302,2302,12,True,21.08333333333333,WhiteOnly,19556,HighSchoolOrCollege,True,False,False,1,True,True,False,True,False
2303,2303,12,True,50.083333333333336,WhiteOnly,27154,HighSchoolOrCollege,True,False,True,1,True,True,False,False,True
2304,2304,12,True,27.08333333333333,BlackOnly,66019,Low,False,False,False,1,False,False,True,True,True
2305,2305,12,True,40.083333333333336,BlackOnly,65442,HighSchoolOrCollege,False,False,False,1,True,False,True,True,False
2306,2306,12,False,29.08333333333333,BlackOnly,56451,Bachelors,False,False,False,1,False,True,False,True,True
2307,2307,12,False,32.083333333333336,WhiteOnly,37830,HighSchoolOrCollege,True,False,False,1,False,False,True,True,False
2308,2308,12,True,27.08333333333333,BlackOnly,65301,Graduate,False,False,False,1,False,False,True,False,False
2309,2309,12,False,34.083333333333336,BlackOnly,72436,Graduate,False,True,False,1,True,True,False,True,False
2310,2310,12,False,24.08333333333333,BlackOnly,44876,Bachelors,False,False,False,1,False,True,True,True,True
2311,2311,12,True,50.083333333333336,BlackOnly,61500,HighSchoolOrCollege,False,False,True,1,True,False,True,False,False
2312,2312,12,True,25.08333333333333,WhiteOnly,46466,HighSchoolOrCollege,True,False,False,1,False,True,True,False,False
2313,2313,12,True,18.08333333333333,WhiteOnly,54190,HighSchoolOrCollege,True,False,False,1,True,False,False,True,False
2314,2314,12,True,45.083333333333336,WhiteOnly,74919,HighSchoolOrCollege,True,True,False,1,True,True,False,False,False
2315,2315,12,True,37.083333333333336,WhiteOnly,58217,HighSchoolOrCollege,True,False,False,1,True,False,False,True,False
2316,2316,12,True,52.083333333333336,WhiteOnly,9681,Low,True,False,True,1,False,False,True,True,True
2317,2317,12,False,34.083333333333336,WhiteOnly,457475,HighSchoolOrCollege,True,True,False,1,True,True,False,False,True
2318,2318,12,True,20.08333333333333,BlackOnly,70004,HighSchoolOrCollege,False,True,False,1,True,True,True,False,True
2319,2319,12,True,30.08333333333333,BlackOnly,3650,HighSchoolOrCollege,False,False,False,1,False,False,True,True,True
2320,2320,12,True,44.083333333333336,BlackOnly,81831,HighSchoolOrCollege,False,True,False,1,True,True,False,False,False
2321,2321,12,True,28.08333333333333,BlackOnly,78117,Bachelors,False,True,False,1,False,True,False,False,False
2322,2322,12,True,23.08333333333333,WhiteOnly,60815,HighSchoolOrCollege,True,False,False,1,False,False,False,True,False
2323,2323,12,True,63.083333333333336,BlackOnly,49590,Bachelors,False,False,True,1,False,True,False,False,False
2324,2324,12,True,40.083333333333336,BlackOnly,46740,Low,False,False,False,1,False,True,False,False,True
2325,2325,12,True,20.08333333333333,BlackOnly,41216,Bachelors,False,False,False,1,True,False,True,False,False
2326,2326,12,True,48.083333333333336,Other,32854,HighSchoolOrCollege,False,False,False,1,True,True,False,False,False
2327,2327,12,True,47.083333333333336,WhiteOnly,46281,HighSchoolOrCollege,True,False,False,1,True,False,False,False,True
2328,2328,12,False,26.08333333333333,WhiteOnly,51539,HighSchoolOrCollege,True,False,False,1,True,False,False,True,False
2329,2329,12,True,22.08333333333333,BlackOnly,43404,Graduate,False,False,False,1,False,True,False,False,True
2330,2330,12,False,42.083333333333336,BlackOnly,463231,Low,False,True,False,1,True,True,False,True,False
2331,2331,12,False,49.083333333333336,WhiteOnly,70597,Low,True,True,False,1,True,True,False,False,True
2332,2332,12,True,18.08333333333333,BlackOnly,58296,HighSchoolOrCollege,False,False,False,1,True,False,True,False,False
2333,2333,12,True,45.083333333333336,WhiteOnly,29361,Low,True,False,False,1,True,False,False,False,True
2334,2334,12,False,31.08333333333333,WhiteOnly,62581,HighSchoolOrCollege,True,False,False,1,True,True,False,True,True
2335,2335,12,True,26.08333333333333,BlackOnly,445760,Graduate,False,True,False,1,False,True,True,True,False
2336,2336,12,True,42.083333333333336,WhiteOnly,35209,HighSchoolOrCollege,True,False,False,1,False,False,False,False,False
2337,2337,12,True,50.083333333333336,WhiteOnly,11682,Low,True,False,True,1,True,True,False,False,False
2338,2338,12,False,35.083333333333336,BlackOnly,61305,Low,False,False,False,1,True,False,False,False,False
2339,2339,12,False,49.083333333333336,WhiteOnly,451947,Graduate,True,True,False,1,False,True,False,False,True
2340,2340,12,False,48.083333333333336,AsianOnly,59040,Graduate,False,False,False,1,False,False,True,True,True
2341,2341,12,True,29.08333333333333,BlackOnly,188411,Bachelors,False,True,False,1,True,True,False,False,False
2342,2342,12,True,24.08333333333333,BlackOnly,285866,Bachelors,False,True,False,1,True,False,True,True,True
2343,2343,12,True,26.08333333333333,BlackOnly,27223,Low,False,False,False,1,True,True,True,False,False
2344,2344,12,True,50.083333333333336,WhiteOnly,425357,HighSchoolOrCollege,True,True,True,1,True,True,False,True,False
2345,2345,12,True,34.083333333333336,BlackOnly,34189,Graduate,False,False,False,1,True,True,True,False,True
2346,2346,12,True,49.083333333333336,BlackOnly,314544,Bachelors,False,True,False,1,True,True,False,False,True
2347,2347,12,True,36.083333333333336,BlackOnly,17807,Graduate,False,False,False,1,True,True,True,True,True
2348,2348,12,False,21.08333333333333,BlackOnly,57725,HighSchoolOrCollege,False,False,False,1,True,False,True,True,False
2349,2349,12,True,28.08333333333333,Other,40575,Bachelors,False,False,False,1,False,False,True,False,True
2350,2350,12,True,30.08333333333333,WhiteOnly,474266,Low,True,True,False,1,True,True,False,True,False
2351,2351,12,True,33.083333333333336,BlackOnly,92066,Graduate,False,True,False,1,False,True,True,True,False
2352,2352,12,True,35.083333333333336,WhiteOnly,75887,HighSchoolOrCollege,True,True,False,1,True,True,False,False,False
2353,2353,12,True,16.083333333333332,BlackOnly,61068,HighSchoolOrCollege,False,False,False,1,False,False,False,False,True
2354,2354,12,True,29.08333333333333,BlackOnly,20981,Low,False,False,False,1,False,False,True,False,False
2355,2355,12,True,26.08333333333333,BlackOnly,68607,HighSchoolOrCollege,False,False,False,1,True,False,False,False,False
2356,2356,12,True,44.083333333333336,WhiteOnly,419691,Low,True,True,False,1,False,True,True,False,True
2357,2357,12,False,25.08333333333333,BlackOnly,21521,Graduate,False,False,False,1,True,False,True,True,True
2358,2358,12,True,42.083333333333336,BlackOnly,273462,Graduate,False,True,False,1,False,True,False,False,False
2359,2359,12,True,26.08333333333333,WhiteOnly,7145,Bachelors,True,False,False,1,False,False,False,False,False
2360,2360,12,True,25.08333333333333,Plus2Races,42044,Graduate,False,False,False,1,False,False,False,True,True
2361,2361,12,True,45.083333333333336,WhiteOnly,40477,HighSchoolOrCollege,True,False,False,1,False,False,False,True,False
2362,2362,12,True,30.08333333333333,BlackOnly,69020,HighSchoolOrCollege,False,False,False,1,False,True,True,False,True
2363,2363,12,True,33.083333333333336,BlackOnly,68867,Graduate,False,False,False,1,False,True,False,False,True
2364,2364,12,True,53.083333333333336,WhiteOnly,15124,Bachelors,True,False,True,1,True,True,True,False,True
2365,2365,12,False,46.083333333333336,WhiteOnly,57553,HighSchoolOrCollege,True,False,False,1,True,False,True,True,False
2366,2366,12,True,22.08333333333333,WhiteOnly,33496,HighSchoolOrCollege,True,False,False,1,False,False,True,True,True
2367,2367,12,True,32.083333333333336,BlackOnly,24370,HighSchoolOrCollege,False,False,False,1,False,False,True,False,False
2368,2368,12,True,32.083333333333336,BlackOnly,482548,Graduate,False,True,False,1,True,False,True,True,True
2369,2369,12,True,33.083333333333336,BlackOnly,58519,Graduate,False,False,False,1,True,False,True,True,True
2370,2370,12,True,36.083333333333336,BlackOnly,66462,Bachelors,False,False,False,1,False,True,True,True,False
2371,2371,12,True,30.08333333333333,Other,27632,HighSchoolOrCollege,False,False,False,1,True,False,True,True,False
2372,2372,12,True,40.083333333333336,WhiteOnly,67859,Graduate,True,False,False,1,False,True,False,False,True
2373,2373,12,True,42.083333333333336,WhiteOnly,42757,Graduate,True,False,False,1,False,True,True,False,True
2374,2374,12,True,47.083333333333336,WhiteOnly,128219,Graduate,True,True,False,1,False,True,False,True,True
2375,2375,12,True,46.083333333333336,BlackOnly,57508,Graduate,False,False,False,1,False,False,True,False,True
2376,2376,12,True,54.083333333333336,WhiteOnly,53980,HighSchoolOrCollege,True,False,True,1,True,True,False,False,False
2377,2377,12,True,45.083333333333336,AsianOnly,55009,HighSchoolOrCollege,False,False,False,1,False,False,False,False,False
2378,2378,12,True,25.08333333333333,BlackOnly,48735,Graduate,False,False,False,1,True,False,False,True,True
2379,2379,12,True,37.083333333333336,Other,81293,Low,False,True,False,1,False,True,True,True,True
2380,2380,12,True,47.083333333333336,WhiteOnly,73786,HighSchoolOrCollege,True,True,False,1,True,True,True,False,False
2381,2381,12,False,23.08333333333333,WhiteOnly,35612,Bachelors,True,False,False,1,False,True,False,True,False
2382,2382,12,True,40.083333333333336,BlackOnly,310379,Bachelors,False,True,False,1,False,False,True,False,False
2383,2383,12,False,23.08333333333333,Other,71846,Graduate,False,True,False,1,False,True,True,True,True
2384,2384,12,True,41.083333333333336,BlackOnly,69700,HighSchoolOrCollege,False,False,False,1,True,False,False,False,False
2385,2385,12,True,47.083333333333336,BlackOnly,10736,HighSchoolOrCollege,False,False,False,1,False,False,True,False,False
2386,2386,12,True,36.083333333333336,BlackOnly,40009,Graduate,False,False,False,1,True,True,False,False,True
2387,2387,12,True,26.08333333333333,WhiteOnly,73736,HighSchoolOrCollege,True,True,False,1,True,True,True,True,False
2388,2388,12,True,43.083333333333336,BlackOnly,66299,Bachelors,False,False,False,1,True,True,True,True,False
2389,2389,12,True,30.08333333333333,BlackOnly,241227,HighSchoolOrCollege,False,True,False,1,True,True,False,False,True
2390,2390,12,True,56.083333333333336,BlackOnly,280368,Bachelors,False,True,True,1,True,True,True,True,False
2391,2391,12,False,33.083333333333336,BlackOnly,61813,HighSchoolOrCollege,False,False,False,1,True,False,False,False,True
2392,2392,12,True,27.08333333333333,WhiteOnly,113433,HighSchoolOrCollege,True,True,False,1,True,True,False,True,False
2393,2393,12,True,41.083333333333336,BlackOnly,70244,Bachelors,False,True,False,1,True,False,True,False,False
2394,2394,12,True,32.083333333333336,AsianOnly,60502,Graduate,False,False,False,1,False,True,False,False,True
2395,2395,12,True,21.08333333333333,WhiteOnly,43656,Low,True,False,False,1,False,True,True,True,False
2396,2396,12,True,49.083333333333336,WhiteOnly,93329,HighSchoolOrCollege,True,True,False,1,True,False,False,False,False
2397,2397,12,True,51.083333333333336,BlackOnly,32403,Bachelors,False,False,True,1,False,True,True,False,True
2398,2398,12,True,27.08333333333333,BlackOnly,32046,Graduate,False,False,False,1,False,False,True,True,False
2399,2399,12,True,61.083333333333336,WhiteOnly,62856,HighSchoolOrCollege,True,False,True,1,True,False,False,False,False
2400,2400,12,True,28.08333333333333,BlackOnly,83108,HighSchoolOrCollege,False,True,False,1,True,True,True,True,False
2401,2401,12,True,37.083333333333336,WhiteOnly,483947,Graduate,True,True,False,1,True,False,False,True,True
2402,2402,12,False,33.083333333333336,WhiteOnly,74554,Bachelors,True,True,False,1,False,True,False,True,True
2403,2403,12,True,34.083333333333336,BlackOnly,21092,HighSchoolOrCollege,False,False,False,1,False,False,False,False,True
2404,2404,12,True,30.08333333333333,BlackOnly,64399,HighSchoolOrCollege,False,False,False,1,False,True,True,True,True
2405,2405,12,True,42.083333333333336,WhiteOnly,13184,Graduate,True,False,False,1,True,False,False,True,True
2406,2406,12,True,30.08333333333333,BlackOnly,71407,HighSchoolOrCollege,False,True,False,1,False,True,True,True,False
2407,2407,12,True,46.083333333333336,WhiteOnly,44198,Bachelors,True,False,False,1,True,False,False,False,True
2408,2408,12,True,36.083333333333336,BlackOnly,300831,HighSchoolOrCollege,False,True,False,1,False,False,True,True,False
2409,2409,12,True,36.083333333333336,BlackOnly,83802,Graduate,False,True,False,1,False,False,False,False,True
2410,2410,12,True,26.08333333333333,AsianOnly,39573,HighSchoolOrCollege,False,False,False,1,True,False,True,False,True
2411,2411,12,True,62.083333333333336,WhiteOnly,310498,HighSchoolOrCollege,True,True,True,1,True,True,False,True,False
2412,2412,12,True,24.08333333333333,BlackOnly,28407,HighSchoolOrCollege,False,False,False,1,True,False,False,True,False
2413,2413,12,True,31.08333333333333,BlackOnly,94658,HighSchoolOrCollege,False,True,False,1,True,True,False,False,False
2414,2414,12,True,45.083333333333336,BlackOnly,51702,Low,False,False,False,1,False,True,False,False,True
2415,2415,12,True,28.08333333333333,WhiteOnly,9245,Bachelors,True,False,False,1,False,True,True,False,True
2416,2416,12,True,25.08333333333333,WhiteOnly,41014,HighSchoolOrCollege,True,False,False,1,True,True,False,False,False
2417,2417,12,False,29.08333333333333,BlackOnly,48882,HighSchoolOrCollege,False,False,False,1,False,True,False,True,False
2418,2418,12,True,39.083333333333336,WhiteOnly,8228,Graduate,True,False,False,1,False,False,False,False,True
2419,2419,12,True,25.08333333333333,AsianOnly,258984,Graduate,False,True,False,1,False,True,True,False,True
2420,2420,12,True,29.08333333333333,BlackOnly,28476,HighSchoolOrCollege,False,False,False,1,False,True,False,False,False
2421,2421,12,True,27.08333333333333,BlackOnly,3895,HighSchoolOrCollege,False,False,False,1,False,True,True,False,False
2422,2422,12,False,31.08333333333333,Other,150197,Graduate,False,True,False,1,False,False,True,True,True
2423,2423,12,False,54.083333333333336,BlackOnly,58868,HighSchoolOrCollege,False,False,True,1,True,False,True,False,True
2424,2424,12,False,28.08333333333333,WhiteOnly,70683,HighSchoolOrCollege,True,True,False,1,False,False,True,True,False
2425,2425,12,True,31.08333333333333,BlackOnly,28216,Low,False,False,False,1,True,False,True,False,True
2426,2426,12,True,47.083333333333336,BlackOnly,28088,HighSchoolOrCollege,False,False,False,1,True,False,True,False,False
2427,2427,12,False,29.08333333333333,Plus2Races,67765,Graduate,False,False,False,1,True,False,True,True,True
2428,2428,12,False,45.083333333333336,BlackOnly,259095,HighSchoolOrCollege,False,True,False,1,True,True,True,True,False
2429,2429,12,True,44.083333333333336,WhiteOnly,54230,HighSchoolOrCollege,True,False,False,1,False,True,False,False,False
2430,2430,12,True,48.083333333333336,BlackOnly,2398,Graduate,False,False,False,1,False,False,False,True,True
2431,2431,12,True,47.083333333333336,WhiteOnly,25193,Bachelors,True,False,False,1,False,False,False,True,True
2432,2432,12,True,43.083333333333336,BlackOnly,58264,HighSchoolOrCollege,False,False,False,1,True,True,False,False,True
2433,2433,12,True,33.083333333333336,WhiteOnly,15163,Bachelors,True,False,False,1,True,False,False,False,True
2434,2434,12,True,21.08333333333333,BlackOnly,19140,HighSchoolOrCollege,False,False,False,1,False,True,False,True,False
2435,2435,12,True,22.08333333333333,Other,69312,HighSchoolOrCollege,False,False,False,1,True,True,False,False,True
2436,2436,12,True,26.08333333333333,BlackOnly,13188,Bachelors,False,False,False,1,True,False,False,True,False
2437,2437,12,False,43.083333333333336,BlackOnly,7709,HighSchoolOrCollege,False,False,False,1,True,False,True,True,True
2438,2438,12,True,27.08333333333333,Other,241293,Graduate,False,True,False,1,True,True,True,False,False
2439,2439,12,True,32.083333333333336,BlackOnly,37955,Low,False,False,False,1,True,False,False,False,False
2440,2440,12,False,34.083333333333336,WhiteOnly,69543,HighSchoolOrCollege,True,False,False,1,True,False,True,True,True
2441,2441,12,True,52.083333333333336,BlackOnly,41970,Low,False,False,True,1,False,False,False,False,False
2442,2442,12,True,63.083333333333336,BlackOnly,4402,Bachelors,False,False,True,1,True,False,True,True,True
2443,2443,12,True,33.083333333333336,WhiteOnly,52903,Bachelors,True,False,False,1,False,False,False,False,True
2444,2444,12,True,35.083333333333336,WhiteOnly,19797,Bachelors,True,False,False,1,True,True,False,True,False
2445,2445,12,True,58.083333333333336,BlackOnly,57162,Graduate,False,False,True,1,True,False,False,True,True
2446,2446,12,True,32.083333333333336,WhiteOnly,18844,Graduate,True,False,False,1,False,True,True,True,True
2447,2447,12,True,31.08333333333333,BlackOnly,51648,HighSchoolOrCollege,False,False,False,1,True,False,False,False,False
2448,2448,12,True,43.083333333333336,WhiteOnly,70932,HighSchoolOrCollege,True,True,False,1,True,True,True,False,True
2449,2449,12,False,32.083333333333336,BlackOnly,52346,HighSchoolOrCollege,False,False,False,1,True,False,False,True,False
2450,2450,12,True,27.08333333333333,BlackOnly,24109,Graduate,False,False,False,1,False,False,False,True,True
2451,2451,12,True,29.08333333333333,WhiteOnly,84248,HighSchoolOrCollege,True,True,False,1,False,True,False,True,False
2452,2452,12,True,44.083333333333336,BlackOnly,59677,Low,False,False,False,1,False,True,True,False,False
2453,2453,12,True,28.08333333333333,WhiteOnly,13669,HighSchoolOrCollege,True,False,False,1,False,True,False,True,False
2454,2454,12,False,35.083333333333336,BlackOnly,63044,Low,False,False,False,1,False,False,False,False,True
2455,2455,12,False,46.083333333333336,BlackOnly,38447,HighSchoolOrCollege,False,False,False,1,False,True,True,True,False
2456,2456,12,False,23.08333333333333,WhiteOnly,29337,HighSchoolOrCollege,True,False,False,1,False,False,False,True,False
2457,2457,12,True,24.08333333333333,WhiteOnly,11202,Bachelors,True,False,False,1,True,True,True,True,False
2458,2458,12,True,32.083333333333336,WhiteOnly,45808,Low,True,False,False,1,False,False,False,False,False
2459,2459,12,True,51.083333333333336,BlackOnly,41818,Bachelors,False,False,True,1,True,True,False,True,True
2460,2460,12,True,46.083333333333336,BlackOnly,40245,HighSchoolOrCollege,False,False,False,1,True,True,True,False,True
2461,2461,12,True,53.083333333333336,WhiteOnly,88539,HighSchoolOrCollege,True,True,True,1,True,True,False,True,True
2462,2462,12,False,33.083333333333336,WhiteOnly,434193,HighSchoolOrCollege,True,True,False,1,False,True,False,True,False
2463,2463,12,True,34.083333333333336,WhiteOnly,139918,HighSchoolOrCollege,True,True,False,1,False,True,False,False,True
2464,2464,12,True,29.08333333333333,AsianOnly,67912,HighSchoolOrCollege,False,False,False,1,False,False,False,False,False
2465,2465,12,True,59.083333333333336,WhiteOnly,69434,HighSchoolOrCollege,True,False,True,1,True,False,False,True,False
2466,2466,12,True,33.083333333333336,WhiteOnly,56836,Graduate,True,False,False,1,True,True,False,False,False
2467,2467,12,False,28.08333333333333,BlackOnly,54796,HighSchoolOrCollege,False,False,False,1,False,False,True,True,False
2468,2468,12,True,26.08333333333333,BlackOnly,24946,Low,False,False,False,1,False,False,True,False,False
2469,2469,12,False,28.08333333333333,WhiteOnly,71211,Bachelors,True,True,False,1,False,False,True,True,False
2470,2470,12,False,31.08333333333333,BlackOnly,66990,HighSchoolOrCollege,False,False,False,1,True,False,False,True,False
2471,2471,12,True,49.083333333333336,BlackOnly,15132,HighSchoolOrCollege,False,False,False,1,True,True,True,True,False
2472,2472,12,True,25.08333333333333,BlackOnly,69204,HighSchoolOrCollege,False,False,False,1,True,False,True,False,True
2473,2473,12,True,64.08333333333333,BlackOnly,9183,HighSchoolOrCollege,False,False,True,1,False,True,False,False,True
2474,2474,12,True,50.083333333333336,BlackOnly,38893,Bachelors,False,False,True,1,False,False,False,False,False
2475,2475,12,True,62.083333333333336,BlackOnly,154147,HighSchoolOrCollege,False,True,True,1,True,True,False,False,False
2476,2476,12,True,32.083333333333336,WhiteOnly,62716,Graduate,True,False,False,1,False,False,False,False,False
2477,2477,12,False,30.08333333333333,WhiteOnly,66844,HighSchoolOrCollege,True,False,False,1,False,False,False,True,False
2478,2478,12,True,36.083333333333336,BlackOnly,78804,Graduate,False,True,False,1,False,True,True,False,True
2479,2479,12,True,27.08333333333333,BlackOnly,63543,HighSchoolOrCollege,False,False,False,1,False,True,True,False,True
2480,2480,12,False,63.083333333333336,WhiteOnly,46119,Graduate,True,False,True,1,True,True,False,True,True
2481,2481,12,True,29.08333333333333,AsianOnly,239,HighSchoolOrCollege,False,False,False,1,True,False,True,True,False
2482,2482,12,True,54.083333333333336,WhiteOnly,479085,HighSchoolOrCollege,True,True,True,1,False,True,False,False,False
2483,2483,12,True,37.083333333333336,WhiteOnly,50039,Graduate,True,False,False,1,True,True,False,False,True
2484,2484,12,True,25.08333333333333,BlackOnly,72839,Bachelors,False,True,False,1,True,True,True,False,False
2485,2485,12,True,41.083333333333336,BlackOnly,67764,Graduate,False,False,False,1,False,True,False,False,True
2486,2486,12,True,33.083333333333336,BlackOnly,86614,Bachelors,False,True,False,1,False,True,False,False,True
2487,2487,12,True,35.083333333333336,WhiteOnly,41382,Bachelors,True,False,False,1,True,False,False,False,True
2488,2488,12,True,38.083333333333336,BlackOnly,63108,Low,False,False,False,1,False,False,True,False,True
2489,2489,12,True,27.08333333333333,WhiteOnly,46722,Bachelors,True,False,False,1,False,False,False,False,False
2490,2490,12,True,25.08333333333333,WhiteOnly,319775,HighSchoolOrCollege,True,True,False,1,True,True,True,True,False
2491,2491,12,False,26.08333333333333,BlackOnly,266750,HighSchoolOrCollege,False,True,False,1,False,True,True,True,False
2492,2492,12,True,28.08333333333333,BlackOnly,70524,HighSchoolOrCollege,False,True,False,1,True,False,True,False,True
2493,2493,12,True,48.083333333333336,BlackOnly,127490,HighSchoolOrCollege,False,True,False,1,False,False,False,True,False
2494,2494,12,False,34.083333333333336,BlackOnly,72615,HighSchoolOrCollege,False,True,False,1,True,True,False,True,False
2495,2495,12,True,26.08333333333333,BlackOnly,13383,Bachelors,False,False,False,1,False,True,True,False,True
2496,2496,12,True,63.083333333333336,BlackOnly,66837,HighSchoolOrCollege,False,False,True,1,True,True,True,False,False
2497,2497,12,False,31.08333333333333,BlackOnly,45318,Bachelors,False,False,False,1,True,False,False,False,True
2498,2498,12,True,26.08333333333333,Other,72652,HighSchoolOrCollege,False,True,False,1,True,True,True,False,False
2499,2499,12,True,25.08333333333333,Plus2Races,84463,Graduate,False,True,False,1,False,True,True,False,True
2500,2500,13,True,41.083333333333336,BlackOnly,132677,HighSchoolOrCollege,False,True,False,1,True,True,False,True,False
2501,2501,13,False,63.083333333333336,BlackOnly,20223,HighSchoolOrCollege,False,False,True,1,True,False,False,True,False
2502,2502,13,False,32.083333333333336,Plus2Races,239336,Graduate,False,True,False,1,True,True,False,False,False
2503,2503,13,True,58.083333333333336,WhiteOnly,76517,HighSchoolOrCollege,True,True,True,1,True,True,False,False,False
2504,2504,13,False,23.08333333333333,BlackOnly,96669,HighSchoolOrCollege,False,True,False,1,True,True,True,True,True
2505,2505,13,False,50.083333333333336,BlackOnly,96565,Low,False,True,True,1,True,True,True,False,True
2506,2506,13,False,31.08333333333333,BlackOnly,90151,Graduate,False,True,False,1,True,True,False,True,True
2507,2507,13,False,48.083333333333336,BlackOnly,93862,Bachelors,False,True,False,1,True,True,False,True,False
2508,2508,13,True,24.08333333333333,BlackOnly,92478,Low,False,True,False,1,True,False,True,False,True
2509,2509,13,True,54.083333333333336,WhiteOnly,335941,Low,True,True,True,1,False,False,False,False,False
2510,2510,13,False,58.083333333333336,BlackOnly,23315,HighSchoolOrCollege,False,False,True,1,True,True,True,True,False
2511,2511,13,False,37.083333333333336,BlackOnly,79362,Bachelors,False,True,False,1,False,False,False,False,False
2512,2512,13,False,25.08333333333333,BlackOnly,79443,Bachelors,False,True,False,1,True,True,False,True,True
2513,2513,13,False,44.083333333333336,BlackOnly,132943,Bachelors,False,True,False,1,False,True,True,True,True
2514,2514,13,False,37.083333333333336,BlackOnly,95389,Graduate,False,True,False,1,False,False,True,False,True
2515,2515,13,True,27.08333333333333,BlackOnly,86782,Graduate,False,True,False,1,True,True,False,False,True
2516,2516,13,True,24.08333333333333,BlackOnly,91562,Graduate,False,True,False,1,True,True,False,True,True
2517,2517,13,True,41.083333333333336,BlackOnly,13357,HighSchoolOrCollege,False,False,False,1,False,False,False,False,True
2518,2518,13,True,38.083333333333336,BlackOnly,421727,Low,False,True,False,1,False,True,True,True,True
2519,2519,13,True,37.083333333333336,BlackOnly,85367,HighSchoolOrCollege,False,True,False,1,True,True,False,False,False
2520,2520,13,True,25.08333333333333,BlackOnly,76497,Low,False,True,False,1,False,False,True,False,True
2521,2521,13,False,33.083333333333336,BlackOnly,94098,HighSchoolOrCollege,False,True,False,1,False,True,False,True,False
2522,2522,13,False,26.08333333333333,BlackOnly,78077,Graduate,False,True,False,1,False,False,True,True,True
2523,2523,13,False,39.083333333333336,BlackOnly,23241,Graduate,False,False,False,1,False,False,False,True,False
2524,2524,13,False,51.083333333333336,BlackOnly,99210,Bachelors,False,True,True,1,True,True,True,True,False
2525,2525,13,True,33.083333333333336,BlackOnly,80460,Graduate,False,True,False,1,False,True,False,False,True
2526,2526,13,False,43.083333333333336,BlackOnly,63725,HighSchoolOrCollege,False,False,False,1,True,True,True,True,False
2527,2527,13,True,30.08333333333333,BlackOnly,88572,Bachelors,False,True,False,1,True,True,False,True,False
2528,2528,13,False,30.08333333333333,BlackOnly,16056,HighSchoolOrCollege,False,False,False,1,True,False,True,True,True
2529,2529,13,False,30.08333333333333,WhiteOnly,468308,Bachelors,True,True,False,1,True,False,True,True,True
2530,2530,13,True,27.08333333333333,BlackOnly,84704,HighSchoolOrCollege,False,True,False,1,True,True,False,False,False
2531,2531,13,True,30.08333333333333,BlackOnly,88622,Graduate,False,True,False,1,False,True,True,True,False
2532,2532,13,True,26.08333333333333,BlackOnly,171953,Graduate,False,True,False,1,False,True,True,False,True
2533,2533,13,False,28.08333333333333,BlackOnly,10971,HighSchoolOrCollege,False,False,False,1,False,False,False,True,False
2534,2534,13,True,32.083333333333336,WhiteOnly,89383,Bachelors,True,True,False,1,True,True,False,True,True
2535,2535,13,True,29.08333333333333,BlackOnly,79885,Bachelors,False,True,False,1,False,True,True,True,True
2536,2536,13,True,39.083333333333336,BlackOnly,86268,Graduate,False,True,False,1,False,True,False,False,False
2537,2537,13,False,58.083333333333336,BlackOnly,92981,Bachelors,False,True,True,1,False,False,False,False,False
2538,2538,13,True,36.083333333333336,WhiteOnly,311553,HighSchoolOrCollege,True,True,False,1,False,False,False,True,False
2539,2539,13,False,27.08333333333333,Plus2Races,99315,Bachelors,False,True,False,1,True,False,False,False,False
2540,2540,13,True,34.083333333333336,BlackOnly,14706,Bachelors,False,False,False,1,True,False,True,False,True
2541,2541,13,True,44.083333333333336,Plus2Races,93871,Graduate,False,True,False,1,False,True,False,False,True
2542,2542,13,False,62.083333333333336,BlackOnly,80593,Graduate,False,True,True,1,True,True,False,True,True
2543,2543,13,False,23.08333333333333,BlackOnly,91170,Bachelors,False,True,False,1,False,True,False,True,False
2544,2544,13,False,26.08333333333333,WhiteOnly,98582,Graduate,True,True,False,1,True,True,False,False,True
2545,2545,13,False,23.08333333333333,BlackOnly,272721,Graduate,False,True,False,1,True,True,True,True,True
2546,2546,13,False,33.083333333333336,BlackOnly,454482,Bachelors,False,True,False,1,False,True,False,True,False
2547,2547,13,False,26.08333333333333,BlackOnly,85440,HighSchoolOrCollege,False,True,False,1,False,False,False,True,False
2548,2548,13,True,29.08333333333333,BlackOnly,86399,Bachelors,False,True,False,1,True,True,True,False,False
2549,2549,13,True,33.083333333333336,BlackOnly,49454,HighSchoolOrCollege,False,False,False,1,True,True,False,False,False
2550,2550,13,True,26.08333333333333,WhiteOnly,91117,Bachelors,True,True,False,1,False,False,False,False,True
2551,2551,13,True,33.083333333333336,BlackOnly,82322,Graduate,False,True,False,1,True,False,True,False,False
2552,2552,13,False,36.083333333333336,BlackOnly,90363,Low,False,True,False,1,False,False,True,True,True
2553,2553,13,False,21.08333333333333,Plus2Races,468977,Bachelors,False,True,False,1,False,False,True,True,True
2554,2554,13,False,25.08333333333333,BlackOnly,474743,Bachelors,False,True,False,1,True,False,True,False,True
2555,2555,13,False,26.08333333333333,BlackOnly,33042,Bachelors,False,False,False,1,True,False,False,True,True
2556,2556,13,False,40.083333333333336,WhiteOnly,15651,Graduate,True,False,False,1,False,True,False,True,True
2557,2557,13,True,45.083333333333336,BlackOnly,71264,Bachelors,False,True,False,1,False,True,False,False,False
2558,2558,13,True,24.08333333333333,BlackOnly,98981,Graduate,False,True,False,1,True,True,True,False,True
2559,2559,13,False,30.08333333333333,BlackOnly,78163,Graduate,False,True,False,1,True,True,True,True,False
2560,2560,13,False,29.08333333333333,BlackOnly,88210,Low,False,True,False,1,False,True,False,False,True
2561,2561,13,True,39.083333333333336,Plus2Races,93330,HighSchoolOrCollege,False,True,False,1,True,True,False,True,True
2562,2562,13,True,17.083333333333332,BlackOnly,86409,Bachelors,False,True,False,1,False,True,True,True,True
2563,2563,13,False,22.08333333333333,BlackOnly,270689,Bachelors,False,True,False,1,False,True,True,True,False
2564,2564,13,True,26.08333333333333,BlackOnly,478903,Bachelors,False,True,False,1,True,True,False,False,True
2565,2565,13,True,43.083333333333336,WhiteOnly,98946,HighSchoolOrCollege,True,True,False,1,True,True,False,False,True
2566,2566,13,True,21.08333333333333,BlackOnly,374092,Bachelors,False,True,False,1,False,False,False,False,False
2567,2567,14,False,64.08333333333333,BlackOnly,32677,HighSchoolOrCollege,False,False,True,1,True,False,True,True,True
2568,2568,14,False,60.083333333333336,BlackOnly,35223,HighSchoolOrCollege,False,False,True,1,True,True,True,True,False
2569,2569,14,False,40.083333333333336,Plus2Races,39336,HighSchoolOrCollege,False,False,False,1,False,True,False,True,False
2570,2570,14,True,63.083333333333336,BlackOnly,26517,Low,False,False,True,1,True,False,True,True,True
2571,2571,14,False,20.08333333333333,BlackOnly,46669,HighSchoolOrCollege,False,False,False,1,False,True,False,True,True
2572,2572,14,False,63.083333333333336,BlackOnly,46565,Low,False,False,True,1,False,True,True,True,True
2573,2573,14,False,41.083333333333336,BlackOnly,40151,HighSchoolOrCollege,False,False,False,1,True,True,True,False,False
2574,2574,14,False,60.083333333333336,BlackOnly,43862,HighSchoolOrCollege,False,False,True,1,False,True,False,True,False
2575,2575,14,False,23.08333333333333,BlackOnly,42478,Low,False,False,False,1,True,False,True,False,True
2576,2576,14,True,60.083333333333336,WhiteOnly,35941,Low,True,False,True,1,True,True,True,False,False
2577,2577,14,False,63.083333333333336,BlackOnly,28315,HighSchoolOrCollege,False,False,True,1,True,False,False,True,False
2578,2578,14,False,40.083333333333336,BlackOnly,29362,HighSchoolOrCollege,False,False,False,1,False,False,False,True,True
2579,2579,14,False,27.08333333333333,BlackOnly,29443,HighSchoolOrCollege,False,False,False,1,True,False,False,True,True
2580,2580,14,False,63.083333333333336,BlackOnly,32943,HighSchoolOrCollege,False,False,True,1,True,True,False,True,False
2581,2581,15,True,22.08333333333333,BlackOnly,32677,HighSchoolOrCollege,False,False,False,1,True,False,True,True,True
2582,2582,15,False,37.083333333333336,BlackOnly,223,HighSchoolOrCollege,False,False,False,1,True,False,True,True,True
2583,2583,15,False,18.08333333333333,Plus2Races,64336,Bachelors,False,False,False,1,False,True,True,True,True
2584,2584,15,True,27.08333333333333,BlackOnly,26517,HighSchoolOrCollege,False,False,False,1,True,False,True,True,False
2585,2585,15,True,15.083333333333334,BlackOnly,46669,HighSchoolOrCollege,False,False,False,1,False,True,True,False,False
2586,2586,15,False,20.08333333333333,BlackOnly,46565,Low,False,False,False,1,False,True,True,True,True
2587,2587,15,False,16.083333333333332,BlackOnly,40151,Graduate,False,False,False,1,False,False,False,True,False
2588,2588,15,False,24.08333333333333,BlackOnly,43862,HighSchoolOrCollege,False,False,False,1,True,False,False,True,True
2589,2589,15,True,17.083333333333332,BlackOnly,12478,Low,False,False,False,1,False,False,True,False,False
2590,2590,15,True,24.08333333333333,WhiteOnly,60941,Low,True,False,False,1,True,False,True,False,False
2591,2591,15,False,34.083333333333336,BlackOnly,23315,HighSchoolOrCollege,False,False,False,1,False,False,False,True,False
2592,2592,15,False,23.08333333333333,BlackOnly,24362,HighSchoolOrCollege,False,False,False,1,True,False,False,True,True
2593,2593,15,False,19.08333333333333,BlackOnly,29443,HighSchoolOrCollege,False,False,False,1,False,False,True,False,False
2594,2594,15,True,22.08333333333333,BlackOnly,32943,HighSchoolOrCollege,False,False,False,1,False,False,True,False,False
2595,2595,15,False,21.08333333333333,BlackOnly,45389,Graduate,False,False,False,1,False,False,False,True,True
2596,2596,15,True,19.08333333333333,BlackOnly,11782,Bachelors,False,False,False,1,False,True,True,True,False
2597,2597,15,True,19.08333333333333,BlackOnly,16562,Bachelors,False,False,False,1,False,False,True,True,False
2598,2598,15,True,22.08333333333333,BlackOnly,13357,Low,False,False,False,1,False,True,True,False,False
2599,2599,15,True,22.08333333333333,BlackOnly,71727,Low,False,True,False,1,False,True,True,False,True
2600,2600,15,True,21.08333333333333,BlackOnly,15367,HighSchoolOrCollege,False,False,False,1,True,False,False,True,True
2601,2601,15,True,18.08333333333333,BlackOnly,26497,Low,False,False,False,1,False,False,False,False,False
2602,2602,15,False,23.08333333333333,BlackOnly,44098,Low,False,False,False,1,False,False,False,True,False
2603,2603,15,False,16.083333333333332,BlackOnly,13077,Bachelors,False,False,False,1,False,False,True,True,True
2604,2604,15,False,23.08333333333333,BlackOnly,23241,Graduate,False,False,False,1,False,False,True,False,True
2605,2605,15,False,23.08333333333333,BlackOnly,49210,HighSchoolOrCollege,False,False,False,1,True,True,False,True,False
2606,2606,15,True,21.08333333333333,BlackOnly,30460,Bachelors,False,False,False,1,False,True,True,False,True
2607,2607,15,False,20.08333333333333,BlackOnly,23725,HighSchoolOrCollege,False,False,False,1,True,False,False,False,False
2608,2608,15,True,22.08333333333333,BlackOnly,13572,HighSchoolOrCollege,False,False,False,1,True,True,False,False,True
2609,2609,15,False,17.083333333333332,BlackOnly,16056,HighSchoolOrCollege,False,False,False,1,True,True,False,True,False
2610,2610,15,False,18.08333333333333,WhiteOnly,43308,HighSchoolOrCollege,True,False,False,1,True,True,False,True,False
2611,2611,15,True,16.083333333333332,BlackOnly,34704,HighSchoolOrCollege,False,False,False,1,False,True,False,False,False
2612,2612,15,True,17.083333333333332,BlackOnly,38622,Graduate,False,False,False,1,False,True,False,True,True
2613,2613,15,True,17.083333333333332,BlackOnly,46953,Graduate,False,False,False,1,False,False,False,True,True
2614,2614,15,False,19.08333333333333,BlackOnly,971,HighSchoolOrCollege,False,False,False,1,False,False,False,False,False
2615,2615,15,True,18.08333333333333,BlackOnly,24383,HighSchoolOrCollege,False,False,False,1,True,False,True,False,False
2616,2616,15,True,19.08333333333333,BlackOnly,29885,HighSchoolOrCollege,False,False,False,1,False,False,False,True,True
2617,2617,15,True,20.08333333333333,BlackOnly,36268,Graduate,False,False,False,1,False,False,False,True,False
2618,2618,15,False,33.083333333333336,BlackOnly,22981,HighSchoolOrCollege,False,False,False,1,False,False,True,True,True
2619,2619,15,True,23.08333333333333,BlackOnly,36553,HighSchoolOrCollege,False,False,False,1,True,False,True,False,False
2620,2620,15,True,16.083333333333332,Plus2Races,49315,HighSchoolOrCollege,False,False,False,1,False,False,False,True,True
2621,2621,15,True,23.08333333333333,BlackOnly,14706,HighSchoolOrCollege,False,False,False,1,False,False,True,False,False
2622,2622,15,True,20.08333333333333,BlackOnly,13871,Bachelors,False,False,False,1,False,False,True,False,True
2623,2623,15,False,39.083333333333336,BlackOnly,30593,Bachelors,False,False,False,1,False,False,True,True,True
2624,2624,15,True,15.083333333333334,BlackOnly,41170,HighSchoolOrCollege,False,False,False,1,True,True,False,True,False
2625,2625,15,True,17.083333333333332,BlackOnly,48582,Graduate,False,False,False,1,True,False,False,False,False
2626,2626,15,False,16.083333333333332,BlackOnly,47721,Graduate,False,False,False,1,True,True,False,True,False
2627,2627,15,False,17.083333333333332,BlackOnly,29482,HighSchoolOrCollege,False,False,False,1,False,True,False,False,False
2628,2628,15,True,17.083333333333332,BlackOnly,35440,HighSchoolOrCollege,False,False,False,1,False,False,False,False,False
2629,2629,15,True,16.083333333333332,BlackOnly,16399,HighSchoolOrCollege,False,False,False,1,False,False,True,True,True
2630,2630,15,True,17.083333333333332,BlackOnly,14454,Low,False,False,False,1,False,False,False,False,True
2631,2631,15,True,19.08333333333333,BlackOnly,41117,HighSchoolOrCollege,False,False,False,1,False,False,False,False,False
2632,2632,15,True,23.08333333333333,BlackOnly,12322,Graduate,False,False,False,1,False,True,False,False,False
2633,2633,15,False,24.08333333333333,BlackOnly,10363,Low,False,False,False,1,True,False,True,False,False
2634,2634,15,False,17.083333333333332,BlackOnly,43977,HighSchoolOrCollege,False,False,False,1,False,True,False,False,False
2635,2635,15,True,18.08333333333333,BlackOnly,74743,HighSchoolOrCollege,False,True,False,1,False,True,True,True,False
2636,2636,15,False,16.083333333333332,BlackOnly,23042,HighSchoolOrCollege,False,False,False,1,False,False,True,True,False
2637,2637,15,True,24.08333333333333,BlackOnly,15651,Graduate,False,False,False,1,False,True,False,False,True
2638,2638,15,True,22.08333333333333,BlackOnly,16264,HighSchoolOrCollege,False,False,False,1,True,False,True,False,False
2639,2639,15,True,19.08333333333333,BlackOnly,48981,Graduate,False,False,False,1,False,True,False,True,True
2640,2640,15,True,23.08333333333333,BlackOnly,28163,Graduate,False,False,False,1,False,True,True,False,False
2641,2641,15,False,17.083333333333332,BlackOnly,38210,Low,False,False,False,1,False,False,False,True,False
2642,2642,15,True,21.08333333333333,BlackOnly,13330,HighSchoolOrCollege,False,False,False,1,False,False,True,False,False
2643,2643,15,True,17.083333333333332,BlackOnly,16409,HighSchoolOrCollege,False,False,False,1,True,False,True,True,False
2644,2644,15,True,15.083333333333334,BlackOnly,45689,HighSchoolOrCollege,False,False,False,1,False,False,True,False,False
2645,2645,15,True,18.08333333333333,BlackOnly,53903,HighSchoolOrCollege,False,False,False,1,True,False,False,True,False
2646,2646,15,True,22.08333333333333,BlackOnly,48946,HighSchoolOrCollege,False,False,False,1,False,False,False,False,False
2647,2647,15,True,17.083333333333332,BlackOnly,49092,HighSchoolOrCollege,False,False,False,1,False,True,True,False,True
2648,2648,15,False,24.08333333333333,BlackOnly,30843,Graduate,False,False,False,1,False,False,True,True,True
2649,2649,15,False,24.08333333333333,BlackOnly,46033,Bachelors,False,False,False,1,False,True,False,False,False
2650,2650,15,False,19.08333333333333,BlackOnly,11740,HighSchoolOrCollege,False,False,False,1,False,True,False,True,False
2651,2651,15,False,21.08333333333333,BlackOnly,46947,HighSchoolOrCollege,False,False,False,1,False,False,True,False,False
2652,2652,15,False,17.083333333333332,BlackOnly,11122,Graduate,False,False,False,1,True,False,True,True,True
2653,2653,15,True,22.08333333333333,BlackOnly,36096,HighSchoolOrCollege,False,False,False,1,True,True,False,False,True
2654,2654,15,True,45.083333333333336,BlackOnly,15268,HighSchoolOrCollege,False,False,False,1,True,False,True,False,False
2655,2655,15,False,20.08333333333333,BlackOnly,3244,Bachelors,False,False,False,1,False,True,False,True,True
2656,2656,15,False,18.08333333333333,BlackOnly,13144,Bachelors,False,False,False,1,True,False,False,True,False
2657,2657,15,True,15.083333333333334,BlackOnly,40064,Graduate,False,False,False,1,False,True,True,False,True
2658,2658,15,True,19.08333333333333,BlackOnly,14859,HighSchoolOrCollege,False,False,False,1,True,False,True,False,False
2659,2659,15,False,41.083333333333336,BlackOnly,65775,HighSchoolOrCollege,False,False,False,1,True,False,True,False,False
2660,2660,15,True,17.083333333333332,BlackOnly,21196,HighSchoolOrCollege,False,False,False,1,False,True,False,True,True
2661,2661,15,True,17.083333333333332,BlackOnly,39751,HighSchoolOrCollege,False,False,False,1,False,True,False,True,False
2662,2662,15,True,23.08333333333333,BlackOnly,20627,HighSchoolOrCollege,False,False,False,1,True,True,True,True,False
2663,2663,15,False,24.08333333333333,BlackOnly,53432,Bachelors,False,False,False,1,False,True,True,True,False
2664,2664,15,True,19.08333333333333,BlackOnly,25610,HighSchoolOrCollege,False,False,False,1,True,False,True,False,False
2665,2665,15,True,23.08333333333333,BlackOnly,16435,HighSchoolOrCollege,False,False,False,1,True,False,True,True,False
2666,2666,15,False,17.083333333333332,BlackOnly,60312,HighSchoolOrCollege,False,False,False,1,False,False,False,False,True
2667,2667,15,False,19.08333333333333,BlackOnly,28065,HighSchoolOrCollege,False,False,False,1,True,False,False,False,False
2668,2668,15,False,22.08333333333333,BlackOnly,20165,Graduate,False,False,False,1,False,False,True,True,True
2669,2669,15,False,15.083333333333334,BlackOnly,42742,Low,False,False,False,1,True,False,True,True,True
2670,2670,15,False,19.08333333333333,BlackOnly,27295,Low,False,False,False,1,False,True,False,True,True
2671,2671,15,False,22.08333333333333,BlackOnly,32610,HighSchoolOrCollege,False,False,False,1,False,False,False,False,True
2672,2672,15,True,23.08333333333333,BlackOnly,17959,Low,False,False,False,1,False,False,True,True,False
2673,2673,15,False,16.083333333333332,BlackOnly,36275,HighSchoolOrCollege,False,False,False,1,False,False,True,False,True
2674,2674,15,False,21.08333333333333,BlackOnly,12240,Graduate,False,False,False,1,True,False,False,False,False
2675,2675,15,False,15.083333333333334,BlackOnly,35738,HighSchoolOrCollege,False,False,False,1,False,True,False,True,True
2676,2676,15,False,18.08333333333333,BlackOnly,33253,Low,False,False,False,1,False,False,False,True,False
2677,2677,15,True,23.08333333333333,BlackOnly,1097,Graduate,False,False,False,1,True,False,True,False,True
2678,2678,15,True,20.08333333333333,BlackOnly,41373,Graduate,False,False,False,1,False,False,False,False,False
2679,2679,15,False,19.08333333333333,BlackOnly,12117,Graduate,False,False,False,1,False,False,False,True,False
2680,2680,15,True,20.08333333333333,BlackOnly,13590,HighSchoolOrCollege,False,False,False,1,True,True,True,True,False
2681,2681,15,True,35.083333333333336,BlackOnly,11836,HighSchoolOrCollege,False,False,False,1,True,False,False,False,True
2682,2682,15,False,23.08333333333333,BlackOnly,40578,Graduate,False,False,False,1,True,True,False,True,True
2683,2683,15,True,21.08333333333333,BlackOnly,31630,HighSchoolOrCollege,False,False,False,1,False,False,True,True,True
2684,2684,15,True,16.083333333333332,BlackOnly,16450,Low,False,False,False,1,True,False,False,True,True
2685,2685,15,True,15.083333333333334,BlackOnly,48657,Bachelors,False,False,False,1,False,False,False,False,False
2686,2686,15,True,15.083333333333334,BlackOnly,40589,Bachelors,False,False,False,1,False,False,True,True,True
2687,2687,15,True,15.083333333333334,BlackOnly,6731,Bachelors,False,False,False,1,False,True,False,False,True
2688,2688,15,True,16.083333333333332,BlackOnly,32572,Bachelors,False,False,False,1,False,False,True,True,True
2689,2689,15,False,20.08333333333333,BlackOnly,48832,Graduate,False,False,False,1,True,True,True,True,True
2690,2690,15,False,18.08333333333333,BlackOnly,565,Graduate,False,False,False,1,True,False,False,True,True
2691,2691,15,False,21.08333333333333,BlackOnly,40997,Bachelors,False,False,False,1,True,False,True,True,True
2692,2692,15,True,33.083333333333336,BlackOnly,49129,HighSchoolOrCollege,False,False,False,1,False,True,False,False,True
2693,2693,15,True,15.083333333333334,BlackOnly,24337,HighSchoolOrCollege,False,False,False,1,False,True,False,True,False
2694,2694,15,True,31.08333333333333,BlackOnly,26252,HighSchoolOrCollege,False,False,False,1,False,True,False,True,False
2695,2695,15,True,22.08333333333333,BlackOnly,15695,Graduate,False,False,False,1,True,True,False,False,False
2696,2696,15,True,19.08333333333333,BlackOnly,26176,HighSchoolOrCollege,False,False,False,1,False,False,False,True,True
2697,2697,15,False,20.08333333333333,BlackOnly,21922,Graduate,False,False,False,1,True,False,False,False,False
2698,2698,15,False,39.083333333333336,BlackOnly,10407,Low,False,False,False,1,False,False,False,True,True
2699,2699,15,True,21.08333333333333,BlackOnly,54524,Graduate,False,False,False,1,False,False,False,True,True
2700,2700,15,True,23.08333333333333,BlackOnly,21594,Bachelors,False,False,False,1,True,False,True,False,True
2701,2701,15,True,18.08333333333333,BlackOnly,4556,HighSchoolOrCollege,False,False,False,1,False,False,True,False,True
2702,2702,15,False,34.083333333333336,BlackOnly,22154,HighSchoolOrCollege,False,False,False,1,False,False,True,True,False
2703,2703,15,True,15.083333333333334,BlackOnly,41019,Low,False,False,False,1,False,False,False,True,True
2704,2704,15,True,21.08333333333333,BlackOnly,40442,HighSchoolOrCollege,False,False,False,1,False,False,False,True,True
2705,2705,15,False,18.08333333333333,BlackOnly,31451,Bachelors,False,False,False,1,False,False,False,True,True
2706,2706,15,False,17.083333333333332,BlackOnly,12830,HighSchoolOrCollege,False,False,False,1,False,False,False,False,False
2707,2707,15,True,18.08333333333333,BlackOnly,40301,Bachelors,False,False,False,1,True,False,False,True,False
2708,2708,15,False,19.08333333333333,BlackOnly,47436,Bachelors,False,False,False,1,False,True,False,True,False
2709,2709,15,False,15.083333333333334,BlackOnly,24876,HighSchoolOrCollege,False,False,False,1,True,False,True,True,True
2710,2710,15,False,20.08333333333333,BlackOnly,36500,HighSchoolOrCollege,False,False,False,1,False,False,True,True,True
2711,2711,15,False,19.08333333333333,BlackOnly,11466,HighSchoolOrCollege,False,False,False,1,True,True,True,False,False
2712,2712,15,True,18.08333333333333,BlackOnly,29190,HighSchoolOrCollege,False,False,False,1,True,True,False,False,False
2713,2713,15,True,20.08333333333333,BlackOnly,49919,HighSchoolOrCollege,False,False,False,1,False,False,False,False,False
2714,2714,15,True,24.08333333333333,BlackOnly,33217,HighSchoolOrCollege,False,False,False,1,True,False,True,True,False
2715,2715,15,True,28.08333333333333,BlackOnly,9681,Low,False,False,False,1,False,False,False,True,False
2716,2716,15,False,20.08333333333333,BlackOnly,57475,HighSchoolOrCollege,False,False,False,1,False,False,True,True,False
2717,2717,15,True,16.083333333333332,BlackOnly,45004,HighSchoolOrCollege,False,False,False,1,False,True,False,False,False
2718,2718,15,True,21.08333333333333,BlackOnly,3650,HighSchoolOrCollege,False,False,False,1,False,False,False,True,False
2719,2719,15,False,24.08333333333333,BlackOnly,31831,HighSchoolOrCollege,False,False,False,1,True,False,False,True,True
2720,2720,15,True,15.083333333333334,BlackOnly,28117,Bachelors,False,False,False,1,True,True,True,True,False
2721,2721,15,True,18.08333333333333,BlackOnly,35815,HighSchoolOrCollege,False,False,False,1,True,False,False,False,True
2722,2722,15,False,57.083333333333336,BlackOnly,24590,Bachelors,False,False,True,1,True,True,False,True,True
2723,2723,15,True,20.08333333333333,BlackOnly,11740,Low,False,False,False,1,False,False,True,False,False
2724,2724,15,True,16.083333333333332,BlackOnly,11216,HighSchoolOrCollege,False,False,False,1,True,True,True,False,False
2725,2725,15,True,22.08333333333333,BlackOnly,12854,HighSchoolOrCollege,False,False,False,1,True,False,True,False,False
2726,2726,15,True,23.08333333333333,BlackOnly,11281,HighSchoolOrCollege,False,False,False,1,False,False,True,True,False
2727,2727,15,False,19.08333333333333,BlackOnly,26539,HighSchoolOrCollege,False,False,False,1,False,False,True,True,False
2728,2728,15,True,16.083333333333332,BlackOnly,23404,Graduate,False,False,False,1,False,True,True,True,False
2729,2729,15,False,22.08333333333333,BlackOnly,38231,Low,False,False,False,1,False,False,False,True,True
2730,2730,15,False,24.08333333333333,BlackOnly,45597,Low,False,False,False,1,True,True,True,True,True
2731,2731,15,True,16.083333333333332,BlackOnly,33296,HighSchoolOrCollege,False,False,False,1,False,False,True,False,False
2732,2732,15,True,23.08333333333333,BlackOnly,19361,Low,False,False,False,1,False,False,False,False,False
2733,2733,15,False,17.083333333333332,BlackOnly,37581,HighSchoolOrCollege,False,False,False,1,True,False,False,True,False
2734,2734,15,True,15.083333333333334,BlackOnly,70760,Graduate,False,True,False,1,False,True,True,True,True
2735,2735,15,True,20.08333333333333,BlackOnly,15209,HighSchoolOrCollege,False,False,False,1,False,False,True,False,True
2736,2736,15,True,27.08333333333333,BlackOnly,11682,Low,False,False,False,1,True,False,True,False,False
2737,2737,15,False,22.08333333333333,BlackOnly,36305,HighSchoolOrCollege,False,False,False,1,False,True,False,True,False
2738,2738,15,False,22.08333333333333,BlackOnly,26947,Graduate,False,False,False,1,False,False,True,True,True
2739,2739,15,False,22.08333333333333,BlackOnly,34040,Graduate,False,False,False,1,False,False,False,True,True
2740,2740,15,True,18.08333333333333,BlackOnly,38411,Bachelors,False,False,False,1,False,False,False,False,False
2741,2741,15,True,15.083333333333334,BlackOnly,35866,HighSchoolOrCollege,False,False,False,1,False,True,True,False,False
2742,2742,15,True,16.083333333333332,BlackOnly,22223,Low,False,False,False,1,True,True,True,False,False
2743,2743,15,True,25.08333333333333,BlackOnly,25357,HighSchoolOrCollege,False,False,False,1,True,False,True,False,False
2744,2744,15,True,20.08333333333333,BlackOnly,24189,Graduate,False,False,False,1,False,False,False,False,True
2745,2745,15,True,24.08333333333333,BlackOnly,39544,Bachelors,False,False,False,1,True,False,True,True,True
2746,2746,15,False,24.08333333333333,BlackOnly,17807,Graduate,False,False,False,1,True,False,False,False,False
2747,2747,15,False,19.08333333333333,BlackOnly,32725,HighSchoolOrCollege,False,False,False,1,True,False,True,True,False
2748,2748,15,False,19.08333333333333,BlackOnly,10575,Bachelors,False,False,False,1,False,True,False,True,True
2749,2749,15,True,20.08333333333333,BlackOnly,49266,Low,False,False,False,1,False,True,True,False,True
2750,2750,15,True,22.08333333333333,BlackOnly,42066,Graduate,False,False,False,1,False,True,False,False,True
2751,2751,15,True,22.08333333333333,BlackOnly,25887,HighSchoolOrCollege,False,False,False,1,True,False,False,False,True
2752,2752,15,True,15.083333333333334,BlackOnly,36068,HighSchoolOrCollege,False,False,False,1,True,True,True,True,False
2753,2753,15,True,18.08333333333333,BlackOnly,20981,Low,False,False,False,1,False,True,True,False,True
2754,2754,15,True,16.083333333333332,BlackOnly,43607,HighSchoolOrCollege,False,False,False,1,True,False,False,True,False
2755,2755,15,True,22.08333333333333,BlackOnly,69691,HighSchoolOrCollege,False,False,False,1,True,True,True,False,True
2756,2756,15,False,19.08333333333333,BlackOnly,21521,Graduate,False,False,False,1,True,False,False,False,False
2757,2757,15,True,23.08333333333333,BlackOnly,48462,Graduate,False,False,False,1,False,False,False,True,True
2758,2758,15,True,19.08333333333333,BlackOnly,7145,Bachelors,False,False,False,1,True,True,False,True,False
2759,2759,15,True,17.083333333333332,Plus2Races,17044,Graduate,False,False,False,1,False,False,False,False,True
2760,2760,15,True,22.08333333333333,BlackOnly,15477,HighSchoolOrCollege,False,False,False,1,False,False,True,False,False
2761,2761,15,True,20.08333333333333,BlackOnly,44020,HighSchoolOrCollege,False,False,False,1,False,True,True,True,False
2762,2762,15,True,23.08333333333333,BlackOnly,43867,Graduate,False,False,False,1,False,True,True,True,True
2763,2763,15,False,26.08333333333333,BlackOnly,15124,Bachelors,False,False,False,1,True,False,True,True,True
2764,2764,15,False,21.08333333333333,BlackOnly,32553,HighSchoolOrCollege,False,False,False,1,False,True,False,True,True
2765,2765,15,True,17.083333333333332,BlackOnly,23496,HighSchoolOrCollege,False,False,False,1,False,False,False,False,True
2766,2766,15,True,20.08333333333333,BlackOnly,24370,HighSchoolOrCollege,False,False,False,1,False,True,True,True,False
2767,2767,15,True,21.08333333333333,BlackOnly,32548,Graduate,False,False,False,1,False,False,False,False,True
2768,2768,15,True,18.08333333333333,BlackOnly,33519,Bachelors,False,False,False,1,False,True,False,False,True
2769,2769,15,False,20.08333333333333,BlackOnly,41462,HighSchoolOrCollege,False,False,False,1,False,False,True,True,False
2770,2770,15,False,23.08333333333333,BlackOnly,12632,HighSchoolOrCollege,False,False,False,1,True,False,False,True,False
2771,2771,15,False,24.08333333333333,BlackOnly,42859,Graduate,False,False,False,1,True,True,False,True,True
2772,2772,15,True,20.08333333333333,BlackOnly,12757,Graduate,False,False,False,1,False,False,False,False,True
2773,2773,15,False,20.08333333333333,WhiteOnly,28219,Graduate,True,False,False,1,True,False,False,False,True
2774,2774,15,True,23.08333333333333,BlackOnly,22508,Bachelors,False,False,False,1,False,False,False,False,False
2775,2775,15,True,25.08333333333333,BlackOnly,28980,HighSchoolOrCollege,False,False,False,1,False,False,False,False,False
2776,2776,15,True,22.08333333333333,BlackOnly,30009,HighSchoolOrCollege,False,False,False,1,False,True,True,False,False
2777,2777,15,False,15.083333333333334,BlackOnly,23735,Graduate,False,False,False,1,True,False,True,True,False
2778,2778,15,False,24.08333333333333,BlackOnly,31293,Low,False,False,False,1,True,False,False,False,False
2779,2779,15,True,21.08333333333333,BlackOnly,48786,HighSchoolOrCollege,False,False,False,1,False,False,False,False,True
2780,2780,15,False,16.083333333333332,BlackOnly,10612,Bachelors,False,False,False,1,False,False,True,True,True
2781,2781,15,True,21.08333333333333,BlackOnly,60379,Bachelors,False,False,False,1,False,False,False,True,True
2782,2782,15,False,19.08333333333333,BlackOnly,46846,Graduate,False,False,False,1,False,True,True,False,True
2783,2783,15,True,22.08333333333333,BlackOnly,44700,HighSchoolOrCollege,False,False,False,1,False,True,True,False,True
2784,2784,15,True,20.08333333333333,BlackOnly,10736,HighSchoolOrCollege,False,False,False,1,False,True,True,False,True
2785,2785,15,True,20.08333333333333,BlackOnly,10009,Graduate,False,False,False,1,False,True,False,False,True
2786,2786,15,True,16.083333333333332,BlackOnly,48736,HighSchoolOrCollege,False,False,False,1,True,True,False,True,True
2787,2787,15,True,20.08333333333333,BlackOnly,41299,Bachelors,False,False,False,1,False,False,False,False,False
2788,2788,15,True,22.08333333333333,BlackOnly,41227,HighSchoolOrCollege,False,False,False,1,True,True,True,True,False
2789,2789,15,True,35.083333333333336,BlackOnly,55368,HighSchoolOrCollege,False,False,False,1,False,True,False,False,False
2790,2790,15,False,18.08333333333333,BlackOnly,36813,HighSchoolOrCollege,False,False,False,1,False,False,True,False,False
2791,2791,15,True,16.083333333333332,BlackOnly,38433,HighSchoolOrCollege,False,False,False,1,False,True,True,True,True
2792,2792,15,True,20.08333333333333,BlackOnly,45244,Bachelors,False,False,False,1,False,False,True,True,False
2793,2793,15,True,15.083333333333334,BlackOnly,35502,Graduate,False,False,False,1,True,True,True,False,True
2794,2794,15,True,18.08333333333333,BlackOnly,18656,Low,False,False,False,1,False,False,True,False,False
2795,2795,15,True,22.08333333333333,BlackOnly,43329,HighSchoolOrCollege,False,False,False,1,False,False,False,False,False
2796,2796,15,False,28.08333333333333,BlackOnly,17403,Bachelors,False,False,False,1,True,False,True,True,False
2797,2797,15,True,19.08333333333333,BlackOnly,22046,Graduate,False,False,False,1,False,True,False,False,True
2798,2798,15,True,61.083333333333336,BlackOnly,37856,HighSchoolOrCollege,False,False,True,1,True,False,False,False,True
2799,2799,15,True,15.083333333333334,BlackOnly,33108,HighSchoolOrCollege,False,False,False,1,False,False,True,True,False
2800,2800,15,True,20.08333333333333,BlackOnly,33947,Graduate,False,False,False,1,False,False,False,False,True
2801,2801,15,False,24.08333333333333,BlackOnly,49554,Bachelors,False,False,False,1,False,False,False,False,True
2802,2802,15,False,20.08333333333333,BlackOnly,21092,HighSchoolOrCollege,False,False,False,1,False,False,False,True,False
2803,2803,15,True,20.08333333333333,BlackOnly,39399,HighSchoolOrCollege,False,False,False,1,True,False,False,True,False
2804,2804,15,True,24.08333333333333,BlackOnly,13184,Graduate,False,False,False,1,True,False,True,True,False
2805,2805,15,True,20.08333333333333,BlackOnly,46407,HighSchoolOrCollege,False,False,False,1,False,True,True,True,False
2806,2806,15,True,24.08333333333333,BlackOnly,19198,Bachelors,False,False,False,1,False,False,False,False,False
2807,2807,15,True,20.08333333333333,BlackOnly,50831,HighSchoolOrCollege,False,False,False,1,True,False,True,False,False
2808,2808,15,True,20.08333333333333,BlackOnly,33802,Graduate,False,False,False,1,True,True,True,False,True
2809,2809,15,False,19.08333333333333,BlackOnly,14573,HighSchoolOrCollege,False,False,False,1,False,False,True,True,False
2810,2810,15,True,45.083333333333336,BlackOnly,35498,HighSchoolOrCollege,False,False,False,1,False,False,False,True,True
2811,2811,15,True,16.083333333333332,BlackOnly,18407,HighSchoolOrCollege,False,False,False,1,False,False,False,True,True
2812,2812,15,False,22.08333333333333,BlackOnly,44658,HighSchoolOrCollege,False,False,False,1,False,False,True,True,True
2813,2813,15,True,21.08333333333333,BlackOnly,26702,HighSchoolOrCollege,False,False,False,1,True,True,False,False,False
2814,2814,15,True,19.08333333333333,BlackOnly,9245,HighSchoolOrCollege,False,False,False,1,False,False,True,False,False
2815,2815,15,True,18.08333333333333,BlackOnly,11014,HighSchoolOrCollege,False,False,False,1,False,False,False,True,True
2816,2816,15,False,15.083333333333334,BlackOnly,23882,HighSchoolOrCollege,False,False,False,1,True,True,True,True,True
2817,2817,15,True,22.08333333333333,BlackOnly,8228,Graduate,False,False,False,1,False,False,False,True,True
2818,2818,15,True,15.083333333333334,BlackOnly,33984,Graduate,False,False,False,1,True,False,False,False,True
2819,2819,15,True,17.083333333333332,BlackOnly,23476,HighSchoolOrCollege,False,False,False,1,True,False,True,True,False
2820,2820,15,True,18.08333333333333,BlackOnly,3895,HighSchoolOrCollege,False,False,False,1,False,False,True,False,False
2821,2821,15,False,20.08333333333333,BlackOnly,25197,Graduate,False,False,False,1,False,False,False,True,True
2822,2822,15,False,25.08333333333333,BlackOnly,33868,HighSchoolOrCollege,False,False,False,1,True,True,True,True,False
2823,2823,15,False,19.08333333333333,BlackOnly,45683,HighSchoolOrCollege,False,False,False,1,False,False,False,True,True
2824,2824,15,False,18.08333333333333,BlackOnly,23216,Low,False,False,False,1,False,True,True,True,False
2825,2825,15,True,21.08333333333333,BlackOnly,23088,HighSchoolOrCollege,False,False,False,1,True,True,False,False,False
2826,2826,15,False,19.08333333333333,BlackOnly,42765,Graduate,False,False,False,1,True,False,True,True,True
2827,2827,15,False,24.08333333333333,BlackOnly,34095,HighSchoolOrCollege,False,False,False,1,True,True,True,True,False
2828,2828,15,True,22.08333333333333,BlackOnly,29230,HighSchoolOrCollege,False,False,False,1,False,False,False,True,False
2829,2829,15,True,24.08333333333333,BlackOnly,2398,Bachelors,False,False,False,1,True,False,True,False,True
2830,2830,15,True,21.08333333333333,BlackOnly,10193,Bachelors,False,False,False,1,False,True,False,False,False
2831,2831,15,False,24.08333333333333,BlackOnly,33264,HighSchoolOrCollege,False,False,False,1,True,False,False,False,False
2832,2832,15,True,16.083333333333332,BlackOnly,15163,Bachelors,False,False,False,1,True,True,True,False,True
2833,2833,15,True,16.083333333333332,BlackOnly,19140,HighSchoolOrCollege,False,False,False,1,False,False,True,True,False
2834,2834,15,True,19.08333333333333,BlackOnly,44312,HighSchoolOrCollege,False,False,False,1,True,False,True,False,False
2835,2835,15,True,15.083333333333334,BlackOnly,13188,Bachelors,False,False,False,1,False,False,False,True,True
2836,2836,15,False,20.08333333333333,BlackOnly,7709,HighSchoolOrCollege,False,False,False,1,True,True,False,True,False
2837,2837,15,False,15.083333333333334,BlackOnly,66293,Graduate,False,False,False,1,True,True,False,True,False
2838,2838,15,True,20.08333333333333,BlackOnly,12955,Low,False,False,False,1,False,False,False,False,False
2839,2839,16,False,33.083333333333336,BlackOnly,132677,HighSchoolOrCollege,False,True,False,1,False,False,True,True,False
2840,2840,16,False,56.083333333333336,BlackOnly,223,HighSchoolOrCollege,False,False,True,1,False,False,False,True,False
2841,2841,16,False,21.08333333333333,Plus2Races,239336,Bachelors,False,True,False,1,False,True,False,True,False
2842,2842,16,True,46.083333333333336,BlackOnly,76517,HighSchoolOrCollege,False,True,False,1,True,True,False,True,False
2843,2843,16,False,18.08333333333333,BlackOnly,121669,HighSchoolOrCollege,False,True,False,1,False,True,True,False,False
2844,2844,16,False,44.083333333333336,BlackOnly,321565,Low,False,True,False,1,True,True,False,True,False
2845,2845,16,False,23.08333333333333,BlackOnly,65151,Bachelors,False,False,False,1,True,False,False,False,True
2846,2846,16,False,37.083333333333336,BlackOnly,493862,HighSchoolOrCollege,False,True,False,1,True,True,False,True,False
2847,2847,16,False,17.083333333333332,BlackOnly,42478,Low,False,False,False,1,True,False,True,False,False
2848,2848,16,True,42.083333333333336,WhiteOnly,335941,Low,True,True,False,1,True,False,False,True,True
2849,2849,16,False,52.083333333333336,BlackOnly,23315,HighSchoolOrCollege,False,False,True,1,True,False,True,True,False
2850,2850,16,False,22.08333333333333,BlackOnly,29362,HighSchoolOrCollege,False,False,False,1,False,False,True,True,False
2851,2851,16,False,16.083333333333332,BlackOnly,79443,HighSchoolOrCollege,False,True,False,1,False,False,True,True,False
2852,2852,16,False,25.08333333333333,BlackOnly,132943,HighSchoolOrCollege,False,True,False,1,False,True,True,True,True
2853,2853,16,False,21.08333333333333,BlackOnly,95389,Graduate,False,True,False,1,False,True,False,True,True
2854,2854,16,False,18.08333333333333,BlackOnly,36782,Bachelors,False,False,False,1,False,True,True,True,False
2855,2855,16,True,19.08333333333333,BlackOnly,41562,Bachelors,False,False,False,1,True,False,True,False,False
2856,2856,16,True,31.08333333333333,BlackOnly,13357,Low,False,False,False,1,False,False,True,False,False
2857,2857,16,False,21.08333333333333,BlackOnly,421727,Low,False,True,False,1,False,True,False,True,True
2858,2858,16,True,23.08333333333333,BlackOnly,35367,HighSchoolOrCollege,False,False,False,1,True,True,False,False,False
2859,2859,16,False,19.08333333333333,BlackOnly,76497,Low,False,True,False,1,True,True,True,True,False
2860,2860,16,False,22.08333333333333,BlackOnly,94098,Low,False,True,False,1,False,True,True,True,False
2861,2861,16,False,15.083333333333334,BlackOnly,28077,Bachelors,False,False,False,1,False,False,False,True,False
2862,2862,16,False,24.08333333333333,BlackOnly,3241,Graduate,False,False,False,1,False,False,False,True,True
2863,2863,16,False,35.083333333333336,BlackOnly,174210,HighSchoolOrCollege,False,True,False,1,False,True,False,True,False
2864,2864,16,False,24.08333333333333,BlackOnly,80460,Bachelors,False,True,False,1,True,True,False,True,False
2865,2865,16,False,29.08333333333333,BlackOnly,38725,HighSchoolOrCollege,False,False,False,1,True,False,False,False,False
2866,2866,16,False,22.08333333333333,BlackOnly,63572,HighSchoolOrCollege,False,False,False,1,False,True,False,True,False
2867,2867,16,False,15.083333333333334,BlackOnly,16056,HighSchoolOrCollege,False,False,False,1,False,False,True,False,False
2868,2868,16,False,23.08333333333333,WhiteOnly,468308,HighSchoolOrCollege,True,True,False,1,False,False,False,True,True
2869,2869,16,False,15.083333333333334,BlackOnly,359704,HighSchoolOrCollege,False,True,False,1,False,True,False,False,False
2870,2870,16,False,23.08333333333333,BlackOnly,88622,Bachelors,False,True,False,1,True,True,False,True,True
2871,2871,16,False,19.08333333333333,BlackOnly,171953,Graduate,False,True,False,1,False,False,False,True,True
2872,2872,16,False,19.08333333333333,BlackOnly,971,HighSchoolOrCollege,False,False,False,1,False,False,True,False,True
2873,2873,16,True,23.08333333333333,WhiteOnly,64383,HighSchoolOrCollege,True,False,False,1,False,False,False,True,False
2874,2874,16,True,19.08333333333333,BlackOnly,54885,HighSchoolOrCollege,False,False,False,1,False,False,True,False,False
2875,2875,16,True,21.08333333333333,BlackOnly,61268,Bachelors,False,False,False,1,True,True,False,False,False
2876,2876,16,False,50.083333333333336,BlackOnly,42981,HighSchoolOrCollege,False,False,True,1,False,True,True,True,False
2877,2877,16,False,20.08333333333333,WhiteOnly,311553,HighSchoolOrCollege,True,True,False,1,False,False,False,True,False
2878,2878,16,False,18.08333333333333,Plus2Races,199315,HighSchoolOrCollege,False,True,False,1,False,True,False,True,True
2879,2879,16,True,23.08333333333333,BlackOnly,14706,HighSchoolOrCollege,False,False,False,1,False,True,True,True,True
2880,2880,16,True,24.08333333333333,BlackOnly,43871,Bachelors,False,False,False,1,True,False,False,False,True
2881,2881,16,False,57.083333333333336,BlackOnly,355593,Bachelors,False,True,True,1,False,True,False,True,False
2882,2882,16,False,16.083333333333332,BlackOnly,66170,Bachelors,False,False,False,1,False,False,True,True,True
2883,2883,16,False,16.083333333333332,BlackOnly,98582,Bachelors,False,True,False,1,False,False,False,False,False
2884,2884,16,False,19.08333333333333,BlackOnly,272721,Bachelors,False,True,False,1,False,False,True,True,True
2885,2885,16,False,20.08333333333333,BlackOnly,454482,HighSchoolOrCollege,False,True,False,1,False,False,False,True,False
2886,2886,16,False,19.08333333333333,BlackOnly,60440,HighSchoolOrCollege,False,False,False,1,False,True,True,False,False
2887,2887,16,True,16.083333333333332,BlackOnly,36399,HighSchoolOrCollege,False,False,False,1,True,True,True,False,False
2888,2888,16,False,20.08333333333333,BlackOnly,14454,Low,False,False,False,1,False,False,True,True,False
2889,2889,16,True,18.08333333333333,WhiteOnly,91117,HighSchoolOrCollege,True,True,False,1,False,False,False,True,False
2890,2890,16,False,21.08333333333333,BlackOnly,32322,Bachelors,False,False,False,1,False,False,False,True,True
2891,2891,16,False,20.08333333333333,BlackOnly,40363,Low,False,False,False,1,True,True,False,True,True
2892,2892,16,False,19.08333333333333,Other,468977,Bachelors,False,True,False,1,False,True,True,True,True
2893,2893,16,False,19.08333333333333,BlackOnly,474743,HighSchoolOrCollege,False,True,False,1,True,True,True,True,True
2894,2894,16,False,17.083333333333332,BlackOnly,23042,HighSchoolOrCollege,False,False,False,1,True,False,False,False,False
2895,2895,16,False,26.08333333333333,BlackOnly,15651,Bachelors,False,False,False,1,False,False,True,True,True
2896,2896,16,True,35.083333333333336,BlackOnly,16264,HighSchoolOrCollege,False,False,False,1,True,False,True,True,False
2897,2897,16,True,18.08333333333333,BlackOnly,348981,Graduate,False,True,False,1,False,False,True,False,False
2898,2898,16,False,23.08333333333333,BlackOnly,53163,Bachelors,False,False,False,1,False,False,True,False,True
2899,2899,16,False,15.083333333333334,BlackOnly,63210,Low,False,False,False,1,False,False,False,False,True
2900,2900,16,True,20.08333333333333,AsianOnly,68330,HighSchoolOrCollege,False,False,False,1,False,False,True,True,True
2901,2901,16,False,15.083333333333334,BlackOnly,36409,HighSchoolOrCollege,False,False,False,1,True,True,True,True,False
2902,2902,16,False,19.08333333333333,BlackOnly,270689,HighSchoolOrCollege,False,True,False,1,True,True,False,True,False
2903,2903,16,False,17.083333333333332,BlackOnly,478903,Bachelors,False,True,False,1,True,False,False,True,True
2904,2904,16,False,25.08333333333333,BlackOnly,73946,HighSchoolOrCollege,False,True,False,1,True,False,False,True,True
2905,2905,16,True,15.083333333333334,BlackOnly,374092,HighSchoolOrCollege,False,True,False,1,True,True,True,True,False
2906,2906,16,False,20.08333333333333,BlackOnly,80843,Graduate,False,True,False,1,False,True,False,False,True
2907,2907,16,False,34.083333333333336,BlackOnly,146033,Bachelors,False,True,False,1,True,False,False,False,False
2908,2908,16,False,18.08333333333333,BlackOnly,41740,HighSchoolOrCollege,False,False,False,1,True,False,False,True,False
2909,2909,16,False,23.08333333333333,BlackOnly,146947,HighSchoolOrCollege,False,True,False,1,False,True,True,True,False
2910,2910,16,False,17.083333333333332,BlackOnly,11122,Graduate,False,False,False,1,True,True,False,True,True
2911,2911,16,False,21.08333333333333,BlackOnly,311096,HighSchoolOrCollege,False,True,False,1,False,True,True,True,False
2912,2912,16,True,56.083333333333336,BlackOnly,25268,HighSchoolOrCollege,False,False,True,1,False,False,False,False,True
2913,2913,16,False,22.08333333333333,BlackOnly,3244,Bachelors,False,False,False,1,False,True,False,True,False
2914,2914,16,False,17.083333333333332,BlackOnly,38144,Bachelors,False,False,False,1,False,False,False,True,False
2915,2915,16,True,15.083333333333334,BlackOnly,90064,Bachelors,False,True,False,1,True,True,False,False,True
2916,2916,16,False,16.083333333333332,BlackOnly,9859,HighSchoolOrCollege,False,False,False,1,False,False,True,True,True
2917,2917,16,False,55.083333333333336,BlackOnly,215775,HighSchoolOrCollege,False,True,True,1,True,True,True,True,False
2918,2918,16,False,16.083333333333332,BlackOnly,21196,HighSchoolOrCollege,False,False,False,1,True,False,False,False,True
2919,2919,16,False,15.083333333333334,BlackOnly,439751,HighSchoolOrCollege,False,True,False,1,False,True,True,True,False
2920,2920,16,False,23.08333333333333,BlackOnly,20627,HighSchoolOrCollege,False,False,False,1,False,False,False,True,False
2921,2921,16,False,22.08333333333333,BlackOnly,478432,Bachelors,False,True,False,1,False,True,False,True,False
2922,2922,16,False,19.08333333333333,BlackOnly,50610,HighSchoolOrCollege,False,False,False,1,False,True,False,True,True
2923,2923,16,False,24.08333333333333,BlackOnly,36435,HighSchoolOrCollege,False,False,False,1,True,True,True,True,False
2924,2924,16,False,16.083333333333332,BlackOnly,235312,Bachelors,False,True,False,1,True,True,True,True,True
2925,2925,16,False,17.083333333333332,BlackOnly,53065,HighSchoolOrCollege,False,False,False,1,False,False,True,False,False
2926,2926,16,False,22.08333333333333,BlackOnly,45165,Bachelors,False,False,False,1,False,False,True,False,True
2927,2927,16,False,17.083333333333332,BlackOnly,67742,Low,False,False,False,1,False,True,False,False,False
2928,2928,16,False,18.08333333333333,BlackOnly,52295,Low,False,False,False,1,True,True,True,True,False
2929,2929,16,False,23.08333333333333,BlackOnly,82610,Bachelors,False,True,False,1,False,True,False,True,False
2930,2930,16,False,22.08333333333333,BlackOnly,17959,Low,False,False,False,1,False,False,True,False,False
2931,2931,16,False,21.08333333333333,BlackOnly,61275,HighSchoolOrCollege,False,False,False,1,True,True,False,True,False
2932,2932,16,False,20.08333333333333,BlackOnly,37240,Bachelors,False,False,False,1,False,False,True,False,False
2933,2933,16,False,18.08333333333333,BlackOnly,235738,Bachelors,False,True,False,1,False,True,True,True,False
2934,2934,16,False,19.08333333333333,WhiteOnly,383253,Low,True,True,False,1,False,True,False,False,False
2935,2935,16,True,35.083333333333336,BlackOnly,1097,Graduate,False,False,False,1,True,True,True,False,True
2936,2936,16,False,24.08333333333333,BlackOnly,66373,Graduate,False,False,False,1,False,False,True,True,True
2937,2937,16,False,18.08333333333333,BlackOnly,47117,Bachelors,False,False,False,1,False,False,True,True,False
2938,2938,16,False,34.083333333333336,BlackOnly,13590,HighSchoolOrCollege,False,False,False,1,True,False,True,False,True
2939,2939,16,False,55.083333333333336,BlackOnly,1836,HighSchoolOrCollege,False,False,True,1,True,False,True,True,False
2940,2940,16,False,32.083333333333336,BlackOnly,315578,Bachelors,False,True,False,1,True,True,True,True,False
2941,2941,16,False,34.083333333333336,BlackOnly,56630,HighSchoolOrCollege,False,False,False,1,False,True,True,True,False
2942,2942,16,False,16.083333333333332,BlackOnly,56450,Low,False,False,False,1,False,True,True,True,False
2943,2943,16,False,15.083333333333334,BlackOnly,298657,Bachelors,False,True,False,1,False,True,False,False,False
2944,2944,16,True,21.08333333333333,BlackOnly,365589,Bachelors,False,True,False,1,True,True,False,False,True
2945,2945,16,True,17.083333333333332,BlackOnly,6731,Bachelors,False,False,False,1,False,False,True,False,False
2946,2946,16,False,16.083333333333332,BlackOnly,157572,Bachelors,False,True,False,1,True,False,False,False,True
2947,2947,16,False,20.08333333333333,BlackOnly,73832,Graduate,False,True,False,1,False,False,False,True,True
2948,2948,16,False,15.083333333333334,BlackOnly,565,Bachelors,False,False,False,1,True,False,False,False,True
2949,2949,16,False,23.08333333333333,BlackOnly,215997,Bachelors,False,True,False,1,False,True,True,True,True
2950,2950,16,True,50.083333333333336,BlackOnly,424129,HighSchoolOrCollege,False,True,True,1,True,False,True,False,False
2951,2951,16,False,17.083333333333332,BlackOnly,34337,HighSchoolOrCollege,False,False,False,1,False,True,True,False,False
2952,2952,16,False,51.083333333333336,BlackOnly,176252,HighSchoolOrCollege,False,True,True,1,False,True,False,True,False
2953,2953,16,False,23.08333333333333,BlackOnly,695,Bachelors,False,False,False,1,False,False,False,True,False
2954,2954,16,True,20.08333333333333,BlackOnly,51176,HighSchoolOrCollege,False,False,False,1,True,False,True,False,True
2955,2955,16,False,43.083333333333336,BlackOnly,1922,Graduate,False,False,False,1,True,False,False,True,False
2956,2956,16,False,56.083333333333336,WhiteOnly,25407,Low,True,False,True,1,False,True,False,False,True
2957,2957,16,False,22.08333333333333,WhiteOnly,129524,Bachelors,True,True,False,1,False,True,True,True,False
2958,2958,16,False,38.083333333333336,BlackOnly,21594,Bachelors,False,False,False,1,True,False,True,True,True
2959,2959,16,True,15.083333333333334,BlackOnly,4556,HighSchoolOrCollege,False,False,False,1,True,False,False,True,True
2960,2960,16,False,50.083333333333336,BlackOnly,27154,HighSchoolOrCollege,False,False,True,1,False,True,True,True,False
2961,2961,16,True,19.08333333333333,BlackOnly,91019,Low,False,True,False,1,False,True,True,True,False
2962,2962,16,False,22.08333333333333,BlackOnly,90442,Bachelors,False,True,False,1,True,False,False,False,True
2963,2963,16,False,22.08333333333333,BlackOnly,56451,Bachelors,False,False,False,1,False,True,True,False,True
2964,2964,16,False,24.08333333333333,BlackOnly,37830,Bachelors,False,False,False,1,False,False,False,True,True
2965,2965,16,False,15.083333333333334,BlackOnly,90301,Bachelors,False,True,False,1,False,True,False,True,True
2966,2966,16,False,20.08333333333333,BlackOnly,72436,Bachelors,False,True,False,1,True,False,True,True,False
2967,2967,16,False,17.083333333333332,BlackOnly,24876,Bachelors,False,False,False,1,False,False,True,True,False
2968,2968,16,False,43.083333333333336,BlackOnly,86500,Bachelors,False,True,False,1,True,False,False,True,True
2969,2969,16,False,16.083333333333332,BlackOnly,46466,HighSchoolOrCollege,False,False,False,1,False,True,True,False,False
2970,2970,16,False,19.08333333333333,WhiteOnly,79190,HighSchoolOrCollege,True,True,False,1,False,True,True,False,False
2971,2971,16,False,33.083333333333336,BlackOnly,424919,HighSchoolOrCollege,False,True,False,1,False,False,True,False,False
2972,2972,16,True,23.08333333333333,BlackOnly,83217,HighSchoolOrCollege,False,True,False,1,False,True,False,False,True
2973,2973,16,False,52.083333333333336,BlackOnly,9681,Low,False,False,True,1,True,True,True,True,True
2974,2974,16,False,22.08333333333333,WhiteOnly,457475,HighSchoolOrCollege,True,True,False,1,False,False,False,True,False
2975,2975,16,True,19.08333333333333,BlackOnly,70004,HighSchoolOrCollege,False,True,False,1,True,True,True,False,True
2976,2976,16,False,23.08333333333333,BlackOnly,3650,HighSchoolOrCollege,False,False,False,1,False,True,True,True,False
2977,2977,16,False,23.08333333333333,BlackOnly,331831,HighSchoolOrCollege,False,True,False,1,False,False,True,True,False
2978,2978,16,False,19.08333333333333,BlackOnly,203117,Bachelors,False,True,False,1,False,False,True,True,True
2979,2979,16,False,18.08333333333333,WhiteOnly,85815,HighSchoolOrCollege,True,True,False,1,False,True,False,True,False
2980,2980,16,False,63.083333333333336,BlackOnly,24590,Bachelors,False,False,True,1,True,False,True,False,False
2981,2981,16,False,25.08333333333333,BlackOnly,11740,Low,False,False,False,1,False,True,True,True,True
2982,2982,16,True,19.08333333333333,BlackOnly,41216,Bachelors,False,False,False,1,True,True,True,False,False
2983,2983,16,False,40.083333333333336,BlackOnly,12854,HighSchoolOrCollege,False,False,False,1,True,True,True,True,False
2984,2984,16,True,38.083333333333336,WhiteOnly,11281,HighSchoolOrCollege,True,False,False,1,True,False,False,False,True
2985,2985,16,False,16.083333333333332,BlackOnly,76539,Bachelors,False,True,False,1,True,True,False,True,True
2986,2986,16,False,19.08333333333333,BlackOnly,43404,Bachelors,False,False,False,1,False,True,True,False,False
2987,2987,16,False,25.08333333333333,BlackOnly,463231,Low,False,True,False,1,False,False,True,False,False
2988,2988,16,False,35.083333333333336,BlackOnly,95597,Low,False,True,False,1,False,True,True,False,False
2989,2989,16,False,17.083333333333332,BlackOnly,58296,HighSchoolOrCollege,False,False,False,1,True,False,True,False,True
2990,2990,16,False,33.083333333333336,BlackOnly,29361,Low,False,False,False,1,True,True,True,True,False
2991,2991,16,False,21.08333333333333,BlackOnly,87581,HighSchoolOrCollege,False,True,False,1,False,True,True,False,False
2992,2992,16,False,17.083333333333332,BlackOnly,445760,Bachelors,False,True,False,1,True,True,True,True,False
2993,2993,16,False,32.083333333333336,BlackOnly,15209,HighSchoolOrCollege,False,False,False,1,True,False,True,True,False
2994,2994,16,True,49.083333333333336,BlackOnly,6682,Low,False,False,False,1,False,False,True,False,False
2995,2995,16,False,21.08333333333333,BlackOnly,211305,HighSchoolOrCollege,False,True,False,1,True,True,True,False,True
2996,2996,16,False,38.083333333333336,BlackOnly,451947,Graduate,False,True,False,1,True,False,True,False,True
2997,2997,16,False,39.083333333333336,BlackOnly,84040,Bachelors,False,True,False,1,False,True,False,True,False
2998,2998,16,False,19.08333333333333,BlackOnly,188411,Bachelors,False,True,False,1,True,True,True,True,True
2999,2999,16,False,18.08333333333333,BlackOnly,285866,Bachelors,False,True,False,1,True,True,False,True,True
3000,3000,16,False,17.083333333333332,BlackOnly,27223,Low,False,False,False,1,False,True,False,True,True
3001,3001,16,False,51.083333333333336,WhiteOnly,425357,HighSchoolOrCollege,True,True,True,1,True,False,False,False,False
3002,3002,16,True,23.08333333333333,BlackOnly,34189,Bachelors,False,False,False,1,False,True,True,False,False
3003,3003,16,False,30.08333333333333,BlackOnly,314544,Bachelors,False,True,False,1,True,True,True,True,False
3004,3004,16,False,24.08333333333333,BlackOnly,17807,Bachelors,False,False,False,1,False,False,False,True,False
3005,3005,16,False,19.08333333333333,BlackOnly,82725,HighSchoolOrCollege,False,True,False,1,True,True,True,True,False
3006,3006,16,False,18.08333333333333,BlackOnly,10575,Bachelors,False,False,False,1,False,False,False,True,False
3007,3007,16,True,22.08333333333333,BlackOnly,474266,Low,False,True,False,1,False,True,False,False,False
3008,3008,16,True,23.08333333333333,BlackOnly,417066,Graduate,False,True,False,1,False,False,False,False,True
3009,3009,16,True,21.08333333333333,BlackOnly,125887,HighSchoolOrCollege,False,True,False,1,False,True,False,False,True
3010,3010,16,True,15.083333333333334,BlackOnly,61068,HighSchoolOrCollege,False,False,False,1,False,True,False,False,True
3011,3011,16,True,18.08333333333333,BlackOnly,20981,Low,False,False,False,1,False,False,True,False,False
3012,3012,16,True,19.08333333333333,BlackOnly,93607,HighSchoolOrCollege,False,True,False,1,True,True,False,True,False
3013,3013,16,True,29.08333333333333,BlackOnly,419691,HighSchoolOrCollege,False,True,False,1,False,True,True,False,False
3014,3014,16,False,18.08333333333333,BlackOnly,6521,Graduate,False,False,False,1,False,False,False,True,True
3015,3015,16,False,33.083333333333336,BlackOnly,273462,Bachelors,False,True,False,1,True,True,True,True,True
3016,3016,16,False,19.08333333333333,BlackOnly,7145,Bachelors,False,False,False,1,False,False,True,True,False
3017,3017,16,False,15.083333333333334,Plus2Races,17044,Graduate,False,False,False,1,False,False,False,True,True
3018,3018,16,False,34.083333333333336,BlackOnly,65477,HighSchoolOrCollege,False,False,False,1,False,False,False,True,False
3019,3019,16,False,20.08333333333333,BlackOnly,69020,HighSchoolOrCollege,False,False,False,1,True,False,False,False,False
3020,3020,16,True,21.08333333333333,BlackOnly,68867,Bachelors,False,False,False,1,False,False,False,False,True
3021,3021,16,False,46.083333333333336,BlackOnly,15124,Bachelors,False,False,False,1,False,True,True,True,True
3022,3022,16,False,36.083333333333336,BlackOnly,82553,HighSchoolOrCollege,False,True,False,1,True,True,True,True,False
3023,3023,16,False,18.08333333333333,WhiteOnly,23496,HighSchoolOrCollege,True,False,False,1,False,True,False,True,False
3024,3024,17,True,44.083333333333336,BlackOnly,57677,HighSchoolOrCollege,False,False,False,1,False,True,False,False,True
3025,3025,17,False,59.083333333333336,BlackOnly,20223,HighSchoolOrCollege,False,False,True,1,True,False,True,True,True
3026,3026,17,False,26.08333333333333,Plus2Races,89336,HighSchoolOrCollege,False,True,False,1,True,True,False,True,False
3027,3027,17,True,58.083333333333336,BlackOnly,26517,Low,False,False,True,1,False,False,False,False,False
3028,3028,17,False,16.083333333333332,BlackOnly,46669,HighSchoolOrCollege,False,False,False,1,False,False,True,True,False
3029,3029,17,False,52.083333333333336,BlackOnly,46565,Low,False,False,True,1,True,True,False,True,False
3030,3030,17,False,28.08333333333333,BlackOnly,40151,HighSchoolOrCollege,False,False,False,1,True,True,False,False,True
3031,3031,17,False,46.083333333333336,BlackOnly,43862,HighSchoolOrCollege,False,False,False,1,True,True,True,True,False
3032,3032,17,False,18.08333333333333,BlackOnly,42478,Low,False,False,False,1,True,True,True,True,False
3033,3033,17,True,52.083333333333336,WhiteOnly,85941,Low,True,True,True,1,False,True,False,False,True
3034,3034,17,False,55.083333333333336,BlackOnly,28315,HighSchoolOrCollege,False,False,True,1,False,False,True,True,False
3035,3035,17,False,31.08333333333333,BlackOnly,29362,HighSchoolOrCollege,False,False,False,1,True,True,True,True,False
3036,3036,17,False,22.08333333333333,BlackOnly,29443,HighSchoolOrCollege,False,False,False,1,False,False,False,True,False
3037,3037,17,False,35.083333333333336,BlackOnly,57943,HighSchoolOrCollege,False,False,False,1,True,False,False,True,False
3038,3038,17,False,33.083333333333336,BlackOnly,45389,Graduate,False,False,False,1,True,False,True,False,False
3039,3039,17,True,25.08333333333333,BlackOnly,36782,HighSchoolOrCollege,False,False,False,1,True,False,False,True,False
3040,3040,17,True,20.08333333333333,BlackOnly,41562,HighSchoolOrCollege,False,False,False,1,False,False,True,False,False
3041,3041,17,True,42.083333333333336,BlackOnly,13357,Low,False,False,False,1,False,True,True,False,False
3042,3042,17,True,32.083333333333336,BlackOnly,96727,Low,False,True,False,1,False,True,False,False,False
3043,3043,17,True,36.083333333333336,BlackOnly,35367,HighSchoolOrCollege,False,False,False,1,False,False,False,True,False
3044,3044,17,True,25.08333333333333,BlackOnly,26497,Low,False,False,False,1,False,False,True,True,False
3045,3045,17,False,31.08333333333333,BlackOnly,44098,Low,False,False,False,1,False,False,False,True,True
3046,3046,17,False,27.08333333333333,BlackOnly,28077,HighSchoolOrCollege,False,False,False,1,True,False,False,True,False
3047,3047,17,False,30.08333333333333,BlackOnly,23241,Graduate,False,False,False,1,True,True,False,True,False
3048,3048,17,False,48.083333333333336,BlackOnly,49210,HighSchoolOrCollege,False,False,False,1,False,False,False,True,False
3049,3049,17,True,31.08333333333333,BlackOnly,30460,HighSchoolOrCollege,False,False,False,1,True,False,False,False,False
3050,3050,17,False,38.083333333333336,BlackOnly,38725,Low,False,False,False,1,False,True,True,False,True
3051,3051,17,True,34.083333333333336,BlackOnly,38572,HighSchoolOrCollege,False,False,False,1,True,False,False,True,True
3052,3052,17,False,28.08333333333333,BlackOnly,31056,HighSchoolOrCollege,False,False,False,1,True,False,True,False,False
3053,3053,17,False,28.08333333333333,WhiteOnly,68308,HighSchoolOrCollege,True,False,False,1,True,True,False,True,True
3054,3054,17,True,20.08333333333333,BlackOnly,34704,Low,False,False,False,1,False,True,False,False,False
3055,3055,17,False,25.08333333333333,BlackOnly,38622,HighSchoolOrCollege,False,False,False,1,True,False,True,True,True
3056,3056,17,True,27.08333333333333,BlackOnly,71953,Graduate,False,True,False,1,True,True,True,True,True
3057,3057,17,False,26.08333333333333,BlackOnly,10971,HighSchoolOrCollege,False,False,False,1,False,False,False,True,False
3058,3058,17,True,28.08333333333333,WhiteOnly,39383,HighSchoolOrCollege,True,False,False,1,True,False,False,True,False
3059,3059,17,True,28.08333333333333,BlackOnly,29885,HighSchoolOrCollege,False,False,False,1,False,True,True,True,True
3060,3060,17,True,33.083333333333336,BlackOnly,36268,Bachelors,False,False,False,1,True,False,False,False,True
3061,3061,17,False,59.083333333333336,BlackOnly,42981,HighSchoolOrCollege,False,False,True,1,False,False,True,True,False
3062,3062,17,True,34.083333333333336,BlackOnly,61553,HighSchoolOrCollege,False,False,False,1,False,False,False,True,True
3063,3063,17,False,21.08333333333333,Plus2Races,49315,HighSchoolOrCollege,False,False,False,1,False,True,False,True,False
3064,3064,17,True,32.083333333333336,BlackOnly,14706,HighSchoolOrCollege,False,False,False,1,False,False,False,False,True
3065,3065,17,True,38.083333333333336,BlackOnly,43871,HighSchoolOrCollege,False,False,False,1,True,True,False,True,True
3066,3066,17,False,58.083333333333336,BlackOnly,30593,HighSchoolOrCollege,False,False,True,1,True,False,False,True,False
3067,3067,17,False,24.08333333333333,BlackOnly,41170,HighSchoolOrCollege,False,False,False,1,False,True,False,True,False
3068,3068,17,False,27.08333333333333,BlackOnly,48582,HighSchoolOrCollege,False,False,False,1,False,True,True,True,False
3069,3069,17,False,18.08333333333333,BlackOnly,72721,HighSchoolOrCollege,False,True,False,1,True,True,False,False,True
3070,3070,17,False,33.083333333333336,BlackOnly,54482,HighSchoolOrCollege,False,False,False,1,True,False,False,True,True
3071,3071,17,False,26.08333333333333,BlackOnly,35440,HighSchoolOrCollege,False,False,False,1,False,False,True,False,False
3072,3072,17,True,27.08333333333333,BlackOnly,36399,HighSchoolOrCollege,False,False,False,1,False,False,False,False,False
3073,3073,17,False,29.08333333333333,BlackOnly,49454,Low,False,False,False,1,False,True,True,True,False
3074,3074,17,True,24.08333333333333,BlackOnly,41117,HighSchoolOrCollege,False,False,False,1,False,False,False,False,False
3075,3075,17,True,34.083333333333336,BlackOnly,32322,HighSchoolOrCollege,False,False,False,1,True,False,False,True,False
3076,3076,17,False,31.08333333333333,BlackOnly,40363,Low,False,False,False,1,True,True,False,False,False
3077,3077,17,False,17.083333333333332,Plus2Races,68977,HighSchoolOrCollege,False,False,False,1,False,False,True,False,True
3078,3078,17,False,26.08333333333333,BlackOnly,74743,HighSchoolOrCollege,False,True,False,1,True,True,False,True,True
3079,3079,17,False,27.08333333333333,BlackOnly,33042,HighSchoolOrCollege,False,False,False,1,False,False,False,True,True
3080,3080,17,False,36.083333333333336,BlackOnly,15651,HighSchoolOrCollege,False,False,False,1,True,False,True,False,True
3081,3081,17,True,49.083333333333336,BlackOnly,46264,HighSchoolOrCollege,False,False,False,1,True,False,True,False,False
3082,3082,17,True,23.08333333333333,BlackOnly,48981,Graduate,False,False,False,1,False,False,True,True,True
3083,3083,17,False,34.083333333333336,BlackOnly,28163,HighSchoolOrCollege,False,False,False,1,False,False,False,True,False
3084,3084,17,False,28.08333333333333,BlackOnly,38210,Low,False,False,False,1,True,False,False,True,True
3085,3085,17,True,32.083333333333336,Plus2Races,43330,HighSchoolOrCollege,False,False,False,1,False,False,True,True,False
3086,3086,17,False,19.08333333333333,BlackOnly,36409,HighSchoolOrCollege,False,False,False,1,True,False,True,True,False
3087,3087,17,False,19.08333333333333,BlackOnly,70689,HighSchoolOrCollege,False,True,False,1,True,False,False,False,True
3088,3088,17,True,26.08333333333333,BlackOnly,53903,HighSchoolOrCollege,False,False,False,1,True,False,False,True,False
3089,3089,17,False,40.083333333333336,BlackOnly,48946,Low,False,False,False,1,False,True,False,True,True
3090,3090,17,True,17.083333333333332,BlackOnly,74092,HighSchoolOrCollege,False,True,False,1,True,False,True,True,False
3091,3091,17,False,32.083333333333336,BlackOnly,30843,Bachelors,False,False,False,1,False,False,False,False,False
3092,3092,17,False,44.083333333333336,BlackOnly,71033,HighSchoolOrCollege,False,True,False,1,True,False,False,True,False
3093,3093,17,False,17.083333333333332,BlackOnly,41740,HighSchoolOrCollege,False,False,False,1,False,False,True,False,True
3094,3094,17,False,39.083333333333336,BlackOnly,46947,Low,False,False,False,1,False,True,False,True,True
3095,3095,17,False,21.08333333333333,BlackOnly,11122,Graduate,False,False,False,1,False,False,True,True,True
3096,3096,17,True,33.083333333333336,BlackOnly,61096,HighSchoolOrCollege,False,False,False,1,False,False,False,False,False
3097,3097,17,True,64.08333333333333,BlackOnly,25268,HighSchoolOrCollege,False,False,True,1,True,False,True,True,True
3098,3098,17,False,33.083333333333336,BlackOnly,13244,HighSchoolOrCollege,False,False,False,1,False,True,False,True,False
3099,3099,17,False,23.08333333333333,BlackOnly,38144,HighSchoolOrCollege,False,False,False,1,False,True,False,False,False
3100,3100,17,True,22.08333333333333,BlackOnly,40064,Bachelors,False,False,False,1,False,False,False,False,True
3101,3101,17,True,19.08333333333333,BlackOnly,14859,HighSchoolOrCollege,False,False,False,1,True,False,True,True,False
3102,3102,17,False,62.083333333333336,BlackOnly,65775,HighSchoolOrCollege,False,False,True,1,True,False,False,True,True
3103,3103,17,True,20.08333333333333,BlackOnly,21196,HighSchoolOrCollege,False,False,False,1,True,False,True,False,True
3104,3104,17,True,21.08333333333333,BlackOnly,64751,HighSchoolOrCollege,False,False,False,1,True,True,False,False,False
3105,3105,17,False,39.083333333333336,BlackOnly,20627,HighSchoolOrCollege,False,False,False,1,True,False,False,True,True
3106,3106,17,False,30.08333333333333,BlackOnly,78432,HighSchoolOrCollege,False,True,False,1,True,False,True,False,True
3107,3107,17,False,19.08333333333333,BlackOnly,25610,Low,False,False,False,1,False,False,True,True,False
3108,3108,17,False,30.08333333333333,BlackOnly,36435,HighSchoolOrCollege,False,False,False,1,False,False,True,True,False
3109,3109,17,False,18.08333333333333,BlackOnly,85312,HighSchoolOrCollege,False,True,False,1,True,False,False,True,False
3110,3110,17,False,19.08333333333333,BlackOnly,28065,HighSchoolOrCollege,False,False,False,1,False,False,False,False,False
3111,3111,17,False,31.08333333333333,BlackOnly,45165,HighSchoolOrCollege,False,False,False,1,False,True,False,True,False
3112,3112,17,False,27.08333333333333,BlackOnly,42742,Low,False,False,False,1,True,False,False,True,False
3113,3113,17,False,29.08333333333333,BlackOnly,27295,Low,False,False,False,1,True,True,True,True,True
3114,3114,17,False,35.083333333333336,BlackOnly,32610,HighSchoolOrCollege,False,False,False,1,False,False,True,True,False
3115,3115,17,False,30.08333333333333,BlackOnly,32959,Low,False,False,False,1,True,True,False,False,True
3116,3116,17,False,26.08333333333333,BlackOnly,36275,Low,False,False,False,1,False,False,False,False,False
3117,3117,17,False,30.08333333333333,BlackOnly,37240,Bachelors,False,False,False,1,True,True,False,True,True
3118,3118,17,False,17.083333333333332,BlackOnly,60738,HighSchoolOrCollege,False,False,False,1,False,False,False,True,False
3119,3119,17,False,21.08333333333333,WhiteOnly,58253,Low,True,False,False,1,False,True,False,True,True
3120,3120,17,True,48.083333333333336,BlackOnly,16097,Graduate,False,False,False,1,True,False,False,False,True
3121,3121,17,False,37.083333333333336,BlackOnly,41373,Graduate,False,False,False,1,True,False,False,True,True
3122,3122,17,False,17.083333333333332,BlackOnly,47117,HighSchoolOrCollege,False,False,False,1,False,False,True,False,False
3123,3123,17,False,43.083333333333336,BlackOnly,13590,HighSchoolOrCollege,False,False,False,1,True,False,False,True,False
3124,3124,17,False,59.083333333333336,BlackOnly,11836,HighSchoolOrCollege,False,False,True,1,True,False,False,True,False
3125,3125,17,False,42.083333333333336,BlackOnly,40578,HighSchoolOrCollege,False,False,False,1,True,False,False,True,False
3126,3126,17,False,40.083333333333336,BlackOnly,31630,HighSchoolOrCollege,False,False,False,1,True,False,True,True,False
3127,3127,17,True,26.08333333333333,BlackOnly,31450,Low,False,False,False,1,True,False,False,False,True
3128,3128,17,False,21.08333333333333,BlackOnly,48657,HighSchoolOrCollege,False,False,False,1,False,False,True,True,False
3129,3129,17,True,26.08333333333333,BlackOnly,40589,HighSchoolOrCollege,False,False,False,1,False,True,False,True,False
3130,3130,17,True,24.08333333333333,BlackOnly,16731,HighSchoolOrCollege,False,False,False,1,True,True,True,True,True
3131,3131,17,False,27.08333333333333,BlackOnly,57572,HighSchoolOrCollege,False,False,False,1,True,False,False,True,True
3132,3132,17,False,33.083333333333336,BlackOnly,48832,Graduate,False,False,False,1,True,False,True,True,True
3133,3133,17,False,26.08333333333333,BlackOnly,10565,Bachelors,False,False,False,1,True,True,True,True,False
3134,3134,17,False,30.08333333333333,BlackOnly,40997,HighSchoolOrCollege,False,False,False,1,False,True,True,False,True
3135,3135,17,True,58.083333333333336,BlackOnly,74129,HighSchoolOrCollege,False,True,True,1,True,True,False,True,True
3136,3136,17,False,28.08333333333333,BlackOnly,34337,HighSchoolOrCollege,False,False,False,1,True,True,True,True,False
3137,3137,17,False,55.083333333333336,BlackOnly,51252,HighSchoolOrCollege,False,False,True,1,True,False,False,False,True
3138,3138,17,True,36.083333333333336,BlackOnly,15695,HighSchoolOrCollege,False,False,False,1,True,False,False,False,False
3139,3139,17,True,26.08333333333333,BlackOnly,26176,HighSchoolOrCollege,False,False,False,1,False,False,True,True,False
3140,3140,17,False,52.083333333333336,BlackOnly,21922,Graduate,False,False,True,1,True,False,False,True,True
3141,3141,17,False,56.083333333333336,BlackOnly,25407,Low,False,False,True,1,True,True,True,True,True
3142,3142,17,False,33.083333333333336,WhiteOnly,54524,HighSchoolOrCollege,True,False,False,1,True,False,True,True,False
3143,3143,17,False,48.083333333333336,BlackOnly,21594,HighSchoolOrCollege,False,False,False,1,False,False,True,True,False
3144,3144,17,True,22.08333333333333,BlackOnly,19556,HighSchoolOrCollege,False,False,False,1,True,False,False,False,False
3145,3145,17,False,57.083333333333336,BlackOnly,27154,HighSchoolOrCollege,False,False,True,1,True,False,False,True,True
3146,3146,17,True,28.08333333333333,BlackOnly,41019,Low,False,False,False,1,True,False,False,False,False
3147,3147,17,False,38.083333333333336,BlackOnly,40442,HighSchoolOrCollege,False,False,False,1,True,False,False,True,False
3148,3148,17,False,27.08333333333333,BlackOnly,31451,HighSchoolOrCollege,False,False,False,1,True,False,True,False,True
3149,3149,17,False,29.08333333333333,BlackOnly,37830,HighSchoolOrCollege,False,False,False,1,True,False,False,True,False
3150,3150,17,False,27.08333333333333,BlackOnly,40301,HighSchoolOrCollege,False,False,False,1,True,False,True,True,False
3151,3151,17,False,27.08333333333333,BlackOnly,47436,HighSchoolOrCollege,False,False,False,1,False,False,True,False,True
3152,3152,17,False,19.08333333333333,BlackOnly,44876,HighSchoolOrCollege,False,False,False,1,False,True,True,True,False
3153,3153,17,False,52.083333333333336,BlackOnly,36500,HighSchoolOrCollege,False,False,True,1,True,False,True,True,False
3154,3154,17,False,26.08333333333333,BlackOnly,46466,HighSchoolOrCollege,False,False,False,1,True,False,False,True,True
3155,3155,17,False,15.083333333333334,BlackOnly,29190,HighSchoolOrCollege,False,False,False,1,False,False,False,True,False
3156,3156,17,False,46.083333333333336,BlackOnly,49919,HighSchoolOrCollege,False,False,False,1,False,False,True,True,False
3157,3157,17,True,39.083333333333336,BlackOnly,33217,HighSchoolOrCollege,False,False,False,1,False,False,True,True,False
3158,3158,17,False,59.083333333333336,BlackOnly,24681,Low,False,False,True,1,True,True,True,True,True
3159,3159,17,False,33.083333333333336,BlackOnly,82475,HighSchoolOrCollege,False,True,False,1,True,False,False,True,False
3160,3160,17,True,16.083333333333332,BlackOnly,45004,Low,False,False,False,1,True,False,True,True,True
3161,3161,17,True,31.08333333333333,BlackOnly,13650,HighSchoolOrCollege,False,False,False,1,False,True,True,True,True
3162,3162,17,False,39.083333333333336,BlackOnly,31831,HighSchoolOrCollege,False,False,False,1,True,True,True,False,False
3163,3163,17,True,26.08333333333333,BlackOnly,53117,HighSchoolOrCollege,False,False,False,1,True,False,True,False,False
3164,3164,17,True,16.083333333333332,BlackOnly,35815,HighSchoolOrCollege,False,False,False,1,False,False,False,True,False
3165,3165,17,False,60.083333333333336,BlackOnly,49590,HighSchoolOrCollege,False,False,True,1,False,True,False,True,False
3166,3166,17,False,44.083333333333336,BlackOnly,46740,Low,False,False,False,1,False,True,False,True,False
3167,3167,17,True,24.08333333333333,BlackOnly,41216,HighSchoolOrCollege,False,False,False,1,False,False,True,False,False
3168,3168,17,True,52.083333333333336,BlackOnly,32854,Low,False,False,True,1,True,False,False,False,False
3169,3169,17,True,48.083333333333336,WhiteOnly,46281,HighSchoolOrCollege,True,False,False,1,False,False,False,True,True
3170,3170,17,False,28.08333333333333,BlackOnly,26539,HighSchoolOrCollege,False,False,False,1,True,True,True,True,False
3171,3171,17,False,18.08333333333333,BlackOnly,43404,HighSchoolOrCollege,False,False,False,1,False,True,False,True,False
3172,3172,17,False,37.083333333333336,BlackOnly,63231,Low,False,False,False,1,False,False,True,False,False
3173,3173,17,False,46.083333333333336,BlackOnly,45597,Low,False,False,False,1,True,True,True,True,False
3174,3174,17,False,18.08333333333333,BlackOnly,33296,HighSchoolOrCollege,False,False,False,1,False,False,True,True,True
3175,3175,17,True,43.083333333333336,BlackOnly,29361,Low,False,False,False,1,False,True,False,False,True
3176,3176,17,False,29.08333333333333,BlackOnly,37581,HighSchoolOrCollege,False,False,False,1,False,False,True,True,False
3177,3177,17,False,20.08333333333333,BlackOnly,95760,HighSchoolOrCollege,False,True,False,1,False,True,True,True,False
3178,3178,17,True,44.083333333333336,BlackOnly,35209,HighSchoolOrCollege,False,False,False,1,False,True,False,False,False
3179,3179,17,True,51.083333333333336,BlackOnly,11682,Low,False,False,True,1,False,True,True,True,False
3180,3180,17,False,38.083333333333336,BlackOnly,36305,Low,False,False,False,1,False,True,True,False,False
3181,3181,17,False,46.083333333333336,BlackOnly,51947,Graduate,False,False,False,1,False,True,False,True,False
3182,3182,17,False,46.083333333333336,BlackOnly,34040,HighSchoolOrCollege,False,False,False,1,False,False,False,True,True
3183,3183,17,False,27.08333333333333,BlackOnly,63411,HighSchoolOrCollege,False,False,False,1,False,False,False,False,False
3184,3184,17,False,20.08333333333333,BlackOnly,60866,HighSchoolOrCollege,False,False,False,1,False,True,False,True,True
3185,3185,17,False,21.08333333333333,BlackOnly,27223,Low,False,False,False,1,False,False,True,True,False
3186,3186,17,False,56.083333333333336,BlackOnly,50357,HighSchoolOrCollege,False,False,True,1,True,True,False,True,True
3187,3187,17,True,34.083333333333336,BlackOnly,34189,HighSchoolOrCollege,False,False,False,1,False,True,False,True,False
3188,3188,17,False,44.083333333333336,BlackOnly,64544,HighSchoolOrCollege,False,False,False,1,False,False,True,True,False
3189,3189,17,False,36.083333333333336,BlackOnly,17807,HighSchoolOrCollege,False,False,False,1,True,False,True,False,True
3190,3190,17,False,15.083333333333334,BlackOnly,32725,HighSchoolOrCollege,False,False,False,1,False,False,False,True,False
3191,3191,17,False,20.08333333333333,BlackOnly,10575,HighSchoolOrCollege,False,False,False,1,False,False,False,False,False
3192,3192,17,True,32.083333333333336,BlackOnly,74266,Low,False,True,False,1,False,True,True,False,False
3193,3193,17,True,34.083333333333336,BlackOnly,42066,Graduate,False,False,False,1,False,True,True,False,True
3194,3194,17,True,38.083333333333336,BlackOnly,50887,HighSchoolOrCollege,False,False,False,1,True,True,True,False,True
3195,3195,17,True,15.083333333333334,BlackOnly,36068,HighSchoolOrCollege,False,False,False,1,False,False,True,True,False
3196,3196,17,True,28.08333333333333,BlackOnly,20981,Low,False,False,False,1,True,False,True,False,False
3197,3197,17,True,21.08333333333333,BlackOnly,43607,HighSchoolOrCollege,False,False,False,1,False,True,False,False,False
3198,3198,17,True,36.083333333333336,BlackOnly,94691,Low,False,True,False,1,True,True,False,False,False
3199,3199,17,False,21.08333333333333,BlackOnly,21521,Graduate,False,False,False,1,False,True,False,True,True
3200,3200,17,True,41.083333333333336,BlackOnly,73462,Bachelors,False,True,False,1,False,False,False,False,False
3201,3201,17,True,22.08333333333333,BlackOnly,17145,HighSchoolOrCollege,False,False,False,1,True,False,True,True,False
3202,3202,17,True,29.08333333333333,Plus2Races,42044,Graduate,False,False,False,1,False,False,True,False,False
3203,3203,17,False,41.083333333333336,BlackOnly,40477,HighSchoolOrCollege,False,False,False,1,True,True,False,True,True
3204,3204,17,False,34.083333333333336,BlackOnly,44020,HighSchoolOrCollege,False,False,False,1,False,False,False,False,True
3205,3205,17,True,31.08333333333333,BlackOnly,43867,Bachelors,False,False,False,1,False,True,False,True,True
3206,3206,17,False,51.083333333333336,BlackOnly,15124,HighSchoolOrCollege,False,False,True,1,False,True,True,True,False
3207,3207,17,False,45.083333333333336,BlackOnly,32553,Low,False,False,False,1,True,False,True,True,False
3208,3208,17,True,16.083333333333332,WhiteOnly,33496,HighSchoolOrCollege,True,False,False,1,True,True,False,True,True
3209,3209,17,True,33.083333333333336,BlackOnly,24370,HighSchoolOrCollege,False,False,False,1,False,False,False,True,False
3210,3210,17,True,30.08333333333333,BlackOnly,57548,HighSchoolOrCollege,False,False,False,1,False,False,False,True,False
3211,3211,17,True,26.08333333333333,BlackOnly,33519,HighSchoolOrCollege,False,False,False,1,False,False,False,True,False
3212,3212,17,False,36.083333333333336,BlackOnly,41462,HighSchoolOrCollege,False,False,False,1,False,True,False,True,False
3213,3213,17,False,34.083333333333336,BlackOnly,27632,HighSchoolOrCollege,False,False,False,1,True,True,False,True,True
3214,3214,17,False,35.083333333333336,BlackOnly,42859,Bachelors,False,False,False,1,False,True,True,False,True
3215,3215,17,False,38.083333333333336,BlackOnly,42757,Graduate,False,False,False,1,True,False,False,True,True
3216,3216,17,False,42.083333333333336,WhiteOnly,53219,Bachelors,True,False,False,1,False,False,False,False,True
3217,3217,17,False,54.083333333333336,BlackOnly,32508,HighSchoolOrCollege,False,False,True,1,True,True,True,False,False
3218,3218,17,True,56.083333333333336,BlackOnly,28980,HighSchoolOrCollege,False,False,True,1,True,False,False,False,True
3219,3219,17,True,42.083333333333336,BlackOnly,30009,HighSchoolOrCollege,False,False,False,1,True,True,False,False,False
3220,3220,17,False,22.08333333333333,BlackOnly,48735,Graduate,False,False,False,1,True,True,False,True,True
3221,3221,17,False,39.083333333333336,AsianOnly,31293,Low,False,False,False,1,True,False,True,True,False
3222,3222,17,False,42.083333333333336,BlackOnly,48786,HighSchoolOrCollege,False,False,False,1,True,False,True,False,False
3223,3223,18,True,49.083333333333336,BlackOnly,57677,HighSchoolOrCollege,False,False,False,1,True,False,False,True,False
3224,3224,18,False,61.083333333333336,BlackOnly,20223,HighSchoolOrCollege,False,False,True,1,True,False,False,True,False
3225,3225,18,False,34.083333333333336,Plus2Races,89336,Bachelors,False,True,False,1,True,False,False,False,True
3226,3226,18,True,57.083333333333336,WhiteOnly,51517,HighSchoolOrCollege,True,False,True,1,True,True,False,True,True
3227,3227,18,False,21.08333333333333,BlackOnly,71669,HighSchoolOrCollege,False,True,False,1,True,True,False,True,False
3228,3228,18,False,58.083333333333336,BlackOnly,71565,Low,False,True,True,1,False,True,True,True,True
3229,3229,18,False,32.083333333333336,BlackOnly,65151,Graduate,False,False,False,1,False,True,True,True,True
3230,3230,18,False,59.083333333333336,BlackOnly,68862,HighSchoolOrCollege,False,False,True,1,True,False,True,True,False
3231,3231,18,False,20.08333333333333,BlackOnly,67478,Low,False,False,False,1,False,False,False,True,False
3232,3232,18,True,59.083333333333336,WhiteOnly,85941,Low,True,True,True,1,True,True,False,False,True
3233,3233,18,False,63.083333333333336,BlackOnly,53315,HighSchoolOrCollege,False,False,True,1,True,False,True,False,True
3234,3234,18,False,35.083333333333336,BlackOnly,54362,HighSchoolOrCollege,False,False,False,1,True,True,False,False,True
3235,3235,18,False,29.08333333333333,BlackOnly,54443,HighSchoolOrCollege,False,False,False,1,True,False,False,True,True
3236,3236,18,False,45.083333333333336,BlackOnly,82943,HighSchoolOrCollege,False,True,False,1,False,True,True,False,False
3237,3237,18,False,37.083333333333336,BlackOnly,70389,Graduate,False,True,False,1,True,True,True,False,True
3238,3238,18,True,26.08333333333333,BlackOnly,61782,Bachelors,False,False,False,1,False,False,True,True,False
3239,3239,18,True,23.08333333333333,BlackOnly,66562,HighSchoolOrCollege,False,False,False,1,True,True,False,False,False
3240,3240,18,True,52.083333333333336,BlackOnly,43357,HighSchoolOrCollege,False,False,True,1,False,False,False,True,False
3241,3241,18,True,38.083333333333336,BlackOnly,96727,HighSchoolOrCollege,False,True,False,1,False,True,False,True,False
3242,3242,18,True,44.083333333333336,BlackOnly,60367,HighSchoolOrCollege,False,False,False,1,True,False,True,False,False
3243,3243,18,True,28.08333333333333,BlackOnly,51497,HighSchoolOrCollege,False,False,False,1,False,False,True,False,False
3244,3244,18,False,33.083333333333336,BlackOnly,69098,HighSchoolOrCollege,False,False,False,1,False,True,True,True,False
3245,3245,18,False,26.08333333333333,BlackOnly,53077,Bachelors,False,False,False,1,False,False,False,True,False
3246,3246,18,False,39.083333333333336,BlackOnly,23241,Graduate,False,False,False,1,True,False,True,True,False
3247,3247,18,False,55.083333333333336,BlackOnly,74210,HighSchoolOrCollege,False,True,True,1,False,True,True,False,False
3248,3248,18,True,35.083333333333336,BlackOnly,55460,HighSchoolOrCollege,False,False,False,1,True,False,True,True,True
3249,3249,18,False,45.083333333333336,BlackOnly,63725,HighSchoolOrCollege,False,False,False,1,True,False,True,True,True
3250,3250,18,True,34.083333333333336,BlackOnly,63572,HighSchoolOrCollege,False,False,False,1,True,False,False,False,False
3251,3251,18,False,29.08333333333333,BlackOnly,56056,HighSchoolOrCollege,False,False,False,1,True,False,True,True,False
3252,3252,18,False,33.083333333333336,WhiteOnly,93308,HighSchoolOrCollege,True,True,False,1,False,True,False,True,False
3253,3253,18,True,29.08333333333333,BlackOnly,59704,HighSchoolOrCollege,False,False,False,1,True,True,False,False,False
3254,3254,18,True,31.08333333333333,BlackOnly,63622,Graduate,False,False,False,1,False,True,False,False,True
3255,3255,18,True,25.08333333333333,BlackOnly,96953,Graduate,False,True,False,1,False,True,True,False,True
3256,3256,18,False,29.08333333333333,BlackOnly,10971,HighSchoolOrCollege,False,False,False,1,True,True,False,True,False
3257,3257,18,True,31.08333333333333,WhiteOnly,64383,HighSchoolOrCollege,True,False,False,1,True,False,False,True,False
3258,3258,18,True,25.08333333333333,BlackOnly,54885,HighSchoolOrCollege,False,False,False,1,True,False,False,False,False
3259,3259,18,True,35.083333333333336,BlackOnly,61268,Graduate,False,False,False,1,True,True,False,True,True
3260,3260,18,False,60.083333333333336,BlackOnly,67981,HighSchoolOrCollege,False,False,True,1,True,False,False,True,True
3261,3261,18,True,36.083333333333336,WhiteOnly,61553,HighSchoolOrCollege,True,False,False,1,True,False,False,True,True
3262,3262,18,False,28.08333333333333,Plus2Races,74315,HighSchoolOrCollege,False,True,False,1,True,True,False,False,True
3263,3263,18,True,34.083333333333336,BlackOnly,44706,HighSchoolOrCollege,False,False,False,1,False,True,False,False,True
3264,3264,18,True,44.083333333333336,AsianOnly,68871,Bachelors,False,False,False,1,False,False,False,True,False
3265,3265,18,False,60.083333333333336,BlackOnly,55593,Bachelors,False,False,True,1,True,False,True,True,False
3266,3266,18,False,23.08333333333333,BlackOnly,66170,HighSchoolOrCollege,False,False,False,1,False,True,False,True,False
3267,3267,18,False,28.08333333333333,WhiteOnly,73582,Graduate,True,True,False,1,True,False,False,True,True
3268,3268,18,False,22.08333333333333,BlackOnly,72721,Graduate,False,True,False,1,False,True,False,False,True
3269,3269,18,False,31.08333333333333,BlackOnly,79482,HighSchoolOrCollege,False,True,False,1,True,True,True,True,False
3270,3270,18,False,28.08333333333333,BlackOnly,60440,HighSchoolOrCollege,False,False,False,1,True,False,False,False,True
3271,3271,18,True,28.08333333333333,BlackOnly,61399,HighSchoolOrCollege,False,False,False,1,False,False,False,False,True
3272,3272,18,False,34.083333333333336,BlackOnly,74454,HighSchoolOrCollege,False,True,False,1,True,False,True,False,False
3273,3273,18,True,26.08333333333333,WhiteOnly,66117,HighSchoolOrCollege,True,False,False,1,True,False,False,False,False
3274,3274,18,True,34.083333333333336,BlackOnly,57322,Graduate,False,False,False,1,True,True,False,False,True
3275,3275,18,False,38.083333333333336,BlackOnly,65363,HighSchoolOrCollege,False,False,False,1,True,True,True,True,False
3276,3276,18,False,15.083333333333334,Plus2Races,93977,HighSchoolOrCollege,False,True,False,1,False,True,True,True,True
3277,3277,18,False,29.08333333333333,BlackOnly,99743,HighSchoolOrCollege,False,True,False,1,False,True,True,False,False
3278,3278,18,False,26.08333333333333,BlackOnly,58042,HighSchoolOrCollege,False,False,False,1,True,True,True,True,False
3279,3279,18,False,48.083333333333336,WhiteOnly,50651,Graduate,True,False,False,1,False,False,False,True,True
3280,3280,18,True,55.083333333333336,BlackOnly,71264,HighSchoolOrCollege,False,True,True,1,True,False,False,False,False
3281,3281,18,True,24.08333333333333,BlackOnly,73981,Graduate,False,True,False,1,True,False,True,False,True
3282,3282,18,False,36.083333333333336,BlackOnly,53163,Graduate,False,False,False,1,True,False,False,True,True
3283,3283,18,False,29.08333333333333,BlackOnly,63210,HighSchoolOrCollege,False,False,False,1,True,True,True,True,True
3284,3284,18,True,39.083333333333336,Plus2Races,68330,HighSchoolOrCollege,False,False,False,1,True,False,True,True,True
3285,3285,18,False,18.08333333333333,BlackOnly,61409,HighSchoolOrCollege,False,False,False,1,False,False,False,True,False
3286,3286,18,False,21.08333333333333,BlackOnly,70689,HighSchoolOrCollege,False,True,False,1,False,True,True,False,True
3287,3287,18,True,29.08333333333333,BlackOnly,78903,HighSchoolOrCollege,False,True,False,1,False,False,True,True,False
3288,3288,18,False,49.083333333333336,WhiteOnly,73946,HighSchoolOrCollege,True,True,False,1,False,True,False,False,True
3289,3289,18,True,20.08333333333333,BlackOnly,74092,HighSchoolOrCollege,False,True,False,1,False,True,False,True,False
3290,3290,18,False,30.08333333333333,BlackOnly,55843,Graduate,False,False,False,1,True,False,False,True,False
3291,3291,18,False,50.083333333333336,BlackOnly,96033,Bachelors,False,True,True,1,True,True,True,True,True
3292,3292,18,False,24.08333333333333,BlackOnly,66740,HighSchoolOrCollege,False,False,False,1,False,False,True,False,True
3293,3293,18,False,44.083333333333336,BlackOnly,71947,HighSchoolOrCollege,False,True,False,1,True,True,False,True,False
3294,3294,18,False,20.08333333333333,BlackOnly,46122,Graduate,False,False,False,1,True,True,True,True,True
3295,3295,18,True,31.08333333333333,BlackOnly,86096,HighSchoolOrCollege,False,True,False,1,True,True,True,True,True
3296,3296,18,True,64.08333333333333,BlackOnly,50268,HighSchoolOrCollege,False,False,True,1,False,False,False,False,True
3297,3297,18,False,37.083333333333336,BlackOnly,13244,Bachelors,False,False,False,1,False,False,True,True,False
3298,3298,18,False,24.08333333333333,BlackOnly,63144,HighSchoolOrCollege,False,False,False,1,True,True,False,True,True
3299,3299,18,True,22.08333333333333,BlackOnly,65064,Graduate,False,False,False,1,False,True,True,False,False
3300,3300,18,True,22.08333333333333,BlackOnly,14859,HighSchoolOrCollege,False,False,False,1,False,False,False,False,False
3301,3301,18,False,60.083333333333336,BlackOnly,90775,HighSchoolOrCollege,False,True,True,1,True,False,True,True,True
3302,3302,18,True,22.08333333333333,WhiteOnly,56196,HighSchoolOrCollege,True,False,False,1,False,False,False,False,False
3303,3303,18,True,22.08333333333333,BlackOnly,64751,HighSchoolOrCollege,False,False,False,1,True,True,True,True,False
3304,3304,18,False,37.083333333333336,BlackOnly,40627,HighSchoolOrCollege,False,False,False,1,True,True,True,True,False
3305,3305,18,False,37.083333333333336,BlackOnly,78432,HighSchoolOrCollege,False,True,False,1,True,False,False,True,False
3306,3306,18,False,23.08333333333333,BlackOnly,50610,HighSchoolOrCollege,False,False,False,1,True,False,True,True,False
3307,3307,18,False,36.083333333333336,AsianOnly,61435,HighSchoolOrCollege,False,False,False,1,True,True,True,True,False
3308,3308,18,False,16.083333333333332,BlackOnly,85312,HighSchoolOrCollege,False,True,False,1,True,False,False,True,False
3309,3309,18,False,15.083333333333334,BlackOnly,53065,HighSchoolOrCollege,False,False,False,1,False,False,True,True,False
3310,3310,18,False,36.083333333333336,BlackOnly,70165,Graduate,False,True,False,1,True,True,True,False,False
3311,3311,19,True,48.083333333333336,BlackOnly,132677,Bachelors,False,True,False,1,True,True,True,True,True
3312,3312,19,False,57.083333333333336,WhiteOnly,223,Bachelors,True,False,True,1,True,False,True,True,True
3313,3313,19,False,34.083333333333336,Plus2Races,239336,Graduate,False,True,False,1,True,False,False,False,True
3314,3314,19,True,55.083333333333336,WhiteOnly,126517,HighSchoolOrCollege,True,True,True,1,False,True,True,False,False
3315,3315,19,False,22.08333333333333,WhiteOnly,121669,Bachelors,True,True,False,1,False,False,False,False,False
3316,3316,19,False,51.083333333333336,BlackOnly,321565,Low,False,True,True,1,False,True,True,True,True
3317,3317,19,False,32.083333333333336,BlackOnly,90151,Graduate,False,True,False,1,False,True,True,True,True
3318,3318,19,False,53.083333333333336,WhiteOnly,493862,Bachelors,True,True,True,1,True,True,True,True,False
3319,3319,19,True,20.08333333333333,WhiteOnly,67478,Low,True,False,False,1,True,False,False,False,False
3320,3320,19,True,51.083333333333336,WhiteOnly,335941,HighSchoolOrCollege,True,True,True,1,True,False,True,False,False
3321,3321,19,False,58.083333333333336,AmerIndianOnly,28315,Bachelors,False,False,True,1,True,True,True,True,True
3322,3322,19,False,35.083333333333336,WhiteOnly,54362,Bachelors,True,False,False,1,False,False,True,False,True
3323,3323,19,False,28.08333333333333,Other,79443,Bachelors,False,True,False,1,False,True,True,False,False
3324,3324,19,False,40.083333333333336,WhiteOnly,132943,Bachelors,True,True,False,1,False,False,False,True,True
3325,3325,19,False,35.083333333333336,BlackOnly,470389,Graduate,False,True,False,1,False,False,False,True,True
3326,3326,19,True,34.083333333333336,WhiteOnly,61782,Graduate,True,False,False,1,True,False,False,True,False
3327,3327,19,True,22.08333333333333,WhiteOnly,66562,Graduate,True,False,False,1,False,False,False,True,True
3328,3328,19,True,45.083333333333336,WhiteOnly,43357,HighSchoolOrCollege,True,False,False,1,False,False,True,False,False
3329,3329,19,True,37.083333333333336,BlackOnly,421727,HighSchoolOrCollege,False,True,False,1,True,False,False,True,False
3330,3330,19,True,42.083333333333336,WhiteOnly,60367,Bachelors,True,False,False,1,True,False,True,True,True
3331,3331,19,True,33.083333333333336,WhiteOnly,426497,HighSchoolOrCollege,True,True,False,1,True,True,False,False,False
3332,3332,19,False,38.083333333333336,BlackOnly,94098,HighSchoolOrCollege,False,True,False,1,True,True,True,True,False
3333,3333,19,False,25.08333333333333,WhiteOnly,53077,Graduate,True,False,False,1,True,False,True,True,False
3334,3334,19,False,39.083333333333336,WhiteOnly,23241,Graduate,True,False,False,1,False,True,False,True,True
3335,3335,19,False,53.083333333333336,BlackOnly,174210,Bachelors,False,True,True,1,True,True,True,True,True
3336,3336,19,True,38.083333333333336,BlackOnly,380460,Graduate,False,True,False,1,True,True,True,True,True
3337,3337,19,False,44.083333333333336,WhiteOnly,38725,HighSchoolOrCollege,True,False,False,1,False,True,False,True,False
3338,3338,19,True,38.083333333333336,WhiteOnly,88572,Bachelors,True,True,False,1,False,True,False,False,False
3339,3339,19,False,34.083333333333336,BlackOnly,31056,Bachelors,False,False,False,1,True,False,True,True,False
3340,3340,19,False,34.083333333333336,WhiteOnly,468308,Bachelors,True,True,False,1,True,False,False,False,True
3341,3341,19,True,29.08333333333333,WhiteOnly,359704,HighSchoolOrCollege,True,True,False,1,False,True,False,False,False
3342,3342,19,True,34.083333333333336,BlackOnly,113622,Graduate,False,True,False,1,False,True,False,False,True
3343,3343,19,True,32.083333333333336,BlackOnly,171953,Graduate,False,True,False,1,True,True,True,False,False
3344,3344,19,False,28.08333333333333,WhiteOnly,971,Bachelors,True,False,False,1,False,False,False,False,True
3345,3345,19,True,30.08333333333333,WhiteOnly,89383,Bachelors,True,True,False,1,False,False,False,True,False
3346,3346,19,True,30.08333333333333,WhiteOnly,79885,Bachelors,True,True,False,1,False,True,False,True,False
3347,3347,19,True,39.083333333333336,BlackOnly,86268,Graduate,False,True,False,1,False,True,True,True,True
3348,3348,19,False,56.083333333333336,WhiteOnly,67981,Bachelors,True,False,True,1,True,False,False,True,False
3349,3349,19,True,44.083333333333336,WhiteOnly,311553,Bachelors,True,True,False,1,False,True,False,False,False
3350,3350,19,False,29.08333333333333,Plus2Races,199315,Bachelors,False,True,False,1,False,True,False,True,False
3351,3351,19,True,37.083333333333336,BlackOnly,44706,Bachelors,False,False,False,1,True,False,True,True,False
3352,3352,19,True,42.083333333333336,Plus2Races,68871,Graduate,False,False,False,1,False,False,True,False,False
3353,3353,19,False,56.083333333333336,WhiteOnly,355593,Graduate,True,True,True,1,False,True,False,True,False
3354,3354,19,False,22.08333333333333,BlackOnly,91170,Bachelors,False,True,False,1,True,False,True,False,False
3355,3355,19,False,30.08333333333333,WhiteOnly,148582,Graduate,True,True,False,1,False,True,True,True,False
3356,3356,19,False,21.08333333333333,BlackOnly,272721,Graduate,False,True,False,1,False,True,True,True,True
3357,3357,19,False,34.083333333333336,WhiteOnly,454482,Bachelors,True,True,False,1,True,True,True,False,True
3358,3358,19,False,30.08333333333333,BlackOnly,85440,Bachelors,False,True,False,1,False,False,False,True,True
3359,3359,19,True,31.08333333333333,WhiteOnly,61399,Bachelors,True,False,False,1,True,True,True,False,True
3360,3360,19,False,31.08333333333333,WhiteOnly,49454,HighSchoolOrCollege,True,False,False,1,False,False,False,True,True
3361,3361,19,True,25.08333333333333,WhiteOnly,141117,Bachelors,True,True,False,1,False,True,False,False,True
3362,3362,19,True,35.083333333333336,WhiteOnly,57322,Graduate,True,False,False,1,True,False,True,True,False
3363,3363,19,False,41.083333333333336,WhiteOnly,65363,HighSchoolOrCollege,True,False,False,1,False,False,False,True,False
3364,3364,19,False,18.08333333333333,Plus2Races,468977,Bachelors,False,True,False,1,False,True,True,False,True
3365,3365,19,False,33.083333333333336,WhiteOnly,474743,Bachelors,True,True,False,1,False,False,True,True,True
3366,3366,19,False,32.083333333333336,WhiteOnly,33042,Bachelors,True,False,False,1,False,False,False,True,False
3367,3367,19,False,45.083333333333336,WhiteOnly,25651,Graduate,True,False,False,1,False,True,False,True,True
3368,3368,19,True,51.083333333333336,WhiteOnly,46264,Bachelors,True,False,True,1,True,True,False,False,True
3369,3369,19,True,20.08333333333333,AsianOnly,348981,Graduate,False,True,False,1,False,True,True,True,True
3370,3370,19,False,39.083333333333336,BlackOnly,78163,Graduate,False,True,False,1,True,False,True,False,False
3371,3371,19,False,30.08333333333333,WhiteOnly,88210,HighSchoolOrCollege,True,True,False,1,False,True,False,False,False
3372,3372,19,True,38.083333333333336,Plus2Races,93330,Bachelors,False,True,False,1,False,False,True,True,False
3373,3373,19,False,15.083333333333334,WhiteOnly,61409,Bachelors,True,False,False,1,False,True,False,True,True
3374,3374,19,False,24.08333333333333,WhiteOnly,270689,Bachelors,True,True,False,1,False,True,True,False,True
3375,3375,19,True,33.083333333333336,AsianOnly,478903,Bachelors,False,True,False,1,False,True,True,False,False
3376,3376,19,True,48.083333333333336,WhiteOnly,98946,HighSchoolOrCollege,True,True,False,1,False,True,False,True,False
3377,3377,19,True,20.08333333333333,AmerIndianOnly,374092,Bachelors,False,True,False,1,False,True,True,False,True
3378,3378,19,False,36.083333333333336,BlackOnly,80843,Graduate,False,True,False,1,True,True,False,True,True
3379,3379,19,False,46.083333333333336,WhiteOnly,146033,Graduate,True,True,False,1,True,True,False,True,True
3380,3380,19,False,22.08333333333333,BlackOnly,66740,Bachelors,False,False,False,1,False,True,False,True,False
3381,3381,19,False,43.083333333333336,BlackOnly,146947,HighSchoolOrCollege,False,True,False,1,False,True,False,True,True
3382,3382,19,False,21.08333333333333,BlackOnly,46122,Graduate,False,False,False,1,True,False,False,False,False
3383,3383,19,True,38.083333333333336,BlackOnly,311096,Bachelors,False,True,False,1,True,True,False,False,True
3384,3384,19,True,61.083333333333336,WhiteOnly,50268,Bachelors,True,False,True,1,True,False,False,False,False
3385,3385,19,False,39.083333333333336,WhiteOnly,13244,Graduate,True,False,False,1,True,False,True,True,True
3386,3386,19,False,24.08333333333333,BlackOnly,63144,Graduate,False,False,False,1,True,True,True,True,True
3387,3387,19,True,28.08333333333333,WhiteOnly,265064,Graduate,True,True,False,1,False,True,True,False,True
3388,3388,19,True,20.08333333333333,BlackOnly,14859,Bachelors,False,False,False,1,True,True,False,False,True
3389,3389,19,False,64.08333333333333,WhiteOnly,215775,HighSchoolOrCollege,True,True,True,1,False,False,True,True,False
3390,3390,19,True,29.08333333333333,WhiteOnly,31196,Bachelors,True,False,False,1,True,True,True,False,True
3391,3391,19,True,24.08333333333333,Other,439751,Bachelors,False,True,False,1,True,True,False,False,True
3392,3392,19,False,44.083333333333336,BlackOnly,40627,Bachelors,False,False,False,1,False,False,True,True,False
3393,3393,19,False,38.083333333333336,WhiteOnly,478432,Graduate,True,True,False,1,True,True,False,True,True
3394,3394,19,False,22.08333333333333,WhiteOnly,75610,HighSchoolOrCollege,True,True,False,1,True,True,True,True,False
3395,3395,19,False,38.083333333333336,Plus2Races,61435,Bachelors,False,False,False,1,False,True,True,True,False
3396,3396,19,False,18.08333333333333,WhiteOnly,235312,Bachelors,True,True,False,1,True,True,True,True,False
3397,3397,19,False,17.083333333333332,BlackOnly,78065,Bachelors,False,True,False,1,False,True,False,False,False
3398,3398,19,False,38.083333333333336,BlackOnly,70165,Graduate,False,True,False,1,False,False,False,True,True
3399,3399,19,False,25.08333333333333,WhiteOnly,92742,HighSchoolOrCollege,True,True,False,1,False,True,False,True,True
3400,3400,19,False,31.08333333333333,WhiteOnly,77295,Low,True,True,False,1,False,False,True,False,False
3401,3401,19,False,44.083333333333336,WhiteOnly,82610,Bachelors,True,True,False,1,False,False,False,True,True
3402,3402,19,False,43.083333333333336,AsianOnly,32959,Low,False,False,False,1,True,False,False,True,False
3403,3403,19,False,31.08333333333333,BlackOnly,86275,HighSchoolOrCollege,False,True,False,1,False,True,False,False,False
3404,3404,19,False,35.083333333333336,WhiteOnly,62240,Graduate,True,False,False,1,True,False,True,True,False
3405,3405,19,False,20.08333333333333,BlackOnly,235738,Bachelors,False,True,False,1,True,True,True,False,False
3406,3406,19,False,25.08333333333333,WhiteOnly,383253,HighSchoolOrCollege,True,True,False,1,True,True,False,True,False
3407,3407,19,True,49.083333333333336,AsianOnly,16097,Graduate,False,False,False,1,False,False,True,True,True
3408,3408,19,False,42.083333333333336,BlackOnly,91373,Graduate,False,True,False,1,True,True,False,True,False
3409,3409,19,False,19.08333333333333,BlackOnly,72117,Graduate,False,True,False,1,False,True,False,True,False
3410,3410,19,True,45.083333333333336,WhiteOnly,28590,Bachelors,True,False,False,1,True,False,False,False,True
3411,3411,19,True,59.083333333333336,WhiteOnly,11836,Bachelors,True,False,True,1,True,True,False,False,True
3412,3412,19,False,47.083333333333336,BlackOnly,315578,Graduate,False,True,False,1,True,True,False,True,True
3413,3413,19,True,45.083333333333336,BlackOnly,81630,Bachelors,False,True,False,1,False,True,True,True,True
3414,3414,19,True,34.083333333333336,WhiteOnly,81450,HighSchoolOrCollege,True,True,False,1,True,False,True,True,False
3415,3415,19,False,20.08333333333333,BlackOnly,298657,Graduate,False,True,False,1,True,True,False,True,False
3416,3416,19,True,30.08333333333333,AmerIndianOnly,365589,Graduate,False,True,False,1,False,True,True,False,True
3417,3417,19,True,29.08333333333333,WhiteOnly,6731,Graduate,True,False,False,1,False,True,False,True,True
3418,3418,19,False,27.08333333333333,WhiteOnly,157572,Graduate,True,True,False,1,True,True,True,True,True
3419,3419,19,False,39.083333333333336,BlackOnly,98832,Graduate,False,True,False,1,False,True,True,True,True
3420,3420,19,False,29.08333333333333,WhiteOnly,10565,Graduate,True,False,False,1,False,False,True,True,False
3421,3421,19,False,39.083333333333336,WhiteOnly,215997,Graduate,True,True,False,1,False,False,False,True,True
3422,3422,19,True,56.083333333333336,WhiteOnly,424129,Bachelors,True,True,True,1,True,True,True,True,True
3423,3423,19,True,29.08333333333333,WhiteOnly,59337,Bachelors,True,False,False,1,True,False,False,False,True
3424,3424,19,False,56.083333333333336,Plus2Races,176252,Bachelors,False,True,True,1,True,True,False,True,False
3425,3425,19,True,44.083333333333336,WhiteOnly,15695,Graduate,True,False,False,1,True,False,False,False,False
3426,3426,19,True,34.083333333333336,Plus2Races,76176,Bachelors,False,True,False,1,True,True,True,False,False
3427,3427,19,False,54.083333333333336,BlackOnly,21922,Graduate,False,False,True,1,True,True,True,True,True
3428,3428,19,False,62.083333333333336,WhiteOnly,50407,HighSchoolOrCollege,True,False,True,1,True,False,False,True,True
3429,3429,19,True,37.083333333333336,WhiteOnly,129524,Graduate,True,True,False,1,True,False,True,False,True
3430,3430,19,False,46.083333333333336,WhiteOnly,36594,Graduate,True,False,False,1,True,False,False,False,True
3431,3431,19,True,20.08333333333333,WhiteOnly,19556,Bachelors,True,False,False,1,True,True,True,True,True
3432,3432,19,False,55.083333333333336,WhiteOnly,52154,Bachelors,True,False,True,1,False,False,False,True,True
3433,3433,19,True,31.08333333333333,WhiteOnly,441019,Low,True,True,False,1,False,True,False,False,False
3434,3434,19,False,44.083333333333336,BlackOnly,465442,Bachelors,False,True,False,1,True,True,True,True,True
3435,3435,19,False,33.083333333333336,BlackOnly,81451,Graduate,False,True,False,1,False,True,False,True,False
3436,3436,19,False,32.083333333333336,WhiteOnly,62830,Bachelors,True,False,False,1,True,False,False,True,False
3437,3437,19,True,32.083333333333336,WhiteOnly,190301,Graduate,True,True,False,1,False,True,True,False,False
3438,3438,19,False,32.083333333333336,BlackOnly,97436,Graduate,False,True,False,1,True,True,False,True,True
3439,3439,19,False,20.08333333333333,BlackOnly,44876,Bachelors,False,False,False,1,False,True,True,True,True
3440,3440,19,False,53.083333333333336,WhiteOnly,86500,Bachelors,True,True,True,1,True,True,True,False,True
3441,3441,19,False,30.08333333333333,WhiteOnly,71466,Bachelors,True,True,False,1,False,True,False,False,False
3442,3442,19,True,15.083333333333334,WhiteOnly,79190,Bachelors,True,True,False,1,True,True,False,True,False
3443,3443,19,False,45.083333333333336,WhiteOnly,424919,Bachelors,True,True,False,1,False,True,True,True,False
3444,3444,19,True,43.083333333333336,WhiteOnly,258217,Bachelors,True,True,False,1,False,False,True,False,True
3445,3445,19,True,56.083333333333336,WhiteOnly,9681,Low,True,False,True,1,True,False,False,False,True
3446,3446,19,False,39.083333333333336,WhiteOnly,457475,Bachelors,True,True,False,1,False,True,False,True,True
3447,3447,19,True,17.083333333333332,WhiteOnly,95004,HighSchoolOrCollege,True,True,False,1,False,False,True,False,False
3448,3448,19,True,39.083333333333336,BlackOnly,3650,Bachelors,False,False,False,1,False,False,True,False,True
3449,3449,19,False,43.083333333333336,WhiteOnly,331831,Bachelors,True,True,False,1,True,False,False,True,False
3450,3450,19,True,30.08333333333333,BlackOnly,203117,Graduate,False,True,False,1,False,True,False,True,True
3451,3451,19,True,17.083333333333332,WhiteOnly,160815,Bachelors,True,True,False,1,False,True,False,False,True
3452,3452,19,False,61.083333333333336,BlackOnly,49590,Graduate,False,False,True,1,False,False,False,False,True
3453,3453,19,False,48.083333333333336,BlackOnly,46740,HighSchoolOrCollege,False,False,False,1,True,False,False,False,True
3454,3454,19,True,22.08333333333333,BlackOnly,66216,Bachelors,False,False,False,1,False,False,True,True,False
3455,3455,19,True,53.083333333333336,Plus2Races,32854,HighSchoolOrCollege,False,False,True,1,True,False,False,True,False
3456,3456,19,True,51.083333333333336,WhiteOnly,46281,Bachelors,True,False,True,1,False,True,False,False,True
3457,3457,19,False,26.08333333333333,WhiteOnly,151539,Bachelors,True,True,False,1,False,True,False,True,False
3458,3458,19,True,22.08333333333333,BlackOnly,68404,Graduate,False,False,False,1,True,False,False,True,True
3459,3459,19,False,40.083333333333336,BlackOnly,463231,HighSchoolOrCollege,False,True,False,1,False,False,True,True,True
3460,3460,19,False,52.083333333333336,WhiteOnly,95597,HighSchoolOrCollege,True,True,True,1,True,True,False,False,True
3461,3461,19,False,17.083333333333332,AsianOnly,83296,Bachelors,False,True,False,1,False,True,False,True,False
3462,3462,19,True,45.083333333333336,WhiteOnly,54361,Low,True,False,False,1,True,True,True,True,True
3463,3463,19,False,32.083333333333336,WhiteOnly,87581,Bachelors,True,True,False,1,False,True,False,True,False
3464,3464,19,False,25.08333333333333,BlackOnly,445760,Graduate,False,True,False,1,True,True,True,True,True
3465,3465,19,True,46.083333333333336,WhiteOnly,35209,Bachelors,True,False,False,1,False,True,False,True,False
3466,3466,19,True,59.083333333333336,WhiteOnly,26682,Low,True,False,True,1,True,True,True,False,False
3467,3467,19,False,43.083333333333336,BlackOnly,211305,HighSchoolOrCollege,False,True,False,1,False,True,True,False,True
3468,3468,19,False,50.083333333333336,WhiteOnly,451947,Graduate,True,True,True,1,True,True,True,False,True
3469,3469,19,False,52.083333333333336,AsianOnly,84040,Graduate,False,True,True,1,False,True,False,True,True
3470,3470,19,False,33.083333333333336,BlackOnly,188411,Graduate,False,True,False,1,False,True,True,False,False
3471,3471,19,False,23.08333333333333,WhiteOnly,285866,Graduate,True,True,False,1,False,True,True,False,True
3472,3472,19,False,25.08333333333333,BlackOnly,52223,HighSchoolOrCollege,False,False,False,1,True,False,True,True,True
3473,3473,19,True,58.083333333333336,WhiteOnly,425357,Bachelors,True,True,True,1,False,True,False,False,True
3474,3474,19,True,39.083333333333336,BlackOnly,59189,Graduate,False,False,False,1,False,False,True,False,True
3475,3475,19,False,47.083333333333336,WhiteOnly,314544,Graduate,True,True,False,1,False,False,False,True,True
3476,3476,19,False,41.083333333333336,BlackOnly,47807,Graduate,False,False,False,1,True,False,True,True,True
3477,3477,19,False,15.083333333333334,BlackOnly,457725,Bachelors,False,True,False,1,True,False,False,True,False
3478,3478,19,False,28.08333333333333,Plus2Races,40575,Graduate,False,False,False,1,False,False,True,True,True
3479,3479,19,True,35.083333333333336,WhiteOnly,474266,Low,True,True,False,1,False,True,False,False,False
3480,3480,19,True,37.083333333333336,BlackOnly,417066,Graduate,False,True,False,1,False,True,False,True,False
3481,3481,19,True,42.083333333333336,WhiteOnly,125887,Bachelors,True,True,False,1,True,True,False,False,False
3482,3482,19,True,15.083333333333334,BlackOnly,86068,Bachelors,False,True,False,1,False,True,True,True,True
3483,3483,19,True,28.08333333333333,BlackOnly,30981,Low,False,False,False,1,True,False,True,False,False
3484,3484,19,True,25.08333333333333,WhiteOnly,93607,Bachelors,True,True,False,1,True,False,False,False,False
3485,3485,19,True,44.083333333333336,WhiteOnly,419691,HighSchoolOrCollege,True,True,False,1,False,True,False,True,True
3486,3486,19,False,27.08333333333333,BlackOnly,21521,Graduate,False,False,False,1,True,False,True,True,True
3487,3487,19,True,49.083333333333336,BlackOnly,273462,Graduate,False,True,False,1,True,False,True,False,False
3488,3488,19,True,27.08333333333333,WhiteOnly,7145,Graduate,True,False,False,1,False,False,False,False,False
3489,3489,19,True,32.083333333333336,Plus2Races,42044,Graduate,False,False,False,1,False,True,False,True,False
3490,3490,19,True,48.083333333333336,WhiteOnly,90477,HighSchoolOrCollege,True,True,False,1,True,True,False,False,True
3491,3491,19,False,42.083333333333336,AsianOnly,94020,Bachelors,False,True,False,1,False,True,True,True,False
3492,3492,19,True,38.083333333333336,BlackOnly,93867,Graduate,False,True,False,1,False,True,True,False,False
3493,3493,19,False,58.083333333333336,WhiteOnly,35124,Graduate,True,False,True,1,False,True,False,False,False
3494,3494,19,False,48.083333333333336,WhiteOnly,82553,HighSchoolOrCollege,True,True,False,1,False,True,False,False,False
3495,3495,19,True,19.08333333333333,WhiteOnly,33496,Bachelors,True,False,False,1,True,True,True,False,False
3496,3496,19,True,36.083333333333336,BlackOnly,24370,Bachelors,False,False,False,1,True,True,False,False,True
3497,3497,19,True,37.083333333333336,WhiteOnly,482548,Graduate,True,True,False,1,False,True,True,True,True
3498,3498,19,True,32.083333333333336,BlackOnly,83519,Graduate,False,True,False,1,False,True,False,True,True
3499,3499,19,False,44.083333333333336,WhiteOnly,91462,Graduate,True,True,False,1,True,False,True,True,True
3500,3500,19,False,37.083333333333336,Plus2Races,52632,Bachelors,False,False,False,1,True,False,False,True,False
3501,3501,19,False,47.083333333333336,WhiteOnly,92859,Graduate,True,True,False,1,True,True,True,False,True
3502,3502,19,True,44.083333333333336,WhiteOnly,42757,Graduate,True,False,False,1,True,True,False,False,False
3503,3503,19,False,48.083333333333336,WhiteOnly,128219,Graduate,True,True,False,1,False,True,False,True,False
3504,3504,19,True,54.083333333333336,BlackOnly,82508,Graduate,False,True,True,1,True,True,True,True,False
3505,3505,19,True,58.083333333333336,WhiteOnly,78980,Bachelors,True,True,True,1,False,True,True,False,False
3506,3506,19,True,47.083333333333336,Other,205009,HighSchoolOrCollege,False,True,False,1,False,True,False,True,False
3507,3507,19,False,28.08333333333333,WhiteOnly,98735,Graduate,True,True,False,1,True,True,False,True,True
3508,3508,19,False,43.083333333333336,Plus2Races,331293,HighSchoolOrCollege,False,True,False,1,True,False,True,True,False
3509,3509,19,False,49.083333333333336,WhiteOnly,98786,Bachelors,True,True,False,1,True,False,False,True,False
3510,3510,19,False,24.08333333333333,WhiteOnly,85612,Graduate,True,True,False,1,False,True,False,False,False
3511,3511,19,True,47.083333333333336,BlackOnly,310379,Graduate,False,True,False,1,True,True,False,False,True
3512,3512,19,False,21.08333333333333,Plus2Races,246846,Graduate,False,True,False,1,False,True,False,False,False
3513,3513,19,True,48.083333333333336,WhiteOnly,94700,Bachelors,True,True,False,1,True,True,False,False,True
3514,3514,19,False,45.083333333333336,BlackOnly,30736,Bachelors,False,False,False,1,True,False,False,True,True
3515,3515,19,False,42.083333333333336,BlackOnly,40009,Graduate,False,False,False,1,False,True,True,True,True
3516,3516,19,True,26.08333333333333,WhiteOnly,98736,HighSchoolOrCollege,True,True,False,1,True,False,True,False,False
3517,3517,19,True,47.083333333333336,BlackOnly,91299,Graduate,False,True,False,1,True,True,False,False,False
3518,3518,19,True,37.083333333333336,WhiteOnly,241227,Bachelors,True,True,False,1,True,True,False,True,True
3519,3519,19,True,64.08333333333333,BlackOnly,280368,Bachelors,False,True,True,1,True,True,False,True,True
3520,3520,19,False,32.083333333333336,WhiteOnly,86813,HighSchoolOrCollege,True,True,False,1,False,True,False,True,False
3521,3521,19,True,30.08333333333333,WhiteOnly,113433,Bachelors,True,True,False,1,True,True,True,True,False
3522,3522,19,True,42.083333333333336,BlackOnly,370244,Graduate,False,True,False,1,False,True,True,False,True
3523,3523,19,True,34.083333333333336,Other,360502,Graduate,False,True,False,1,False,False,False,False,True
3524,3524,19,True,22.08333333333333,WhiteOnly,43656,HighSchoolOrCollege,True,False,False,1,False,True,False,False,False
3525,3525,20,True,44.083333333333336,BlackOnly,132677,HighSchoolOrCollege,False,True,False,1,False,False,False,False,True
3526,3526,20,False,59.083333333333336,WhiteOnly,35223,HighSchoolOrCollege,True,False,True,1,True,True,True,True,True
3527,3527,20,False,30.08333333333333,Plus2Races,239336,Graduate,False,True,False,1,True,False,False,True,True
3528,3528,20,True,53.083333333333336,WhiteOnly,126517,HighSchoolOrCollege,True,True,True,1,True,True,True,True,True
3529,3529,20,False,20.08333333333333,WhiteOnly,121669,Bachelors,True,True,False,1,False,True,False,False,True
3530,3530,20,False,47.083333333333336,BlackOnly,321565,Low,False,True,False,1,True,True,True,True,False
3531,3531,20,False,31.08333333333333,BlackOnly,90151,Graduate,False,True,False,1,True,True,True,True,True
3532,3532,20,False,45.083333333333336,WhiteOnly,493862,Bachelors,True,True,False,1,False,True,True,False,True
3533,3533,20,False,23.08333333333333,WhiteOnly,92478,HighSchoolOrCollege,True,True,False,1,True,True,True,False,False
3534,3534,20,True,47.083333333333336,WhiteOnly,335941,HighSchoolOrCollege,True,True,False,1,False,True,True,False,False
3535,3535,20,False,50.083333333333336,PacIslandOnly,53315,HighSchoolOrCollege,False,False,True,1,True,False,False,False,True
3536,3536,20,False,31.08333333333333,WhiteOnly,54362,Bachelors,True,False,False,1,True,False,True,False,True
3537,3537,20,False,25.08333333333333,Plus2Races,79443,Bachelors,False,True,False,1,False,False,True,True,False
3538,3538,20,False,44.083333333333336,WhiteOnly,132943,Bachelors,True,True,False,1,False,True,False,True,True
3539,3539,20,False,36.083333333333336,BlackOnly,470389,Graduate,False,True,False,1,True,True,False,True,True
3540,3540,20,True,29.08333333333333,WhiteOnly,61782,Graduate,True,False,False,1,False,False,False,True,True
3541,3541,20,True,22.08333333333333,WhiteOnly,66562,Bachelors,True,False,False,1,False,False,True,True,False
3542,3542,20,True,41.083333333333336,WhiteOnly,43357,HighSchoolOrCollege,True,False,False,1,False,False,False,True,True
3543,3543,20,True,35.083333333333336,WhiteOnly,421727,HighSchoolOrCollege,True,True,False,1,True,True,False,False,False
3544,3544,20,True,35.083333333333336,WhiteOnly,85367,HighSchoolOrCollege,True,True,False,1,True,True,False,True,True
3545,3545,20,True,29.08333333333333,WhiteOnly,426497,HighSchoolOrCollege,True,True,False,1,True,True,False,False,False
3546,3546,20,False,34.083333333333336,BlackOnly,94098,HighSchoolOrCollege,False,True,False,1,False,False,True,True,True
3547,3547,20,False,29.08333333333333,WhiteOnly,53077,Graduate,True,False,False,1,True,True,False,True,True
3548,3548,20,False,39.083333333333336,WhiteOnly,43241,Graduate,True,False,False,1,False,False,True,False,True
3549,3549,20,False,46.083333333333336,WhiteOnly,174210,Bachelors,True,True,False,1,False,True,True,True,False
3550,3550,20,True,34.083333333333336,BlackOnly,380460,Bachelors,False,True,False,1,True,True,False,False,True
3551,3551,20,False,41.083333333333336,WhiteOnly,63725,HighSchoolOrCollege,True,False,False,1,False,False,True,True,False
3552,3552,20,True,30.08333333333333,WhiteOnly,88572,Bachelors,True,True,False,1,False,True,False,False,False
3553,3553,20,False,32.083333333333336,AsianOnly,31056,Bachelors,False,False,False,1,False,False,True,True,True
3554,3554,20,False,31.08333333333333,WhiteOnly,468308,Bachelors,True,True,False,1,False,True,False,True,True
3555,3555,20,True,29.08333333333333,WhiteOnly,359704,HighSchoolOrCollege,True,True,False,1,True,True,True,False,True
3556,3556,20,True,34.083333333333336,BlackOnly,113622,Graduate,False,True,False,1,False,False,False,False,True
3557,3557,20,True,29.08333333333333,BlackOnly,171953,Graduate,False,True,False,1,False,True,True,True,True
3558,3558,20,False,29.08333333333333,WhiteOnly,30971,HighSchoolOrCollege,True,False,False,1,True,False,False,False,True
3559,3559,20,True,33.083333333333336,WhiteOnly,89383,Bachelors,True,True,False,1,False,False,True,False,True
3560,3560,20,True,26.08333333333333,WhiteOnly,79885,Bachelors,True,True,False,1,True,True,True,False,False
3561,3561,20,True,37.083333333333336,BlackOnly,86268,Graduate,False,True,False,1,False,True,False,False,True
3562,3562,20,False,58.083333333333336,WhiteOnly,67981,Bachelors,True,False,True,1,True,True,False,False,False
3563,3563,20,True,36.083333333333336,WhiteOnly,311553,Bachelors,True,True,False,1,True,True,False,False,True
3564,3564,20,False,27.08333333333333,Plus2Races,199315,Bachelors,False,True,False,1,False,True,False,True,True
3565,3565,20,True,30.08333333333333,BlackOnly,44706,Bachelors,False,False,False,1,True,False,True,True,True
3566,3566,20,True,36.083333333333336,Plus2Races,68871,Graduate,False,False,False,1,False,False,False,False,True
3567,3567,20,False,55.083333333333336,WhiteOnly,355593,Graduate,True,True,True,1,True,True,False,True,True
3568,3568,20,False,25.08333333333333,AmerIndianOnly,91170,Bachelors,False,True,False,1,False,True,False,True,True
3569,3569,20,False,25.08333333333333,WhiteOnly,98582,Graduate,True,True,False,1,True,True,False,False,True
3570,3570,20,False,24.08333333333333,BlackOnly,272721,Graduate,False,True,False,1,False,True,False,True,True
3571,3571,20,False,34.083333333333336,WhiteOnly,454482,Bachelors,True,True,False,1,False,True,True,False,True
3572,3572,20,False,26.08333333333333,AsianOnly,85440,HighSchoolOrCollege,False,True,False,1,True,False,True,True,False
3573,3573,20,True,26.08333333333333,WhiteOnly,61399,Bachelors,True,False,False,1,False,True,False,True,True
3574,3574,20,False,32.083333333333336,WhiteOnly,74454,HighSchoolOrCollege,True,True,False,1,False,True,False,True,False
3575,3575,20,True,25.08333333333333,WhiteOnly,91117,Bachelors,True,True,False,1,True,False,False,True,True
3576,3576,20,True,30.08333333333333,WhiteOnly,57322,Graduate,True,False,False,1,True,False,True,False,True
3577,3577,20,False,39.083333333333336,WhiteOnly,65363,HighSchoolOrCollege,True,False,False,1,True,False,False,True,False
3578,3578,20,False,21.08333333333333,Plus2Races,468977,Bachelors,False,True,False,1,False,True,False,True,True
3579,3579,20,False,26.08333333333333,WhiteOnly,474743,Bachelors,True,True,False,1,True,True,True,False,True
3580,3580,20,False,26.08333333333333,WhiteOnly,58042,Bachelors,True,False,False,1,True,False,True,True,False
3581,3581,20,False,41.083333333333336,WhiteOnly,25651,Graduate,True,False,False,1,True,False,True,False,True
3582,3582,20,True,49.083333333333336,WhiteOnly,71264,Bachelors,True,True,False,1,False,False,False,False,False
3583,3583,20,True,26.08333333333333,Plus2Races,348981,Graduate,False,True,False,1,True,True,False,False,True
3584,3584,20,False,33.083333333333336,AsianOnly,78163,Graduate,False,True,False,1,False,False,True,True,False
3585,3585,20,False,26.08333333333333,WhiteOnly,88210,HighSchoolOrCollege,True,True,False,1,True,False,True,True,False
3586,3586,20,True,30.08333333333333,Plus2Races,93330,HighSchoolOrCollege,False,True,False,1,False,True,False,True,False
3587,3587,20,False,15.083333333333334,WhiteOnly,61409,Bachelors,True,False,False,1,True,False,False,False,True
3588,3588,20,False,24.08333333333333,WhiteOnly,270689,Bachelors,True,True,False,1,False,True,False,True,False
3589,3589,20,True,28.08333333333333,Other,478903,Bachelors,False,True,False,1,True,True,False,True,True
3590,3590,20,True,43.083333333333336,WhiteOnly,98946,HighSchoolOrCollege,True,True,False,1,False,True,False,True,True
3591,3591,20,True,22.08333333333333,AsianOnly,374092,Bachelors,False,True,False,1,True,True,False,True,False
3592,3592,20,False,31.08333333333333,BlackOnly,80843,Graduate,False,True,False,1,True,True,False,True,True
3593,3593,20,False,43.083333333333336,WhiteOnly,146033,Graduate,True,True,False,1,False,True,False,True,True
3594,3594,20,False,24.08333333333333,BlackOnly,91740,Bachelors,False,True,False,1,True,False,False,True,True
3595,3595,20,False,38.083333333333336,BlackOnly,146947,HighSchoolOrCollege,False,True,False,1,True,True,False,True,False
3596,3596,20,False,26.08333333333333,BlackOnly,46122,Graduate,False,False,False,1,False,False,True,True,False
3597,3597,20,True,33.083333333333336,BlackOnly,311096,Bachelors,False,True,False,1,True,True,False,False,False
3598,3598,20,True,55.083333333333336,WhiteOnly,50268,HighSchoolOrCollege,True,False,True,1,False,False,False,False,False
3599,3599,20,False,30.08333333333333,WhiteOnly,33244,Graduate,True,False,False,1,True,True,False,True,True
3600,3600,20,False,28.08333333333333,BlackOnly,63144,Bachelors,False,False,False,1,False,True,False,True,False
3601,3601,20,True,25.08333333333333,WhiteOnly,265064,Graduate,True,True,False,1,True,True,False,False,False
3602,3602,20,True,20.08333333333333,BlackOnly,39859,HighSchoolOrCollege,False,False,False,1,False,False,True,False,False
3603,3603,20,False,58.083333333333336,WhiteOnly,215775,HighSchoolOrCollege,True,True,True,1,False,True,False,False,True
3604,3604,20,True,27.08333333333333,WhiteOnly,31196,HighSchoolOrCollege,True,False,False,1,False,True,True,False,False
3605,3605,20,True,20.08333333333333,Plus2Races,439751,Bachelors,False,True,False,1,True,True,True,True,True
3606,3606,20,False,37.083333333333336,BlackOnly,40627,Bachelors,False,False,False,1,False,False,True,True,True
3607,3607,20,False,36.083333333333336,WhiteOnly,478432,Bachelors,True,True,False,1,True,False,False,True,True
3608,3608,20,False,20.08333333333333,WhiteOnly,75610,HighSchoolOrCollege,True,True,False,1,True,False,False,True,True
3609,3609,20,False,39.083333333333336,Plus2Races,61435,Bachelors,False,False,False,1,True,False,False,True,True
3610,3610,20,False,20.08333333333333,WhiteOnly,235312,Bachelors,True,True,False,1,True,True,True,True,False
3611,3611,20,False,21.08333333333333,AsianOnly,78065,Bachelors,False,True,False,1,False,True,True,True,False
3612,3612,20,False,39.083333333333336,BlackOnly,70165,Graduate,False,True,False,1,True,True,False,True,True
3613,3613,20,False,28.08333333333333,WhiteOnly,92742,HighSchoolOrCollege,True,True,False,1,True,True,False,False,False
3614,3614,20,False,27.08333333333333,WhiteOnly,77295,Low,True,True,False,1,True,False,False,True,False
3615,3615,20,False,39.083333333333336,WhiteOnly,82610,Bachelors,True,True,False,1,False,True,False,False,False
3616,3616,20,False,36.083333333333336,Other,57959,Low,False,False,False,1,True,False,True,True,False
3617,3617,20,False,33.083333333333336,AsianOnly,86275,HighSchoolOrCollege,False,True,False,1,True,False,False,False,True
3618,3618,20,False,32.083333333333336,WhiteOnly,62240,Graduate,True,False,False,1,True,False,True,True,False
3619,3619,20,False,22.08333333333333,BlackOnly,235738,Bachelors,False,True,False,1,False,True,False,True,False
3620,3620,20,False,26.08333333333333,WhiteOnly,383253,HighSchoolOrCollege,True,True,False,1,True,True,False,False,False
3621,3621,20,True,49.083333333333336,Other,31097,Graduate,False,False,False,1,True,False,False,False,True
3622,3622,20,False,39.083333333333336,BlackOnly,91373,Graduate,False,True,False,1,True,False,True,True,True
3623,3623,20,False,17.083333333333332,BlackOnly,72117,Graduate,False,True,False,1,True,True,False,True,True
3624,3624,20,True,43.083333333333336,WhiteOnly,28590,HighSchoolOrCollege,True,False,False,1,True,False,True,False,False
3625,3625,20,False,59.083333333333336,WhiteOnly,36836,HighSchoolOrCollege,True,False,True,1,True,True,False,True,False
3626,3626,20,False,41.083333333333336,BlackOnly,315578,Graduate,False,True,False,1,False,True,False,True,False
3627,3627,20,False,40.083333333333336,BlackOnly,81630,Bachelors,False,True,False,1,True,True,False,True,False
3628,3628,20,True,32.083333333333336,WhiteOnly,81450,HighSchoolOrCollege,True,True,False,1,True,False,False,False,False
3629,3629,20,False,22.08333333333333,BlackOnly,298657,Graduate,False,True,False,1,False,True,True,True,True
3630,3630,20,True,32.083333333333336,PacIslandOnly,365589,Graduate,False,True,False,1,False,True,False,False,False
3631,3631,20,True,27.08333333333333,WhiteOnly,36731,Bachelors,True,False,False,1,False,False,False,False,False
3632,3632,20,False,25.08333333333333,WhiteOnly,157572,Bachelors,True,True,False,1,True,True,False,True,True
3633,3633,20,False,36.083333333333336,BlackOnly,98832,Graduate,False,True,False,1,False,False,True,True,True
3634,3634,20,False,28.08333333333333,WhiteOnly,40565,Graduate,True,False,False,1,True,True,False,False,True
3635,3635,20,False,30.08333333333333,WhiteOnly,215997,Graduate,True,True,False,1,False,True,True,True,True
3636,3636,20,True,56.083333333333336,WhiteOnly,424129,Bachelors,True,True,True,1,True,True,False,False,False
3637,3637,20,False,29.08333333333333,WhiteOnly,84337,Bachelors,True,True,False,1,True,False,False,True,True
3638,3638,20,False,50.083333333333336,Plus2Races,176252,Bachelors,False,True,True,1,False,True,False,True,False
3639,3639,20,True,36.083333333333336,WhiteOnly,25695,Graduate,True,False,False,1,False,False,False,True,True
3640,3640,20,True,30.08333333333333,Plus2Races,76176,Bachelors,False,True,False,1,False,False,True,True,False
3641,3641,20,False,45.083333333333336,BlackOnly,31922,Graduate,False,False,False,1,True,False,False,True,True
3642,3642,20,False,56.083333333333336,WhiteOnly,50407,HighSchoolOrCollege,True,False,True,1,False,False,False,False,False
3643,3643,20,True,30.08333333333333,WhiteOnly,129524,Graduate,True,True,False,1,False,True,False,False,True
3644,3644,20,False,45.083333333333336,WhiteOnly,36594,Graduate,True,False,False,1,False,True,False,True,True
3645,3645,20,True,25.08333333333333,WhiteOnly,29556,Bachelors,True,False,False,1,False,False,False,False,False
3646,3646,20,False,51.083333333333336,WhiteOnly,52154,Bachelors,True,False,True,1,True,False,False,True,False
3647,3647,20,True,29.08333333333333,WhiteOnly,91019,HighSchoolOrCollege,True,True,False,1,False,True,True,False,False
3648,3648,20,False,37.083333333333336,AsianOnly,465442,Bachelors,False,True,False,1,False,True,True,False,True
3649,3649,20,False,34.083333333333336,BlackOnly,81451,Bachelors,False,True,False,1,False,False,True,False,False
3650,3650,20,False,32.083333333333336,WhiteOnly,87830,Bachelors,True,True,False,1,False,True,False,True,False
3651,3651,20,True,28.08333333333333,WhiteOnly,90301,Graduate,True,True,False,1,True,True,True,True,True
3652,3652,20,False,33.083333333333336,BlackOnly,97436,Graduate,False,True,False,1,True,True,False,True,False
3653,3653,20,False,24.08333333333333,BlackOnly,69876,Bachelors,False,False,False,1,False,True,True,True,False
3654,3654,20,False,51.083333333333336,WhiteOnly,86500,Bachelors,True,True,True,1,True,True,False,True,False
3655,3655,20,False,27.08333333333333,WhiteOnly,71466,Bachelors,True,True,False,1,False,False,False,False,True
3656,3656,20,False,19.08333333333333,WhiteOnly,79190,Bachelors,True,True,False,1,False,True,True,False,False
3657,3657,20,False,46.083333333333336,WhiteOnly,424919,Bachelors,True,True,False,1,True,True,False,True,False
3658,3658,20,True,37.083333333333336,WhiteOnly,83217,Bachelors,True,True,False,1,True,False,True,False,True
3659,3659,20,True,50.083333333333336,WhiteOnly,29681,HighSchoolOrCollege,True,False,True,1,True,False,False,False,True
3660,3660,20,False,30.08333333333333,WhiteOnly,457475,HighSchoolOrCollege,True,True,False,1,False,True,False,True,False
3661,3661,20,True,21.08333333333333,WhiteOnly,95004,HighSchoolOrCollege,True,True,False,1,False,True,False,False,False
3662,3662,20,True,33.083333333333336,BlackOnly,43650,Bachelors,False,False,False,1,False,False,False,False,False
3663,3663,20,False,43.083333333333336,WhiteOnly,331831,HighSchoolOrCollege,True,True,False,1,True,True,False,True,False
3664,3664,20,True,26.08333333333333,WhiteOnly,203117,Bachelors,True,True,False,1,True,True,False,False,True
3665,3665,20,True,23.08333333333333,WhiteOnly,160815,HighSchoolOrCollege,True,True,False,1,False,True,False,False,False
3666,3666,20,False,64.08333333333333,AsianOnly,49590,Graduate,False,False,True,1,False,False,True,True,True
3667,3667,20,False,41.083333333333336,BlackOnly,46740,HighSchoolOrCollege,False,False,False,1,False,True,False,True,False
3668,3668,20,True,29.08333333333333,BlackOnly,66216,Bachelors,False,False,False,1,False,True,False,False,True
3669,3669,20,True,45.083333333333336,Plus2Races,57854,HighSchoolOrCollege,False,False,False,1,False,True,False,False,False
3670,3670,20,True,47.083333333333336,WhiteOnly,46281,Bachelors,True,False,False,1,True,True,False,False,True
3671,3671,20,False,26.08333333333333,WhiteOnly,151539,Bachelors,True,True,False,1,True,True,False,False,False
3672,3672,20,True,24.08333333333333,BlackOnly,68404,Graduate,False,False,False,1,False,False,False,False,True
3673,3673,20,False,43.083333333333336,BlackOnly,463231,HighSchoolOrCollege,False,True,False,1,False,True,True,True,False
3674,3674,20,False,47.083333333333336,WhiteOnly,95597,HighSchoolOrCollege,True,True,False,1,True,True,False,True,True
3675,3675,20,False,16.083333333333332,Other,83296,Bachelors,False,True,False,1,False,False,False,False,False
3676,3676,20,True,40.083333333333336,WhiteOnly,54361,Low,True,False,False,1,True,False,False,True,True
3677,3677,20,False,33.083333333333336,WhiteOnly,87581,Bachelors,True,True,False,1,False,True,False,True,False
3678,3678,20,False,27.08333333333333,BlackOnly,445760,Graduate,False,True,False,1,True,True,False,True,True
3679,3679,20,True,44.083333333333336,WhiteOnly,60209,Bachelors,True,False,False,1,False,False,True,False,True
3680,3680,20,True,53.083333333333336,WhiteOnly,26682,HighSchoolOrCollege,True,False,True,1,False,False,False,True,True
3681,3681,20,False,36.083333333333336,BlackOnly,211305,HighSchoolOrCollege,False,True,False,1,True,True,False,True,False
3682,3682,20,False,47.083333333333336,WhiteOnly,451947,Graduate,True,True,False,1,True,False,False,False,True
3683,3683,20,False,48.083333333333336,Plus2Races,84040,Graduate,False,True,False,1,False,False,False,True,True
3684,3684,20,False,25.08333333333333,BlackOnly,188411,Graduate,False,True,False,1,False,False,False,True,False
3685,3685,20,False,26.08333333333333,WhiteOnly,285866,Bachelors,True,True,False,1,False,True,False,False,True
3686,3686,20,False,28.08333333333333,BlackOnly,52223,HighSchoolOrCollege,False,False,False,1,False,False,False,True,True
3687,3687,20,True,54.083333333333336,WhiteOnly,425357,HighSchoolOrCollege,True,True,True,1,True,True,False,True,False
3688,3688,20,True,38.083333333333336,BlackOnly,59189,Graduate,False,False,False,1,False,True,False,True,True
3689,3689,20,False,42.083333333333336,WhiteOnly,314544,Graduate,True,True,False,1,False,False,False,True,True
3690,3690,20,False,38.083333333333336,BlackOnly,47807,Graduate,False,False,False,1,True,False,False,False,False
3691,3691,20,False,20.08333333333333,BlackOnly,457725,Bachelors,False,True,False,1,False,True,True,True,True
3692,3692,20,False,26.08333333333333,Plus2Races,40575,Bachelors,False,False,False,1,True,False,True,False,True
3693,3693,20,True,32.083333333333336,WhiteOnly,474266,Low,True,True,False,1,False,True,False,False,False
3694,3694,20,True,38.083333333333336,AsianOnly,417066,Graduate,False,True,False,1,True,True,True,True,False
3695,3695,20,True,38.083333333333336,WhiteOnly,125887,Bachelors,True,True,False,1,True,True,True,False,True
3696,3696,20,True,16.083333333333332,BlackOnly,86068,HighSchoolOrCollege,False,True,False,1,False,True,False,False,False
3697,3697,20,True,26.08333333333333,BlackOnly,30981,HighSchoolOrCollege,False,False,False,1,False,False,True,False,False
3698,3698,20,True,27.08333333333333,WhiteOnly,93607,Bachelors,True,True,False,1,True,True,False,False,True
3699,3699,20,True,41.083333333333336,WhiteOnly,419691,HighSchoolOrCollege,True,True,False,1,True,True,True,False,True
3700,3700,20,False,25.08333333333333,BlackOnly,36521,Graduate,False,False,False,1,False,False,False,True,False
3701,3701,20,True,43.083333333333336,BlackOnly,273462,Graduate,False,True,False,1,True,True,True,False,True
3702,3702,20,True,29.08333333333333,WhiteOnly,37145,Graduate,True,False,False,1,False,True,True,False,True
3703,3703,20,True,34.083333333333336,Plus2Races,67044,Graduate,False,False,False,1,False,False,True,False,True
3704,3704,20,False,41.083333333333336,WhiteOnly,90477,HighSchoolOrCollege,True,True,False,1,False,True,True,True,True
3705,3705,20,False,38.083333333333336,Other,94020,Bachelors,False,True,False,1,False,False,False,True,True
3706,3706,20,True,33.083333333333336,WhiteOnly,93867,Graduate,True,True,False,1,False,True,True,False,True
3707,3707,20,False,50.083333333333336,WhiteOnly,35124,Graduate,True,False,True,1,True,True,False,True,True
3708,3708,20,False,47.083333333333336,WhiteOnly,82553,HighSchoolOrCollege,True,True,False,1,True,True,False,False,False
3709,3709,20,True,23.08333333333333,WhiteOnly,58496,Bachelors,True,False,False,1,True,True,True,False,False
3710,3710,20,True,34.083333333333336,BlackOnly,34370,Bachelors,False,False,False,1,False,True,False,True,False
3711,3711,20,True,35.083333333333336,WhiteOnly,482548,Graduate,True,True,False,1,True,True,False,False,True
3712,3712,20,True,30.08333333333333,BlackOnly,83519,Graduate,False,True,False,1,False,True,False,False,True
3713,3713,20,False,35.083333333333336,WhiteOnly,91462,Bachelors,True,True,False,1,False,True,False,False,True
3714,3714,20,False,30.08333333333333,Plus2Races,52632,HighSchoolOrCollege,False,False,False,1,False,True,False,True,False
3715,3715,20,False,40.083333333333336,WhiteOnly,92859,Graduate,True,True,False,1,False,True,False,True,False
3716,3716,20,False,40.083333333333336,WhiteOnly,42757,Graduate,True,False,False,1,True,True,False,False,False
3717,3717,20,False,47.083333333333336,WhiteOnly,128219,Graduate,True,True,False,1,True,True,True,True,True
3718,3718,20,False,48.083333333333336,BlackOnly,82508,Graduate,False,True,False,1,True,True,False,True,True
3719,3719,20,True,52.083333333333336,WhiteOnly,78980,HighSchoolOrCollege,True,True,True,1,True,True,True,False,False
3720,3720,20,True,44.083333333333336,Plus2Races,205009,HighSchoolOrCollege,False,True,False,1,True,True,True,True,True
3721,3721,20,False,28.08333333333333,WhiteOnly,98735,Graduate,True,True,False,1,True,True,False,True,False
3722,3722,20,False,35.083333333333336,Plus2Races,331293,HighSchoolOrCollege,False,True,False,1,True,True,False,True,False
3723,3723,20,False,43.083333333333336,WhiteOnly,98786,Bachelors,True,True,False,1,True,True,True,False,False
3724,3724,20,False,22.08333333333333,WhiteOnly,85612,Bachelors,True,True,False,1,True,False,True,True,False
3725,3725,20,True,44.083333333333336,AsianOnly,310379,Graduate,False,True,False,1,True,True,True,True,True
3726,3726,20,False,27.08333333333333,Plus2Races,246846,Graduate,False,True,False,1,True,True,True,True,False
3727,3727,20,True,44.083333333333336,WhiteOnly,94700,Bachelors,True,True,False,1,False,True,False,False,False
3728,3728,20,False,40.083333333333336,BlackOnly,30736,Bachelors,False,False,False,1,False,False,False,False,False
3729,3729,20,False,37.083333333333336,BlackOnly,65009,Graduate,False,False,False,1,True,False,True,True,False
3730,3730,20,True,28.08333333333333,WhiteOnly,98736,HighSchoolOrCollege,True,True,False,1,True,True,False,False,True
3731,3731,20,True,41.083333333333336,BlackOnly,91299,Bachelors,False,True,False,1,False,True,True,False,True
3732,3732,20,True,36.083333333333336,WhiteOnly,241227,Bachelors,True,True,False,1,False,True,False,False,True
3733,3733,20,True,55.083333333333336,WhiteOnly,280368,Bachelors,True,True,True,1,True,True,False,False,False
3734,3734,20,False,31.08333333333333,WhiteOnly,86813,HighSchoolOrCollege,True,True,False,1,False,True,False,True,False
3735,3735,20,True,32.083333333333336,WhiteOnly,113433,HighSchoolOrCollege,True,True,False,1,True,True,True,False,False
3736,3736,20,True,40.083333333333336,BlackOnly,370244,Graduate,False,True,False,1,False,False,True,False,True
3737,3737,20,True,31.08333333333333,Plus2Races,360502,Graduate,False,True,False,1,False,True,True,True,False
3738,3738,20,True,27.08333333333333,WhiteOnly,68656,HighSchoolOrCollege,True,False,False,1,True,False,False,False,False
3739,3739,20,True,48.083333333333336,WhiteOnly,318329,Bachelors,True,True,False,1,True,True,False,True,False
3740,3740,20,False,54.083333333333336,BlackOnly,57403,Graduate,False,False,True,1,True,False,False,True,True
3741,3741,20,False,28.08333333333333,BlackOnly,82046,Graduate,False,True,False,1,False,True,True,True,True
3742,3742,20,True,60.083333333333336,WhiteOnly,187856,Bachelors,True,True,True,1,True,True,True,False,False
3743,3743,20,True,27.08333333333333,BlackOnly,283108,HighSchoolOrCollege,False,True,False,1,False,True,True,False,False
3744,3744,20,False,36.083333333333336,WhiteOnly,483947,Graduate,True,True,False,1,True,False,False,True,True
3745,3745,20,False,31.08333333333333,WhiteOnly,99554,Graduate,True,True,False,1,False,False,True,False,False
3746,3746,20,False,37.083333333333336,WhiteOnly,26092,Bachelors,True,False,False,1,False,False,False,True,True
3747,3747,20,True,34.083333333333336,BlackOnly,89399,Bachelors,False,True,False,1,False,False,False,True,True
3748,3748,20,True,39.083333333333336,WhiteOnly,48184,Graduate,True,False,False,1,True,False,False,False,True
3749,3749,20,True,32.083333333333336,BlackOnly,96407,HighSchoolOrCollege,False,True,False,1,True,True,True,False,True
3750,3750,20,True,47.083333333333336,WhiteOnly,69198,Graduate,True,False,False,1,False,True,True,True,False
3751,3751,20,True,39.083333333333336,AsianOnly,300831,HighSchoolOrCollege,False,True,False,1,False,False,True,True,False
3752,3752,20,False,37.083333333333336,WhiteOnly,208802,Graduate,True,True,False,1,False,True,True,False,False
3753,3753,20,False,28.08333333333333,Plus2Races,89573,HighSchoolOrCollege,False,True,False,1,False,False,False,True,True
3754,3754,20,True,62.083333333333336,WhiteOnly,310498,HighSchoolOrCollege,True,True,True,1,True,True,False,True,False
3755,3755,20,True,29.08333333333333,WhiteOnly,53407,Bachelors,True,False,False,1,True,False,False,True,True
3756,3756,20,False,34.083333333333336,AsianOnly,344658,HighSchoolOrCollege,False,True,False,1,False,True,True,True,False
3757,3757,20,True,48.083333333333336,WhiteOnly,76702,HighSchoolOrCollege,True,True,False,1,True,True,False,True,False
3758,3758,20,True,28.08333333333333,WhiteOnly,34245,Bachelors,True,False,False,1,True,True,False,True,True
3759,3759,20,True,31.08333333333333,WhiteOnly,66014,Bachelors,True,False,False,1,False,False,False,True,False
3760,3760,20,False,29.08333333333333,WhiteOnly,73882,Bachelors,True,True,False,1,False,True,False,False,True
3761,3761,20,True,37.083333333333336,WhiteOnly,38228,Graduate,True,False,False,1,True,False,False,False,True
3762,3762,20,True,32.083333333333336,Other,258984,Graduate,False,True,False,1,False,True,False,True,False
3763,3763,20,True,29.08333333333333,BlackOnly,53476,Bachelors,False,False,False,1,False,True,True,True,True
3764,3764,20,True,26.08333333333333,BlackOnly,48895,Bachelors,False,False,False,1,False,True,True,True,True
3765,3765,20,False,36.083333333333336,Plus2Races,150197,Graduate,False,True,False,1,False,True,True,True,True
3766,3766,20,False,51.083333333333336,WhiteOnly,83868,HighSchoolOrCollege,True,True,True,1,True,True,True,True,False
3767,3767,20,False,31.08333333333333,WhiteOnly,95683,Bachelors,True,True,False,1,True,True,False,True,False
3768,3768,20,False,31.08333333333333,WhiteOnly,78216,HighSchoolOrCollege,True,True,False,1,True,True,False,False,False
3769,3769,20,True,45.083333333333336,AsianOnly,53088,HighSchoolOrCollege,False,False,False,1,True,True,True,True,False
3770,3770,20,False,29.08333333333333,Plus2Races,92765,Graduate,False,True,False,1,True,False,True,False,True
3771,3771,20,False,46.083333333333336,BlackOnly,259095,HighSchoolOrCollege,False,True,False,1,True,True,False,False,False
3772,3772,20,True,43.083333333333336,WhiteOnly,79230,Bachelors,True,True,False,1,False,True,True,True,False
3773,3773,20,True,49.083333333333336,BlackOnly,37398,Graduate,False,False,False,1,True,False,True,True,True
3774,3774,20,True,47.083333333333336,WhiteOnly,75193,Graduate,True,True,False,1,True,False,False,False,False
3775,3775,20,False,41.083333333333336,BlackOnly,83264,Bachelors,False,True,False,1,False,True,False,True,True
3776,3776,21,True,47.083333333333336,BlackOnly,132677,Bachelors,False,True,False,1,False,False,True,False,True
3777,3777,21,False,59.083333333333336,WhiteOnly,20223,Bachelors,True,False,True,1,True,False,False,True,False
3778,3778,21,False,37.083333333333336,Plus2Races,239336,Graduate,False,True,False,1,True,True,False,False,True
3779,3779,21,True,58.083333333333336,WhiteOnly,126517,HighSchoolOrCollege,True,True,True,1,True,False,False,False,True
3780,3780,21,False,21.08333333333333,WhiteOnly,121669,Bachelors,True,True,False,1,False,True,True,False,True
3781,3781,21,False,50.083333333333336,BlackOnly,321565,HighSchoolOrCollege,False,True,True,1,False,True,False,False,False
3782,3782,21,False,32.083333333333336,BlackOnly,90151,Graduate,False,True,False,1,True,True,True,True,True
3783,3783,21,False,48.083333333333336,WhiteOnly,493862,Bachelors,True,True,False,1,True,False,False,True,False
3784,3784,21,False,20.08333333333333,WhiteOnly,67478,HighSchoolOrCollege,True,False,False,1,False,False,True,True,True
3785,3785,21,True,53.083333333333336,WhiteOnly,335941,HighSchoolOrCollege,True,True,True,1,True,True,True,True,False
3786,3786,21,False,56.083333333333336,BlackOnly,28315,Bachelors,False,False,True,1,False,False,False,True,True
3787,3787,21,False,37.083333333333336,WhiteOnly,54362,Bachelors,True,False,False,1,True,False,False,True,False
3788,3788,21,False,33.083333333333336,Other,104443,Bachelors,False,True,False,1,True,True,False,True,True
3789,3789,21,False,43.083333333333336,WhiteOnly,132943,Bachelors,True,True,False,1,True,False,False,False,False
3790,3790,21,False,39.083333333333336,WhiteOnly,470389,Graduate,True,True,False,1,False,True,False,True,False
3791,3791,21,True,32.083333333333336,WhiteOnly,61782,Graduate,True,False,False,1,True,False,False,True,True
3792,3792,21,True,25.08333333333333,WhiteOnly,66562,Graduate,True,False,False,1,True,False,False,True,True
3793,3793,21,True,48.083333333333336,WhiteOnly,43357,HighSchoolOrCollege,True,False,False,1,False,True,False,False,False
3794,3794,21,True,38.083333333333336,WhiteOnly,421727,HighSchoolOrCollege,True,True,False,1,False,True,False,False,True
3795,3795,21,True,41.083333333333336,WhiteOnly,60367,Bachelors,True,False,False,1,True,True,False,True,True
3796,3796,21,True,33.083333333333336,WhiteOnly,426497,HighSchoolOrCollege,True,True,False,1,False,True,False,True,False
3797,3797,21,False,37.083333333333336,BlackOnly,369098,HighSchoolOrCollege,False,True,False,1,False,True,False,True,False
3798,3798,21,False,32.083333333333336,WhiteOnly,53077,Graduate,True,False,False,1,False,False,False,True,True
3799,3799,21,False,42.083333333333336,WhiteOnly,23241,Graduate,True,False,False,1,False,False,False,True,True
3800,3800,21,False,53.083333333333336,WhiteOnly,174210,Bachelors,True,True,True,1,True,True,True,True,False
3801,3801,21,True,38.083333333333336,BlackOnly,380460,Graduate,False,True,False,1,False,True,True,True,True
3802,3802,21,False,40.083333333333336,WhiteOnly,63725,HighSchoolOrCollege,True,False,False,1,True,False,True,True,False
3803,3803,21,True,35.083333333333336,WhiteOnly,88572,Bachelors,True,True,False,1,False,False,True,False,False
3804,3804,21,False,33.083333333333336,BlackOnly,31056,Bachelors,False,False,False,1,True,False,False,True,True
3805,3805,21,False,31.08333333333333,WhiteOnly,468308,Bachelors,True,True,False,1,True,True,False,True,True
3806,3806,21,True,33.083333333333336,WhiteOnly,359704,HighSchoolOrCollege,True,True,False,1,True,True,True,True,True
3807,3807,21,True,37.083333333333336,BlackOnly,113622,Graduate,False,True,False,1,False,True,True,True,True
3808,3808,21,True,34.083333333333336,BlackOnly,171953,Graduate,False,True,False,1,False,False,True,True,True
3809,3809,21,False,30.08333333333333,WhiteOnly,10971,Bachelors,True,False,False,1,True,False,True,True,False
3810,3810,21,True,37.083333333333336,WhiteOnly,89383,Bachelors,True,True,False,1,False,True,True,False,True
3811,3811,21,True,31.08333333333333,WhiteOnly,79885,Bachelors,True,True,False,1,False,True,True,False,True
3812,3812,21,True,38.083333333333336,BlackOnly,86268,Graduate,False,True,False,1,True,False,False,True,True
3813,3813,21,False,59.083333333333336,WhiteOnly,67981,Bachelors,True,False,True,1,True,False,False,False,False
3814,3814,21,True,43.083333333333336,WhiteOnly,311553,Bachelors,True,True,False,1,False,True,False,True,False
3815,3815,21,False,34.083333333333336,Plus2Races,199315,Bachelors,False,True,False,1,True,False,False,True,False
3816,3816,21,True,38.083333333333336,BlackOnly,44706,Bachelors,False,False,False,1,False,True,False,False,False
3817,3817,21,True,43.083333333333336,Plus2Races,68871,Graduate,False,False,False,1,False,False,False,True,False
3818,3818,21,False,59.083333333333336,WhiteOnly,355593,Graduate,True,True,True,1,True,True,False,False,True
3819,3819,21,False,26.08333333333333,BlackOnly,91170,Bachelors,False,True,False,1,True,True,True,True,False
3820,3820,21,False,31.08333333333333,WhiteOnly,148582,Graduate,True,True,False,1,True,True,True,True,True
3821,3821,21,False,22.08333333333333,BlackOnly,272721,Graduate,False,True,False,1,True,True,True,True,False
3822,3822,21,False,37.083333333333336,WhiteOnly,454482,Bachelors,True,True,False,1,False,True,False,True,False
3823,3823,21,False,33.083333333333336,BlackOnly,85440,Bachelors,False,True,False,1,False,False,False,False,False
3824,3824,21,True,32.083333333333336,WhiteOnly,61399,Bachelors,True,False,False,1,False,False,False,False,True
3825,3825,21,False,32.083333333333336,WhiteOnly,74454,HighSchoolOrCollege,True,True,False,1,True,True,True,False,False
3826,3826,21,True,34.083333333333336,WhiteOnly,141117,Bachelors,True,True,False,1,False,False,False,False,True
3827,3827,21,True,39.083333333333336,WhiteOnly,57322,Graduate,True,False,False,1,False,False,True,False,True
3828,3828,21,False,42.083333333333336,WhiteOnly,65363,HighSchoolOrCollege,True,False,False,1,False,True,True,False,False
3829,3829,21,False,21.08333333333333,Plus2Races,468977,Bachelors,False,True,False,1,False,True,True,True,False
3830,3830,21,False,34.083333333333336,WhiteOnly,474743,Bachelors,True,True,False,1,False,False,True,True,True
3831,3831,21,False,32.083333333333336,WhiteOnly,58042,Bachelors,True,False,False,1,True,True,False,True,True
3832,3832,21,False,42.083333333333336,WhiteOnly,25651,Graduate,True,False,False,1,False,False,False,True,True
3833,3833,21,True,49.083333333333336,WhiteOnly,71264,Bachelors,True,True,False,1,False,True,False,True,False
3834,3834,21,True,29.08333333333333,AsianOnly,348981,Graduate,False,True,False,1,False,False,True,False,True
3835,3835,21,False,39.083333333333336,BlackOnly,78163,Graduate,False,True,False,1,True,True,True,True,False
3836,3836,21,False,32.083333333333336,WhiteOnly,88210,HighSchoolOrCollege,True,True,False,1,True,True,True,True,True
3837,3837,21,True,37.083333333333336,Plus2Races,93330,Bachelors,False,True,False,1,True,True,False,False,True
3838,3838,21,False,18.08333333333333,WhiteOnly,61409,Bachelors,True,False,False,1,True,False,False,True,True
3839,3839,21,False,29.08333333333333,WhiteOnly,270689,Bachelors,True,True,False,1,False,True,True,False,True
3840,3840,21,True,32.083333333333336,BlackOnly,478903,Graduate,False,True,False,1,True,False,True,False,True
3841,3841,21,True,47.083333333333336,WhiteOnly,98946,HighSchoolOrCollege,True,True,False,1,False,True,False,False,False
3842,3842,21,True,22.08333333333333,BlackOnly,374092,Bachelors,False,True,False,1,True,True,False,False,True
3843,3843,21,False,38.083333333333336,BlackOnly,105843,Graduate,False,True,False,1,False,True,False,True,True
3844,3844,21,False,49.083333333333336,WhiteOnly,146033,Graduate,True,True,False,1,True,False,False,True,True
3845,3845,21,False,22.08333333333333,WhiteOnly,66740,Bachelors,True,False,False,1,True,False,True,False,True
3846,3846,21,False,43.083333333333336,BlackOnly,146947,HighSchoolOrCollege,False,True,False,1,True,True,True,False,False
3847,3847,21,False,27.08333333333333,BlackOnly,46122,Graduate,False,False,False,1,True,False,True,True,True
3848,3848,21,True,36.083333333333336,BlackOnly,311096,Bachelors,False,True,False,1,False,True,True,True,False
3849,3849,21,True,62.083333333333336,WhiteOnly,50268,Bachelors,True,False,True,1,True,False,False,False,False
3850,3850,21,False,39.083333333333336,WhiteOnly,13244,Graduate,True,False,False,1,False,False,True,True,True
3851,3851,21,False,28.08333333333333,WhiteOnly,63144,Graduate,True,False,False,1,True,False,False,True,False
3852,3852,21,True,29.08333333333333,WhiteOnly,265064,Graduate,True,True,False,1,True,True,False,False,False
3853,3853,21,True,22.08333333333333,BlackOnly,39859,Bachelors,False,False,False,1,False,False,False,False,False
3854,3854,21,False,57.083333333333336,WhiteOnly,215775,Bachelors,True,True,True,1,True,True,False,True,True
3855,3855,21,True,26.08333333333333,WhiteOnly,31196,Bachelors,True,False,False,1,True,False,True,True,False
3856,3856,21,True,29.08333333333333,AsianOnly,439751,Bachelors,False,True,False,1,False,False,True,False,False
3857,3857,21,False,41.083333333333336,BlackOnly,40627,Bachelors,False,False,False,1,True,True,False,False,False
3858,3858,21,False,36.083333333333336,WhiteOnly,478432,Graduate,True,True,False,1,False,True,False,True,True
3859,3859,21,False,20.08333333333333,WhiteOnly,75610,HighSchoolOrCollege,True,True,False,1,False,True,True,True,True
3860,3860,21,False,37.083333333333336,Plus2Races,61435,Bachelors,False,False,False,1,False,True,True,True,True
3861,3861,21,False,16.083333333333332,WhiteOnly,235312,Graduate,True,True,False,1,True,False,True,True,True
3862,3862,21,False,19.08333333333333,BlackOnly,78065,Bachelors,False,True,False,1,True,False,False,False,False
3863,3863,21,False,39.083333333333336,BlackOnly,70165,Graduate,False,True,False,1,False,True,True,True,True
3864,3864,21,False,33.083333333333336,WhiteOnly,92742,HighSchoolOrCollege,True,True,False,1,False,True,True,True,False
3865,3865,21,False,34.083333333333336,WhiteOnly,77295,Low,True,True,False,1,False,True,False,False,False
3866,3866,21,False,43.083333333333336,WhiteOnly,482610,Graduate,True,True,False,1,False,True,True,True,True
3867,3867,21,False,44.083333333333336,BlackOnly,57959,HighSchoolOrCollege,False,False,False,1,True,False,False,True,False
3868,3868,21,False,34.083333333333336,BlackOnly,86275,HighSchoolOrCollege,False,True,False,1,True,True,True,True,False
3869,3869,21,False,38.083333333333336,WhiteOnly,62240,Graduate,True,False,False,1,True,True,False,True,True
3870,3870,21,False,23.08333333333333,BlackOnly,235738,Graduate,False,True,False,1,False,False,False,True,True
3871,3871,21,False,25.08333333333333,WhiteOnly,383253,HighSchoolOrCollege,True,True,False,1,True,True,False,False,False
3872,3872,21,True,48.083333333333336,AsianOnly,16097,Graduate,False,False,False,1,False,False,True,False,True
3873,3873,21,False,43.083333333333336,BlackOnly,91373,Graduate,False,True,False,1,False,False,False,False,True
3874,3874,21,False,19.08333333333333,BlackOnly,72117,Graduate,False,True,False,1,False,False,True,True,False
3875,3875,21,True,48.083333333333336,WhiteOnly,28590,Bachelors,True,False,False,1,True,False,False,False,False
3876,3876,21,False,57.083333333333336,WhiteOnly,11836,Bachelors,True,False,True,1,True,True,True,True,False
3877,3877,21,False,46.083333333333336,BlackOnly,315578,Graduate,False,True,False,1,True,True,False,True,True
3878,3878,21,False,49.083333333333336,BlackOnly,81630,Bachelors,False,True,False,1,True,True,True,True,False
3879,3879,21,True,30.08333333333333,WhiteOnly,81450,HighSchoolOrCollege,True,True,False,1,False,True,False,False,False
3880,3880,21,False,29.08333333333333,BlackOnly,298657,Graduate,False,True,False,1,True,True,False,True,True
3881,3881,21,True,37.083333333333336,BlackOnly,365589,Graduate,False,True,False,1,True,False,True,True,True
3882,3882,21,True,33.083333333333336,WhiteOnly,16731,Graduate,True,False,False,1,False,False,False,True,False
3883,3883,21,False,31.08333333333333,WhiteOnly,157572,Graduate,True,True,False,1,True,False,False,True,True
3884,3884,21,False,38.083333333333336,BlackOnly,98832,Graduate,False,True,False,1,False,True,False,False,True
3885,3885,21,False,34.083333333333336,WhiteOnly,10565,Graduate,True,False,False,1,False,False,True,True,True
3886,3886,21,False,36.083333333333336,WhiteOnly,215997,Graduate,True,True,False,1,False,True,False,True,True
3887,3887,21,True,58.083333333333336,WhiteOnly,424129,Bachelors,True,True,True,1,False,True,False,False,True
3888,3888,21,False,30.08333333333333,WhiteOnly,84337,Bachelors,True,True,False,1,True,True,False,True,True
3889,3889,21,False,58.083333333333336,Plus2Races,176252,Bachelors,False,True,True,1,True,True,False,True,False
3890,3890,21,True,41.083333333333336,WhiteOnly,15695,Graduate,True,False,False,1,True,False,True,True,False
3891,3891,21,True,34.083333333333336,Plus2Races,76176,Bachelors,False,True,False,1,True,True,True,False,True
3892,3892,21,False,54.083333333333336,BlackOnly,21922,Graduate,False,False,True,1,True,True,False,True,True
3893,3893,21,False,55.083333333333336,WhiteOnly,50407,HighSchoolOrCollege,True,False,True,1,True,False,False,False,False
3894,3894,21,True,38.083333333333336,WhiteOnly,129524,Graduate,True,True,False,1,True,False,False,True,False
3895,3895,21,False,48.083333333333336,WhiteOnly,36594,Graduate,True,False,False,1,False,False,False,False,True
3896,3896,21,True,28.08333333333333,WhiteOnly,19556,Bachelors,True,False,False,1,True,False,False,True,True
3897,3897,21,False,57.083333333333336,WhiteOnly,52154,Bachelors,True,False,True,1,True,False,False,True,True
3898,3898,21,True,33.083333333333336,WhiteOnly,441019,HighSchoolOrCollege,True,True,False,1,False,True,False,False,True
3899,3899,21,False,41.083333333333336,BlackOnly,465442,Bachelors,False,True,False,1,False,True,False,False,True
3900,3900,21,False,30.08333333333333,BlackOnly,81451,Graduate,False,True,False,1,True,False,False,False,True
3901,3901,21,False,35.083333333333336,WhiteOnly,62830,Bachelors,True,False,False,1,False,False,False,True,True
3902,3902,21,True,34.083333333333336,WhiteOnly,190301,Graduate,True,True,False,1,False,False,False,False,True
3903,3903,21,False,36.083333333333336,BlackOnly,97436,Graduate,False,True,False,1,False,True,False,False,True
3904,3904,21,False,20.08333333333333,BlackOnly,69876,Graduate,False,False,False,1,False,True,False,False,True
3905,3905,21,False,50.083333333333336,WhiteOnly,136500,Bachelors,True,True,True,1,True,True,False,True,True
3906,3906,21,False,32.083333333333336,WhiteOnly,71466,Bachelors,True,True,False,1,False,False,False,True,False
3907,3907,21,False,17.083333333333332,WhiteOnly,129190,Bachelors,True,True,False,1,True,True,True,False,False
3908,3908,21,False,49.083333333333336,WhiteOnly,424919,Bachelors,True,True,False,1,True,False,True,True,False
3909,3909,21,True,41.083333333333336,WhiteOnly,258217,Bachelors,True,True,False,1,False,True,False,False,False
3910,3910,21,True,59.083333333333336,WhiteOnly,24681,HighSchoolOrCollege,True,False,True,1,True,True,False,False,False
3911,3911,21,False,38.083333333333336,WhiteOnly,457475,Bachelors,True,True,False,1,False,True,False,True,False
3912,3912,21,True,21.08333333333333,WhiteOnly,95004,HighSchoolOrCollege,True,True,False,1,False,True,False,False,False
3913,3913,21,True,38.083333333333336,BlackOnly,13650,Bachelors,False,False,False,1,True,False,False,True,True
3914,3914,21,False,42.083333333333336,WhiteOnly,331831,Bachelors,True,True,False,1,True,True,True,True,False
3915,3915,21,True,31.08333333333333,WhiteOnly,203117,Graduate,True,True,False,1,True,True,False,False,True
3916,3916,21,True,19.08333333333333,WhiteOnly,160815,Bachelors,True,True,False,1,False,True,True,True,True
3917,3917,21,False,64.08333333333333,BlackOnly,49590,Graduate,False,False,True,1,True,False,False,False,False
3918,3918,21,False,45.083333333333336,BlackOnly,46740,HighSchoolOrCollege,False,False,False,1,False,False,True,True,False
3919,3919,21,True,29.08333333333333,BlackOnly,66216,Graduate,False,False,False,1,True,False,True,True,False
3920,3920,21,True,50.083333333333336,Plus2Races,57854,HighSchoolOrCollege,False,False,True,1,True,False,False,False,True
3921,3921,21,True,54.083333333333336,WhiteOnly,46281,Bachelors,True,False,True,1,True,False,True,False,False
3922,3922,21,False,31.08333333333333,WhiteOnly,151539,Bachelors,True,True,False,1,False,True,False,True,True
3923,3923,21,True,21.08333333333333,WhiteOnly,68404,Graduate,True,False,False,1,False,False,False,False,True
3924,3924,21,False,41.083333333333336,BlackOnly,463231,HighSchoolOrCollege,False,True,False,1,True,True,False,True,False
3925,3925,21,False,47.083333333333336,WhiteOnly,420597,HighSchoolOrCollege,True,True,False,1,False,False,True,False,False
3926,3926,21,False,15.083333333333334,BlackOnly,83296,Bachelors,False,True,False,1,False,False,False,False,True
3927,3927,21,True,47.083333333333336,WhiteOnly,54361,HighSchoolOrCollege,True,False,False,1,False,False,False,False,True
3928,3928,21,False,38.083333333333336,WhiteOnly,262581,Bachelors,True,True,False,1,False,False,False,True,True
3929,3929,21,False,34.083333333333336,BlackOnly,445760,Graduate,False,True,False,1,True,True,True,True,True
3930,3930,21,True,48.083333333333336,WhiteOnly,60209,Bachelors,True,False,False,1,True,True,False,True,True
3931,3931,21,True,53.083333333333336,WhiteOnly,26682,HighSchoolOrCollege,True,False,True,1,False,False,False,False,True
3932,3932,21,False,40.083333333333336,BlackOnly,211305,HighSchoolOrCollege,False,True,False,1,True,True,False,True,True
3933,3933,21,False,51.083333333333336,WhiteOnly,451947,Graduate,True,True,True,1,True,True,False,True,True
3934,3934,21,False,51.083333333333336,AsianOnly,459040,Graduate,False,True,True,1,True,True,False,True,True
3935,3935,21,False,30.08333333333333,BlackOnly,188411,Graduate,False,True,False,1,True,True,True,False,True
3936,3936,21,False,28.08333333333333,WhiteOnly,285866,Graduate,True,True,False,1,False,True,False,True,True
3937,3937,21,False,29.08333333333333,BlackOnly,52223,HighSchoolOrCollege,False,False,False,1,True,False,False,True,False
3938,3938,21,True,56.083333333333336,WhiteOnly,425357,Bachelors,True,True,True,1,False,False,False,True,True
3939,3939,21,True,36.083333333333336,BlackOnly,59189,Graduate,False,False,False,1,True,True,False,False,True
3940,3940,21,False,47.083333333333336,WhiteOnly,314544,Graduate,True,True,False,1,True,False,False,True,True
3941,3941,21,False,43.083333333333336,BlackOnly,47807,Graduate,False,False,False,1,True,True,False,True,True
3942,3942,21,False,19.08333333333333,BlackOnly,457725,Bachelors,False,True,False,1,False,False,False,True,True
3943,3943,21,False,26.08333333333333,Plus2Races,40575,Graduate,False,False,False,1,True,True,True,True,True
3944,3944,21,True,39.083333333333336,WhiteOnly,474266,HighSchoolOrCollege,True,True,False,1,True,True,False,False,True
3945,3945,21,True,44.083333333333336,BlackOnly,417066,Graduate,False,True,False,1,False,True,False,False,True
3946,3946,21,True,40.083333333333336,WhiteOnly,125887,Bachelors,True,True,False,1,True,True,False,True,False
3947,3947,21,True,19.08333333333333,BlackOnly,86068,Bachelors,False,True,False,1,True,False,True,True,False
3948,3948,21,True,30.08333333333333,BlackOnly,30981,HighSchoolOrCollege,False,False,False,1,True,False,False,True,False
3949,3949,21,True,25.08333333333333,WhiteOnly,143607,Bachelors,True,True,False,1,False,True,False,False,True
3950,3950,21,True,40.083333333333336,WhiteOnly,419691,HighSchoolOrCollege,True,True,False,1,False,True,False,True,False
3951,3951,21,False,30.08333333333333,BlackOnly,21521,Graduate,False,False,False,1,True,False,True,False,True
3952,3952,21,True,47.083333333333336,BlackOnly,273462,Graduate,False,True,False,1,True,False,True,False,True
3953,3953,21,True,33.083333333333336,WhiteOnly,17145,Graduate,True,False,False,1,False,False,False,False,False
3954,3954,21,True,34.083333333333336,Plus2Races,42044,Graduate,False,False,False,1,False,True,False,True,False
3955,3955,21,False,45.083333333333336,WhiteOnly,90477,Bachelors,True,True,False,1,True,False,False,True,True
3956,3956,21,False,44.083333333333336,BlackOnly,94020,Bachelors,False,True,False,1,False,True,True,True,True
3957,3957,21,True,36.083333333333336,WhiteOnly,93867,Graduate,True,True,False,1,True,True,False,True,True
3958,3958,21,False,55.083333333333336,WhiteOnly,35124,Graduate,True,False,True,1,True,True,True,True,True
3959,3959,21,False,47.083333333333336,WhiteOnly,457553,HighSchoolOrCollege,True,True,False,1,False,True,False,True,False
3960,3960,21,True,16.083333333333332,WhiteOnly,33496,Bachelors,True,False,False,1,False,False,True,False,False
3961,3961,21,True,37.083333333333336,BlackOnly,34370,Bachelors,False,False,False,1,False,True,False,False,True
3962,3962,21,True,38.083333333333336,WhiteOnly,482548,Graduate,True,True,False,1,True,False,False,False,False
3963,3963,21,True,38.083333333333336,BlackOnly,83519,Graduate,False,True,False,1,False,True,False,False,True
3964,3964,21,False,40.083333333333336,WhiteOnly,391462,Graduate,True,True,False,1,True,True,True,True,False
3965,3965,21,False,37.083333333333336,Plus2Races,52632,Bachelors,False,False,False,1,True,True,True,False,True
3966,3966,21,False,43.083333333333336,WhiteOnly,417859,Graduate,True,True,False,1,True,False,False,False,False
3967,3967,21,False,44.083333333333336,WhiteOnly,42757,Graduate,True,False,False,1,False,False,False,True,True
3968,3968,21,False,45.083333333333336,WhiteOnly,128219,Graduate,True,True,False,1,True,True,False,True,False
3969,3969,21,False,53.083333333333336,BlackOnly,82508,Graduate,False,True,True,1,False,True,False,True,True
3970,3970,21,True,56.083333333333336,WhiteOnly,78980,Bachelors,True,True,True,1,True,True,False,True,True
3971,3971,21,True,45.083333333333336,AsianOnly,205009,Bachelors,False,True,False,1,True,True,True,True,True
3972,3972,21,False,25.08333333333333,WhiteOnly,98735,Graduate,True,True,False,1,True,False,False,True,True
3973,3973,21,False,44.083333333333336,Plus2Races,331293,HighSchoolOrCollege,False,True,False,1,True,True,False,True,False
3974,3974,21,False,47.083333333333336,WhiteOnly,98786,Bachelors,True,True,False,1,False,True,False,True,True
3975,3975,21,False,23.08333333333333,WhiteOnly,85612,Graduate,True,True,False,1,True,True,True,False,True
3976,3976,21,True,48.083333333333336,BlackOnly,310379,Graduate,False,True,False,1,False,True,False,True,True
3977,3977,21,False,27.08333333333333,Plus2Races,246846,Graduate,False,True,False,1,False,True,True,False,False
3978,3978,21,True,45.083333333333336,WhiteOnly,94700,Bachelors,True,True,False,1,False,True,False,False,True
3979,3979,21,False,46.083333333333336,BlackOnly,30736,Bachelors,False,False,False,1,False,True,False,True,True
3980,3980,21,False,41.083333333333336,WhiteOnly,65009,Graduate,True,False,False,1,False,False,False,False,True
3981,3981,21,True,28.08333333333333,WhiteOnly,98736,HighSchoolOrCollege,True,True,False,1,True,False,False,False,False
3982,3982,21,True,48.083333333333336,WhiteOnly,466299,Graduate,True,True,False,1,True,False,False,False,True
3983,3983,21,True,44.083333333333336,WhiteOnly,241227,Bachelors,True,True,False,1,False,False,False,True,True
3984,3984,21,True,55.083333333333336,WhiteOnly,280368,Graduate,True,True,True,1,True,True,False,True,False
3985,3985,21,False,36.083333333333336,WhiteOnly,86813,HighSchoolOrCollege,True,True,False,1,False,False,True,True,False
3986,3986,21,True,33.083333333333336,WhiteOnly,113433,Bachelors,True,True,False,1,True,False,False,True,False
3987,3987,21,True,44.083333333333336,BlackOnly,370244,Graduate,False,True,False,1,False,True,True,False,True
3988,3988,21,True,35.083333333333336,AsianOnly,360502,Graduate,False,True,False,1,False,True,True,False,True
3989,3989,21,True,28.08333333333333,WhiteOnly,68656,HighSchoolOrCollege,True,False,False,1,True,False,True,True,True
3990,3990,21,True,47.083333333333336,WhiteOnly,318329,Bachelors,True,True,False,1,True,True,False,False,True
3991,3991,21,False,59.083333333333336,WhiteOnly,57403,Graduate,True,False,True,1,False,False,False,True,False
3992,3992,21,False,33.083333333333336,BlackOnly,57046,Graduate,False,False,False,1,True,False,False,True,True
3993,3993,21,True,60.083333333333336,WhiteOnly,187856,Bachelors,True,True,True,1,False,True,False,True,False
3994,3994,21,True,29.08333333333333,BlackOnly,283108,Bachelors,False,True,False,1,False,True,True,True,False
3995,3995,21,False,43.083333333333336,WhiteOnly,483947,Graduate,True,True,False,1,False,True,False,True,False
3996,3996,21,False,37.083333333333336,WhiteOnly,324554,Graduate,True,True,False,1,False,True,False,True,False
3997,3997,21,False,39.083333333333336,WhiteOnly,26092,Bachelors,True,False,False,1,True,False,False,True,True
3998,3998,21,True,38.083333333333336,BlackOnly,439399,Bachelors,False,True,False,1,True,False,False,False,False
3999,3999,21,True,43.083333333333336,WhiteOnly,48184,Graduate,True,False,False,1,True,True,False,True,False
4000,4000,21,True,39.083333333333336,BlackOnly,96407,HighSchoolOrCollege,False,True,False,1,False,True,False,False,False
4001,4001,21,False,47.083333333333336,WhiteOnly,69198,Graduate,True,False,False,1,True,True,False,False,False
4002,4002,21,True,41.083333333333336,BlackOnly,300831,Bachelors,False,True,False,1,True,True,True,True,True
4003,4003,21,False,41.083333333333336,WhiteOnly,208802,Graduate,True,True,False,1,False,True,False,True,True
4004,4004,21,False,32.083333333333336,AsianOnly,89573,Bachelors,False,True,False,1,False,False,True,False,False
4005,4005,21,True,63.083333333333336,WhiteOnly,310498,HighSchoolOrCollege,True,True,True,1,True,True,False,False,False
4006,4006,21,True,27.08333333333333,WhiteOnly,53407,Bachelors,True,False,False,1,False,False,False,False,True
4007,4007,21,False,38.083333333333336,BlackOnly,344658,HighSchoolOrCollege,False,True,False,1,True,False,False,True,False
4008,4008,21,True,46.083333333333336,WhiteOnly,476702,HighSchoolOrCollege,True,True,False,1,True,False,False,False,True
4009,4009,21,True,33.083333333333336,WhiteOnly,19245,Graduate,True,False,False,1,False,True,False,True,True
4010,4010,21,True,33.083333333333336,WhiteOnly,66014,Bachelors,True,False,False,1,True,False,False,False,False
4011,4011,21,False,28.08333333333333,WhiteOnly,73882,Bachelors,True,True,False,1,True,True,False,False,False
4012,4012,21,True,44.083333333333336,WhiteOnly,23228,Graduate,True,False,False,1,False,True,False,False,True
4013,4013,21,True,31.08333333333333,AsianOnly,258984,Graduate,False,True,False,1,False,True,True,True,True
4014,4014,21,True,31.08333333333333,BlackOnly,53476,Bachelors,False,False,False,1,False,True,True,False,True
4015,4015,21,True,28.08333333333333,BlackOnly,13895,Bachelors,False,False,False,1,False,False,False,False,True
4016,4016,21,False,39.083333333333336,Plus2Races,150197,Graduate,False,True,False,1,True,True,False,False,True
4017,4017,21,False,54.083333333333336,WhiteOnly,83868,HighSchoolOrCollege,True,True,True,1,False,True,False,True,False
4018,4018,21,False,30.08333333333333,WhiteOnly,445683,Bachelors,True,True,False,1,False,True,False,True,True
4019,4019,21,False,35.083333333333336,WhiteOnly,53216,HighSchoolOrCollege,True,False,False,1,True,False,False,True,True
4020,4020,21,True,46.083333333333336,BlackOnly,53088,Bachelors,False,False,False,1,True,True,True,False,True
4021,4021,21,False,34.083333333333336,Plus2Races,142765,Graduate,False,True,False,1,True,True,True,True,True
4022,4022,21,False,52.083333333333336,WhiteOnly,259095,Bachelors,True,True,True,1,True,True,True,True,True
4023,4023,21,True,48.083333333333336,WhiteOnly,104230,Bachelors,True,True,False,1,True,False,False,False,False
4024,4024,21,True,53.083333333333336,BlackOnly,22398,Graduate,False,False,True,1,True,False,False,True,True
4025,4025,21,True,47.083333333333336,WhiteOnly,50193,Graduate,True,False,False,1,True,False,False,True,False
4026,4026,21,False,42.083333333333336,BlackOnly,183264,Bachelors,False,True,False,1,False,True,True,True,False
4027,4027,21,True,38.083333333333336,WhiteOnly,15163,Graduate,True,False,False,1,True,False,True,True,True
4028,4028,21,True,22.08333333333333,BlackOnly,29140,Bachelors,False,False,False,1,False,False,False,False,False
4029,4029,21,True,17.083333333333332,Plus2Races,94312,Bachelors,False,True,False,1,False,False,False,True,False
4030,4030,21,False,31.08333333333333,BlackOnly,13188,Graduate,False,False,False,1,True,False,True,True,False
4031,4031,21,False,49.083333333333336,WhiteOnly,17709,Bachelors,True,False,False,1,False,False,False,True,False
4032,4032,21,False,28.08333333333333,Plus2Races,241293,Graduate,False,True,False,1,False,False,False,True,True
4033,4033,21,False,42.083333333333336,BlackOnly,62955,HighSchoolOrCollege,False,False,False,1,False,True,False,False,True
4034,4034,21,False,36.083333333333336,WhiteOnly,269543,HighSchoolOrCollege,True,True,False,1,True,True,True,True,False
4035,4035,21,True,53.083333333333336,WhiteOnly,66970,HighSchoolOrCollege,True,False,True,1,True,True,False,True,False
4036,4036,21,True,60.083333333333336,WhiteOnly,19402,Graduate,True,False,True,1,True,True,False,False,True
4037,4037,21,True,39.083333333333336,WhiteOnly,77903,Graduate,True,True,False,1,False,True,True,False,True
4038,4038,21,False,40.083333333333336,WhiteOnly,19797,Graduate,True,False,False,1,True,False,False,False,True
4039,4039,21,False,59.083333333333336,WhiteOnly,407162,Graduate,True,True,True,1,True,True,False,True,True
4040,4040,21,False,35.083333333333336,WhiteOnly,33844,Graduate,True,False,False,1,True,False,False,True,True
4041,4041,21,True,38.083333333333336,WhiteOnly,76648,Bachelors,True,True,False,1,True,False,False,False,True
4042,4042,21,False,43.083333333333336,WhiteOnly,95932,Graduate,True,True,False,1,False,True,True,True,True
4043,4043,21,False,37.083333333333336,BlackOnly,77346,HighSchoolOrCollege,False,True,False,1,True,True,False,True,False
4044,4044,21,False,33.083333333333336,WhiteOnly,44109,Graduate,True,False,False,1,True,False,False,True,True
4045,4045,21,True,31.08333333333333,WhiteOnly,484248,HighSchoolOrCollege,True,True,False,1,True,True,False,False,False
4046,4046,21,True,42.083333333333336,WhiteOnly,84677,HighSchoolOrCollege,True,True,False,1,False,True,False,False,True
4047,4047,21,True,32.083333333333336,WhiteOnly,48669,Bachelors,True,False,False,1,False,False,False,True,True
4048,4048,21,False,44.083333333333336,WhiteOnly,88044,HighSchoolOrCollege,True,True,False,1,True,True,False,False,False
4049,4049,21,False,45.083333333333336,BlackOnly,63447,Bachelors,False,False,False,1,False,False,False,True,True
4050,4050,21,False,25.08333333333333,WhiteOnly,79337,Bachelors,True,True,False,1,False,True,False,True,True
4051,4051,21,False,22.08333333333333,WhiteOnly,11202,Graduate,True,False,False,1,False,False,True,True,True
4052,4052,21,False,38.083333333333336,WhiteOnly,70808,HighSchoolOrCollege,True,True,False,1,True,False,False,True,False
4053,4053,21,True,51.083333333333336,BlackOnly,66818,Graduate,False,False,True,1,True,False,True,False,True
4054,4054,21,True,47.083333333333336,BlackOnly,65245,Bachelors,False,False,False,1,True,True,False,False,True
4055,4055,21,False,55.083333333333336,WhiteOnly,313539,Bachelors,True,True,True,1,True,True,False,True,False
4056,4056,21,False,36.083333333333336,WhiteOnly,434193,Bachelors,True,True,False,1,True,True,False,True,False
4057,4057,21,False,35.083333333333336,WhiteOnly,139918,Bachelors,True,True,False,1,False,True,False,False,True
4058,4058,21,True,28.08333333333333,AsianOnly,92912,HighSchoolOrCollege,False,True,False,1,False,True,False,False,False
4059,4059,21,True,63.083333333333336,WhiteOnly,244434,HighSchoolOrCollege,True,True,True,1,True,True,False,False,False
4060,4060,21,False,37.083333333333336,WhiteOnly,81836,Graduate,True,True,False,1,False,True,False,False,True
4061,4061,21,False,34.083333333333336,BlackOnly,79796,Bachelors,False,True,False,1,True,True,True,True,True
4062,4062,21,True,26.08333333333333,BlackOnly,49946,HighSchoolOrCollege,False,False,False,1,True,False,False,False,True
4063,4063,21,False,34.083333333333336,WhiteOnly,321211,Graduate,True,True,False,1,False,False,False,False,False
4064,4064,21,False,38.083333333333336,BlackOnly,91990,Bachelors,False,True,False,1,False,False,True,False,True
4065,4065,21,True,50.083333333333336,BlackOnly,30132,HighSchoolOrCollege,False,False,True,1,True,False,True,False,False
4066,4066,21,True,34.083333333333336,BlackOnly,94204,HighSchoolOrCollege,False,True,False,1,True,False,True,False,False
4067,4067,21,False,63.083333333333336,BlackOnly,14183,Bachelors,False,False,True,1,True,False,True,True,False
4068,4068,21,False,53.083333333333336,WhiteOnly,63893,Graduate,True,False,True,1,False,True,True,True,True
4069,4069,21,False,64.08333333333333,BlackOnly,154147,Bachelors,False,True,True,1,True,True,False,True,False
4070,4070,21,True,35.083333333333336,WhiteOnly,87716,Graduate,True,True,False,1,False,True,False,True,True
4071,4071,21,False,37.083333333333336,WhiteOnly,91844,Bachelors,True,True,False,1,False,True,True,True,False
4072,4072,21,True,44.083333333333336,WhiteOnly,453804,Graduate,True,True,False,1,True,False,False,True,False
4073,4073,21,True,33.083333333333336,BlackOnly,288543,Bachelors,False,True,False,1,False,True,False,False,True
4074,4074,21,False,60.083333333333336,WhiteOnly,71119,Graduate,True,True,True,1,True,False,True,True,True
4075,4075,21,True,26.08333333333333,Other,20239,HighSchoolOrCollege,False,False,False,1,True,True,False,False,True
4076,4076,21,False,52.083333333333336,WhiteOnly,479085,Bachelors,True,True,True,1,True,True,False,True,False
4077,4077,21,True,42.083333333333336,WhiteOnly,150039,Graduate,True,True,False,1,True,False,False,False,True
4078,4078,21,True,26.08333333333333,BlackOnly,97839,Graduate,False,True,False,1,False,True,True,False,False
4079,4079,21,False,41.083333333333336,WhiteOnly,292764,Graduate,True,True,False,1,True,True,False,False,True
4080,4080,21,True,44.083333333333336,BlackOnly,411614,Graduate,False,True,False,1,False,False,False,False,True
4081,4081,21,False,42.083333333333336,WhiteOnly,66382,Graduate,True,False,False,1,True,False,True,True,True
4082,4082,21,False,41.083333333333336,BlackOnly,113108,HighSchoolOrCollege,False,True,False,1,True,True,False,True,False
4083,4083,21,True,31.08333333333333,WhiteOnly,71722,Graduate,True,True,False,1,False,True,False,True,True
4084,4084,21,False,33.083333333333336,WhiteOnly,319775,Bachelors,True,True,False,1,False,False,True,False,True
4085,4085,21,False,33.083333333333336,WhiteOnly,266750,Bachelors,True,True,False,1,False,False,False,True,False
4086,4086,21,False,32.083333333333336,WhiteOnly,95524,HighSchoolOrCollege,True,True,False,1,True,True,True,False,False
4087,4087,22,True,41.083333333333336,BlackOnly,132677,HighSchoolOrCollege,False,True,False,1,True,True,False,False,False
4088,4088,22,False,56.083333333333336,WhiteOnly,223,HighSchoolOrCollege,True,False,True,1,True,True,False,True,False
4089,4089,22,False,33.083333333333336,Plus2Races,239336,Bachelors,False,True,False,1,True,True,False,True,True
4090,4090,22,True,50.083333333333336,WhiteOnly,76517,Low,True,True,True,1,False,True,False,False,False
4091,4091,22,False,16.083333333333332,BlackOnly,121669,HighSchoolOrCollege,False,True,False,1,False,True,True,True,False
4092,4092,22,False,48.083333333333336,BlackOnly,96565,Low,False,True,False,1,False,True,True,False,False
4093,4093,22,False,33.083333333333336,BlackOnly,65151,Bachelors,False,False,False,1,False,False,True,True,False
4094,4094,22,False,45.083333333333336,BlackOnly,93862,HighSchoolOrCollege,False,True,False,1,False,True,True,True,True
4095,4095,22,False,18.08333333333333,BlackOnly,42478,Low,False,False,False,1,False,False,False,False,False
4096,4096,22,True,46.083333333333336,WhiteOnly,335941,Low,True,True,False,1,False,True,True,True,False
4097,4097,22,False,55.083333333333336,BlackOnly,28315,HighSchoolOrCollege,False,False,True,1,False,False,False,True,True
4098,4098,22,False,34.083333333333336,BlackOnly,29362,HighSchoolOrCollege,False,False,False,1,False,False,True,True,False
4099,4099,22,False,26.08333333333333,AsianOnly,79443,HighSchoolOrCollege,False,True,False,1,True,True,True,True,False
4100,4100,22,False,42.083333333333336,BlackOnly,132943,HighSchoolOrCollege,False,True,False,1,False,False,False,True,False
4101,4101,22,False,37.083333333333336,BlackOnly,95389,Graduate,False,True,False,1,False,True,False,False,False
4102,4102,22,True,25.08333333333333,WhiteOnly,36782,Bachelors,True,False,False,1,True,False,True,False,False
4103,4103,22,True,23.08333333333333,BlackOnly,41562,Bachelors,False,False,False,1,False,False,True,True,True
4104,4104,22,True,41.083333333333336,WhiteOnly,43357,Low,True,False,False,1,False,True,False,False,False
4105,4105,22,True,36.083333333333336,BlackOnly,421727,Low,False,True,False,1,True,True,False,False,False
4106,4106,22,True,38.083333333333336,BlackOnly,35367,HighSchoolOrCollege,False,False,False,1,True,True,False,False,False
4107,4107,22,True,25.08333333333333,WhiteOnly,76497,Low,True,True,False,1,True,False,False,False,False
4108,4108,22,False,33.083333333333336,BlackOnly,94098,Low,False,True,False,1,True,False,False,True,False
4109,4109,22,False,29.08333333333333,WhiteOnly,28077,Bachelors,True,False,False,1,False,False,True,True,True
4110,4110,22,False,37.083333333333336,BlackOnly,23241,Graduate,False,False,False,1,True,True,False,False,True
4111,4111,22,False,48.083333333333336,BlackOnly,99210,HighSchoolOrCollege,False,True,False,1,False,True,True,False,False
4112,4112,22,True,34.083333333333336,BlackOnly,80460,Bachelors,False,True,False,1,True,True,True,True,True
4113,4113,22,False,42.083333333333336,BlackOnly,38725,Low,False,False,False,1,True,False,False,True,False
4114,4114,22,True,33.083333333333336,WhiteOnly,38572,HighSchoolOrCollege,True,False,False,1,False,False,True,False,True
4115,4115,22,False,34.083333333333336,BlackOnly,31056,HighSchoolOrCollege,False,False,False,1,True,True,True,True,False
4116,4116,22,False,30.08333333333333,WhiteOnly,468308,HighSchoolOrCollege,True,True,False,1,True,True,False,True,True
4117,4117,22,True,27.08333333333333,WhiteOnly,84704,Low,True,True,False,1,True,True,False,True,True
4118,4118,22,True,33.083333333333336,BlackOnly,88622,Bachelors,False,True,False,1,True,True,True,False,True
4119,4119,22,True,28.08333333333333,BlackOnly,171953,Graduate,False,True,False,1,False,True,False,False,True
4120,4120,22,False,28.08333333333333,WhiteOnly,10971,HighSchoolOrCollege,True,False,False,1,True,False,True,False,True
4121,4121,22,True,34.083333333333336,WhiteOnly,39383,HighSchoolOrCollege,True,False,False,1,True,False,False,False,False
4122,4122,22,True,27.08333333333333,BlackOnly,29885,HighSchoolOrCollege,False,False,False,1,False,True,False,True,False
4123,4123,22,True,39.083333333333336,BlackOnly,36268,Graduate,False,False,False,1,True,True,True,True,True
4124,4124,22,False,59.083333333333336,BlackOnly,42981,HighSchoolOrCollege,False,False,True,1,False,True,False,False,True
4125,4125,22,True,39.083333333333336,WhiteOnly,311553,HighSchoolOrCollege,True,True,False,1,True,True,False,False,False
4126,4126,22,False,28.08333333333333,Plus2Races,99315,HighSchoolOrCollege,False,True,False,1,False,True,False,True,False
4127,4127,22,True,31.08333333333333,BlackOnly,44706,HighSchoolOrCollege,False,False,False,1,False,False,False,False,False
4128,4128,22,True,38.083333333333336,Plus2Races,43871,Bachelors,False,False,False,1,False,False,False,False,True
4129,4129,22,False,59.083333333333336,WhiteOnly,80593,Bachelors,True,True,True,1,True,True,True,True,False
4130,4130,22,False,24.08333333333333,BlackOnly,66170,HighSchoolOrCollege,False,False,False,1,False,False,True,False,True
4131,4131,22,False,29.08333333333333,WhiteOnly,98582,Bachelors,True,True,False,1,True,True,False,True,False
4132,4132,22,False,21.08333333333333,BlackOnly,272721,Bachelors,False,True,False,1,False,True,True,True,False
4133,4133,22,False,30.08333333333333,WhiteOnly,454482,HighSchoolOrCollege,True,True,False,1,True,True,False,True,False
4134,4134,22,False,27.08333333333333,BlackOnly,60440,Low,False,False,False,1,True,False,True,True,False
4135,4135,22,True,28.08333333333333,BlackOnly,36399,HighSchoolOrCollege,False,False,False,1,False,True,False,True,False
4136,4136,22,False,33.083333333333336,BlackOnly,49454,Low,False,False,False,1,True,True,False,True,True
4137,4137,22,True,29.08333333333333,WhiteOnly,91117,HighSchoolOrCollege,True,True,False,1,False,True,False,False,False
4138,4138,22,True,30.08333333333333,BlackOnly,32322,Graduate,False,False,False,1,True,True,False,False,False
4139,4139,22,False,35.083333333333336,WhiteOnly,40363,Low,True,False,False,1,False,False,True,True,True
4140,4140,22,False,16.083333333333332,Plus2Races,468977,HighSchoolOrCollege,False,True,False,1,False,False,False,True,False
4141,4141,22,False,29.08333333333333,WhiteOnly,474743,HighSchoolOrCollege,True,True,False,1,True,True,False,True,False
4142,4142,22,False,26.08333333333333,BlackOnly,33042,HighSchoolOrCollege,False,False,False,1,True,False,False,True,True
4143,4143,22,False,44.083333333333336,WhiteOnly,25651,Graduate,True,False,False,1,True,False,False,True,False
4144,4144,22,True,47.083333333333336,WhiteOnly,46264,HighSchoolOrCollege,True,False,False,1,True,True,False,False,True
4145,4145,22,True,20.08333333333333,AmerIndianOnly,348981,Graduate,False,True,False,1,True,False,True,False,True
4146,4146,22,False,31.08333333333333,BlackOnly,53163,Bachelors,False,False,False,1,True,False,False,False,True
4147,4147,22,False,25.08333333333333,BlackOnly,63210,Low,False,False,False,1,True,True,False,False,True
4148,4148,22,True,31.08333333333333,Plus2Races,43330,Low,False,False,False,1,False,True,False,False,True
4149,4149,22,False,15.083333333333334,BlackOnly,36409,HighSchoolOrCollege,False,False,False,1,False,False,True,False,False
4150,4150,22,False,24.08333333333333,BlackOnly,270689,HighSchoolOrCollege,False,True,False,1,False,False,True,True,False
4151,4151,22,True,26.08333333333333,BlackOnly,478903,Bachelors,False,True,False,1,True,True,False,False,False
4152,4152,22,True,41.083333333333336,WhiteOnly,73946,Low,True,True,False,1,False,True,False,False,False
4153,4153,22,True,21.08333333333333,BlackOnly,374092,HighSchoolOrCollege,False,True,False,1,False,True,True,False,False
4154,4154,22,False,32.083333333333336,BlackOnly,80843,Graduate,False,True,False,1,True,False,True,False,False
4155,4155,22,False,42.083333333333336,BlackOnly,146033,Bachelors,False,True,False,1,False,True,True,True,True
4156,4156,22,False,20.08333333333333,BlackOnly,41740,HighSchoolOrCollege,False,False,False,1,False,True,False,False,False
4157,4157,22,False,37.083333333333336,BlackOnly,96947,Low,False,True,False,1,True,False,True,True,False
4158,4158,22,False,23.08333333333333,BlackOnly,46122,Graduate,False,False,False,1,True,False,True,False,True
4159,4159,22,True,33.083333333333336,BlackOnly,311096,HighSchoolOrCollege,False,True,False,1,True,False,True,True,False
4160,4160,22,True,62.083333333333336,WhiteOnly,25268,HighSchoolOrCollege,True,False,True,1,True,False,True,False,False
4161,4161,22,False,31.08333333333333,BlackOnly,13244,Bachelors,False,False,False,1,True,False,True,True,True
4162,4162,22,False,23.08333333333333,BlackOnly,38144,Bachelors,False,False,False,1,False,False,True,True,False
4163,4163,22,True,26.08333333333333,WhiteOnly,90064,Graduate,True,True,False,1,False,False,False,False,True
4164,4164,22,True,19.08333333333333,BlackOnly,39859,HighSchoolOrCollege,False,False,False,1,True,False,False,True,False
4165,4165,22,False,55.083333333333336,WhiteOnly,215775,Low,True,True,True,1,False,True,False,True,False
4166,4166,22,True,26.08333333333333,WhiteOnly,31196,Low,True,False,False,1,True,True,True,False,False
4167,4167,22,True,23.08333333333333,AsianOnly,439751,HighSchoolOrCollege,False,True,False,1,False,False,False,False,True
4168,4168,22,False,36.083333333333336,BlackOnly,40627,HighSchoolOrCollege,False,False,False,1,True,True,True,False,True
4169,4169,22,False,35.083333333333336,BlackOnly,478432,Bachelors,False,True,False,1,False,True,True,True,True
4170,4170,22,False,24.08333333333333,BlackOnly,50610,Low,False,False,False,1,True,True,False,True,True
4171,4171,22,False,38.083333333333336,Plus2Races,36435,HighSchoolOrCollege,False,False,False,1,True,True,False,False,True
4172,4172,22,False,15.083333333333334,BlackOnly,235312,Bachelors,False,True,False,1,False,True,False,False,True
4173,4173,22,False,16.083333333333332,BlackOnly,28065,HighSchoolOrCollege,False,False,False,1,False,False,False,True,False
4174,4174,22,False,37.083333333333336,BlackOnly,45165,Graduate,False,False,False,1,False,True,False,True,True
4175,4175,22,False,25.08333333333333,WhiteOnly,42742,Low,True,False,False,1,True,False,True,False,True
4176,4176,22,False,28.08333333333333,WhiteOnly,52295,Low,True,False,False,1,True,False,True,True,False
4177,4177,22,False,38.083333333333336,WhiteOnly,82610,Bachelors,True,True,False,1,False,False,False,True,True
4178,4178,22,False,35.083333333333336,BlackOnly,32959,Low,False,False,False,1,False,False,False,True,False
4179,4179,22,False,30.08333333333333,BlackOnly,61275,Low,False,False,False,1,True,False,False,True,False
4180,4180,22,False,34.083333333333336,BlackOnly,37240,Graduate,False,False,False,1,True,False,False,True,True
4181,4181,22,False,23.08333333333333,BlackOnly,235738,Bachelors,False,True,False,1,False,False,False,True,True
4182,4182,22,False,26.08333333333333,WhiteOnly,383253,Low,True,True,False,1,True,True,True,True,True
4183,4183,22,True,47.083333333333336,BlackOnly,16097,Graduate,False,False,False,1,False,True,False,True,True
4184,4184,22,False,37.083333333333336,BlackOnly,66373,Graduate,False,False,False,1,True,True,True,True,True
4185,4185,22,False,16.083333333333332,BlackOnly,47117,Bachelors,False,False,False,1,False,True,True,False,False
4186,4186,22,True,42.083333333333336,BlackOnly,28590,HighSchoolOrCollege,False,False,False,1,True,False,True,True,True
4187,4187,22,False,56.083333333333336,BlackOnly,11836,Low,False,False,True,1,True,False,True,True,False
4188,4188,22,False,42.083333333333336,BlackOnly,90578,Bachelors,False,True,False,1,True,True,False,False,False
4189,4189,22,False,40.083333333333336,BlackOnly,31630,HighSchoolOrCollege,False,False,False,1,True,False,True,True,True
4190,4190,22,True,30.08333333333333,BlackOnly,31450,Low,False,False,False,1,False,True,False,False,False
4191,4191,22,False,23.08333333333333,BlackOnly,98657,Bachelors,False,True,False,1,False,True,False,True,False
4192,4192,22,True,31.08333333333333,BlackOnly,90589,Bachelors,False,True,False,1,False,True,False,False,False
4193,4193,22,True,28.08333333333333,BlackOnly,16731,Bachelors,False,False,False,1,True,False,True,False,True
4194,4194,22,False,28.08333333333333,BlackOnly,157572,Bachelors,False,True,False,1,False,False,True,False,False
4195,4195,22,False,30.08333333333333,BlackOnly,48832,Graduate,False,False,False,1,False,True,True,True,False
4196,4196,22,False,29.08333333333333,BlackOnly,10565,Graduate,False,False,False,1,True,True,False,True,False
4197,4197,22,False,31.08333333333333,WhiteOnly,90997,Bachelors,True,True,False,1,False,True,True,True,True
4198,4198,22,True,59.083333333333336,WhiteOnly,424129,HighSchoolOrCollege,True,True,True,1,False,False,True,True,False
4199,4199,22,False,27.08333333333333,BlackOnly,34337,HighSchoolOrCollege,False,False,False,1,False,True,False,True,False
4200,4200,22,False,55.083333333333336,Other,176252,HighSchoolOrCollege,False,True,True,1,True,False,False,True,False
4201,4201,22,True,35.083333333333336,BlackOnly,15695,Bachelors,False,False,False,1,True,False,False,True,False
4202,4202,22,True,33.083333333333336,Plus2Races,51176,HighSchoolOrCollege,False,False,False,1,True,True,False,False,False
4203,4203,22,False,45.083333333333336,BlackOnly,21922,Graduate,False,False,False,1,False,False,True,True,False
4204,4204,22,False,59.083333333333336,WhiteOnly,25407,Low,True,False,True,1,True,False,False,True,False
4205,4205,22,True,31.08333333333333,WhiteOnly,129524,Bachelors,True,True,False,1,True,True,False,False,False
4206,4206,22,False,48.083333333333336,BlackOnly,36594,Bachelors,False,False,False,1,True,True,True,False,True
4207,4207,22,True,24.08333333333333,WhiteOnly,19556,HighSchoolOrCollege,True,False,False,1,True,False,False,True,False
4208,4208,22,False,58.083333333333336,WhiteOnly,27154,HighSchoolOrCollege,True,False,True,1,True,True,False,True,False
4209,4209,22,True,25.08333333333333,BlackOnly,91019,Low,False,True,False,1,True,False,True,False,False
4210,4210,22,False,38.083333333333336,BlackOnly,90442,Bachelors,False,True,False,1,True,False,True,False,True
4211,4211,22,False,32.083333333333336,BlackOnly,56451,Bachelors,False,False,False,1,True,False,False,False,True
4212,4212,22,False,33.083333333333336,WhiteOnly,37830,HighSchoolOrCollege,True,False,False,1,False,True,True,True,False
4213,4213,22,True,27.08333333333333,BlackOnly,90301,Bachelors,False,True,False,1,False,False,False,True,True
4214,4214,22,False,32.083333333333336,BlackOnly,72436,Bachelors,False,True,False,1,True,False,False,True,True
4215,4215,22,False,24.08333333333333,BlackOnly,44876,Bachelors,False,False,False,1,True,False,True,False,False
4216,4216,22,False,50.083333333333336,BlackOnly,86500,Bachelors,False,True,True,1,True,False,False,True,False
4217,4217,22,False,28.08333333333333,BlackOnly,46466,HighSchoolOrCollege,False,False,False,1,False,True,True,False,False
4218,4218,22,False,16.083333333333332,WhiteOnly,79190,HighSchoolOrCollege,True,True,False,1,False,False,False,True,True
4219,4219,22,False,47.083333333333336,WhiteOnly,99919,HighSchoolOrCollege,True,True,False,1,True,True,True,True,True
4220,4220,22,True,37.083333333333336,BlackOnly,83217,HighSchoolOrCollege,False,True,False,1,False,False,True,False,False
4221,4221,22,True,52.083333333333336,BlackOnly,24681,Low,False,False,True,1,True,False,False,False,True
4222,4222,22,False,33.083333333333336,WhiteOnly,457475,HighSchoolOrCollege,True,True,False,1,False,True,False,True,False
4223,4223,22,True,15.083333333333334,BlackOnly,70004,Low,False,True,False,1,False,True,False,True,False
4224,4224,22,True,30.08333333333333,BlackOnly,13650,HighSchoolOrCollege,False,False,False,1,False,False,True,False,True
4225,4225,22,False,38.083333333333336,BlackOnly,331831,HighSchoolOrCollege,False,True,False,1,True,True,True,True,False
4226,4226,22,True,29.08333333333333,BlackOnly,203117,Bachelors,False,True,False,1,True,False,True,True,False
4227,4227,22,True,18.08333333333333,WhiteOnly,85815,HighSchoolOrCollege,True,True,False,1,False,True,False,False,False
4228,4228,22,False,64.08333333333333,BlackOnly,49590,Bachelors,False,False,True,1,True,True,True,False,False
4229,4229,22,False,43.083333333333336,BlackOnly,46740,Low,False,False,False,1,True,True,False,True,True
4230,4230,22,True,23.08333333333333,BlackOnly,41216,Bachelors,False,False,False,1,False,False,True,False,True
4231,4231,22,True,47.083333333333336,Other,32854,Low,False,False,False,1,False,False,True,True,False
4232,4232,22,True,46.083333333333336,WhiteOnly,46281,HighSchoolOrCollege,True,False,False,1,True,True,False,False,False
4233,4233,22,False,28.08333333333333,WhiteOnly,76539,Bachelors,True,True,False,1,False,True,False,True,False
4234,4234,22,True,16.083333333333332,BlackOnly,43404,Bachelors,False,False,False,1,False,True,False,False,True
4235,4235,22,False,43.083333333333336,BlackOnly,463231,Low,False,True,False,1,True,True,True,True,True
4236,4236,22,False,47.083333333333336,WhiteOnly,95597,Low,True,True,False,1,True,True,False,True,False
4237,4237,22,False,15.083333333333334,BlackOnly,58296,HighSchoolOrCollege,False,False,False,1,False,True,True,True,False
4238,4238,22,True,44.083333333333336,WhiteOnly,29361,Low,True,False,False,1,True,True,True,True,False
4239,4239,22,False,30.08333333333333,WhiteOnly,87581,HighSchoolOrCollege,True,True,False,1,False,True,False,True,False
4240,4240,22,False,26.08333333333333,BlackOnly,445760,Bachelors,False,True,False,1,True,True,True,True,False
4241,4241,22,True,42.083333333333336,WhiteOnly,35209,HighSchoolOrCollege,True,False,False,1,True,True,False,False,False
4242,4242,22,True,53.083333333333336,WhiteOnly,26682,Low,True,False,True,1,True,True,False,False,False
4243,4243,22,False,36.083333333333336,BlackOnly,86305,Low,False,True,False,1,True,True,True,True,True
4244,4244,22,False,49.083333333333336,WhiteOnly,451947,Graduate,True,True,False,1,False,True,False,True,True
4245,4245,22,False,48.083333333333336,AmerIndianOnly,84040,Bachelors,False,True,False,1,False,True,True,False,True
4246,4246,22,False,29.08333333333333,BlackOnly,188411,Bachelors,False,True,False,1,False,True,False,True,True
4247,4247,22,False,23.08333333333333,BlackOnly,285866,Bachelors,False,True,False,1,True,True,False,True,False
4248,4248,22,False,22.08333333333333,BlackOnly,27223,Low,False,False,False,1,False,False,True,True,False
4249,4249,22,True,52.083333333333336,WhiteOnly,425357,HighSchoolOrCollege,True,True,True,1,True,True,False,False,False
4250,4250,22,True,38.083333333333336,BlackOnly,34189,Bachelors,False,False,False,1,False,False,False,False,True
4251,4251,22,False,43.083333333333336,BlackOnly,314544,Bachelors,False,True,False,1,True,False,True,True,False
4252,4252,22,False,36.083333333333336,BlackOnly,47807,Bachelors,False,False,False,1,True,True,False,False,True
4253,4253,22,False,19.08333333333333,BlackOnly,82725,HighSchoolOrCollege,False,True,False,1,True,True,False,False,False
4254,4254,22,False,28.08333333333333,Plus2Races,40575,Bachelors,False,False,False,1,True,True,False,True,True
4255,4255,22,True,33.083333333333336,WhiteOnly,474266,Low,True,True,False,1,True,True,True,True,True
4256,4256,22,True,38.083333333333336,BlackOnly,417066,Graduate,False,True,False,1,False,False,True,True,True
4257,4257,22,True,36.083333333333336,WhiteOnly,125887,HighSchoolOrCollege,True,True,False,1,False,True,False,False,False
4258,4258,22,True,18.08333333333333,BlackOnly,36068,HighSchoolOrCollege,False,False,False,1,False,True,False,False,False
4259,4259,22,True,28.08333333333333,BlackOnly,30981,Low,False,False,False,1,True,True,False,False,True
4260,4260,22,True,21.08333333333333,BlackOnly,93607,HighSchoolOrCollege,False,True,False,1,False,False,True,False,True
4261,4261,22,True,42.083333333333336,WhiteOnly,419691,Low,True,True,False,1,False,True,False,False,True
4262,4262,22,False,25.08333333333333,BlackOnly,21521,Graduate,False,False,False,1,True,False,False,True,True
4263,4263,22,True,41.083333333333336,BlackOnly,273462,Graduate,False,True,False,1,False,False,False,False,True
4264,4264,22,True,29.08333333333333,WhiteOnly,17145,Bachelors,True,False,False,1,False,True,True,False,False
4265,4265,22,True,32.083333333333336,Plus2Races,42044,Graduate,False,False,False,1,False,False,True,True,True
4266,4266,22,False,42.083333333333336,WhiteOnly,40477,Low,True,False,False,1,False,False,False,True,False
4267,4267,22,False,38.083333333333336,BlackOnly,44020,HighSchoolOrCollege,False,False,False,1,False,True,False,True,False
4268,4268,22,True,34.083333333333336,BlackOnly,43867,Graduate,False,False,False,1,False,True,True,True,True
4269,4269,22,False,53.083333333333336,WhiteOnly,35124,Bachelors,True,False,True,1,True,False,False,True,False
4270,4270,22,False,46.083333333333336,BlackOnly,82553,Low,False,True,False,1,False,True,True,True,False
4271,4271,22,True,15.083333333333334,WhiteOnly,33496,HighSchoolOrCollege,True,False,False,1,True,False,True,True,False
4272,4272,22,True,33.083333333333336,BlackOnly,34370,HighSchoolOrCollege,False,False,False,1,True,False,True,False,True
4273,4273,22,True,36.083333333333336,BlackOnly,482548,Graduate,False,True,False,1,False,False,True,False,True
4274,4274,23,True,48.083333333333336,BlackOnly,82677,HighSchoolOrCollege,False,True,False,1,False,False,True,False,True
4275,4275,23,False,63.083333333333336,BlackOnly,20223,HighSchoolOrCollege,False,False,True,1,False,False,True,True,True
4276,4276,23,False,30.08333333333333,Plus2Races,239336,Bachelors,False,True,False,1,True,False,True,True,True
4277,4277,23,True,58.083333333333336,BlackOnly,51517,Low,False,False,True,1,True,False,False,False,True
4278,4278,23,False,23.08333333333333,BlackOnly,71669,HighSchoolOrCollege,False,True,False,1,False,True,True,False,False
4279,4279,23,False,59.083333333333336,BlackOnly,71565,Low,False,True,True,1,False,True,False,False,False
4280,4280,23,False,31.08333333333333,BlackOnly,40151,Bachelors,False,False,False,1,False,True,False,False,True
4281,4281,23,False,52.083333333333336,BlackOnly,68862,HighSchoolOrCollege,False,False,True,1,True,True,False,False,False
4282,4282,23,False,21.08333333333333,BlackOnly,42478,Low,False,False,False,1,True,False,True,False,False
4283,4283,23,True,55.083333333333336,WhiteOnly,335941,Low,True,True,True,1,True,False,True,False,False
4284,4284,23,False,59.083333333333336,BlackOnly,23315,HighSchoolOrCollege,False,False,True,1,True,True,False,True,True
4285,4285,23,False,39.083333333333336,BlackOnly,29362,HighSchoolOrCollege,False,False,False,1,False,False,True,True,False
4286,4286,23,False,29.08333333333333,BlackOnly,29443,HighSchoolOrCollege,False,False,False,1,False,False,True,True,True
4287,4287,23,False,42.083333333333336,BlackOnly,82943,HighSchoolOrCollege,False,True,False,1,False,True,False,True,False
4288,4288,23,False,39.083333333333336,BlackOnly,70389,Graduate,False,True,False,1,True,True,True,True,True
4289,4289,23,True,25.08333333333333,BlackOnly,36782,Bachelors,False,False,False,1,True,False,True,False,False
4290,4290,23,True,20.08333333333333,BlackOnly,41562,Bachelors,False,False,False,1,False,False,False,False,True
4291,4291,23,True,48.083333333333336,BlackOnly,13357,Low,False,False,False,1,True,True,False,False,True
4292,4292,23,True,35.083333333333336,BlackOnly,421727,Low,False,True,False,1,True,True,False,True,False
4293,4293,23,True,35.083333333333336,BlackOnly,35367,HighSchoolOrCollege,False,False,False,1,True,False,True,True,False
4294,4294,23,True,28.08333333333333,BlackOnly,51497,Low,False,False,False,1,False,False,True,True,False
4295,4295,23,False,30.08333333333333,BlackOnly,44098,Low,False,False,False,1,True,True,False,False,False
4296,4296,23,False,25.08333333333333,BlackOnly,28077,Bachelors,False,False,False,1,False,False,True,False,False
4297,4297,23,False,35.083333333333336,BlackOnly,23241,Graduate,False,False,False,1,True,False,True,True,True
4298,4298,23,False,50.083333333333336,BlackOnly,74210,HighSchoolOrCollege,False,True,True,1,True,True,False,False,False
4299,4299,23,True,32.083333333333336,BlackOnly,55460,Bachelors,False,False,False,1,True,False,True,False,False
4300,4300,23,False,40.083333333333336,BlackOnly,38725,Low,False,False,False,1,False,False,False,True,False
4301,4301,23,True,33.083333333333336,BlackOnly,38572,HighSchoolOrCollege,False,False,False,1,False,True,True,False,True
4302,4302,23,False,32.083333333333336,BlackOnly,16056,HighSchoolOrCollege,False,False,False,1,False,False,True,False,False
4303,4303,23,False,32.083333333333336,WhiteOnly,93308,HighSchoolOrCollege,True,True,False,1,False,True,False,True,False
4304,4304,23,True,28.08333333333333,BlackOnly,59704,Low,False,False,False,1,False,False,False,True,False
4305,4305,23,True,31.08333333333333,BlackOnly,63622,Bachelors,False,False,False,1,False,False,True,False,False
4306,4306,23,True,25.08333333333333,BlackOnly,96953,Graduate,False,True,False,1,False,True,False,True,True
4307,4307,23,False,27.08333333333333,BlackOnly,10971,HighSchoolOrCollege,False,False,False,1,True,False,False,False,False
4308,4308,23,True,33.083333333333336,WhiteOnly,39383,HighSchoolOrCollege,True,False,False,1,False,False,False,False,True
4309,4309,23,True,28.08333333333333,BlackOnly,29885,HighSchoolOrCollege,False,False,False,1,True,True,True,True,False
4310,4310,23,True,37.083333333333336,BlackOnly,36268,Graduate,False,False,False,1,True,False,True,True,False
4311,4311,23,False,62.083333333333336,BlackOnly,42981,HighSchoolOrCollege,False,False,True,1,True,False,False,True,False
4312,4312,23,True,38.083333333333336,WhiteOnly,61553,HighSchoolOrCollege,True,False,False,1,False,False,False,False,True
4313,4313,23,False,26.08333333333333,Plus2Races,74315,HighSchoolOrCollege,False,True,False,1,True,False,True,False,False
4314,4314,23,True,32.083333333333336,BlackOnly,14706,HighSchoolOrCollege,False,False,False,1,True,False,True,True,False
4315,4315,23,True,42.083333333333336,BlackOnly,43871,Bachelors,False,False,False,1,True,True,False,True,False
4316,4316,23,False,63.083333333333336,BlackOnly,55593,Bachelors,False,False,True,1,True,False,False,True,True
4317,4317,23,False,20.08333333333333,BlackOnly,41170,HighSchoolOrCollege,False,False,False,1,False,False,False,False,False
4318,4318,23,False,26.08333333333333,BlackOnly,73582,Bachelors,False,True,False,1,False,True,False,True,True
4319,4319,23,False,23.08333333333333,BlackOnly,97721,Bachelors,False,True,False,1,False,True,False,False,False
4320,4320,23,False,31.08333333333333,BlackOnly,79482,HighSchoolOrCollege,False,True,False,1,False,True,True,False,True
4321,4321,23,False,26.08333333333333,BlackOnly,35440,HighSchoolOrCollege,False,False,False,1,True,True,True,True,True
4322,4322,23,True,25.08333333333333,BlackOnly,36399,HighSchoolOrCollege,False,False,False,1,True,False,True,True,False
4323,4323,23,False,30.08333333333333,BlackOnly,14454,Low,False,False,False,1,True,False,False,True,True
4324,4324,23,True,29.08333333333333,WhiteOnly,66117,HighSchoolOrCollege,True,False,False,1,False,False,False,True,True
4325,4325,23,True,34.083333333333336,BlackOnly,32322,Bachelors,False,False,False,1,False,False,False,True,True
4326,4326,23,False,39.083333333333336,BlackOnly,40363,Low,False,False,False,1,False,True,True,True,False
4327,4327,23,False,18.08333333333333,Plus2Races,93977,HighSchoolOrCollege,False,True,False,1,False,True,False,True,False
4328,4328,23,False,27.08333333333333,BlackOnly,474743,HighSchoolOrCollege,False,True,False,1,False,False,False,True,False
4329,4329,23,False,28.08333333333333,BlackOnly,23042,HighSchoolOrCollege,False,False,False,1,False,False,False,True,True
4330,4330,23,False,40.083333333333336,BlackOnly,15651,Bachelors,False,False,False,1,True,False,True,True,False
4331,4331,23,True,52.083333333333336,BlackOnly,16264,HighSchoolOrCollege,False,False,True,1,False,False,True,False,False
4332,4332,23,True,23.08333333333333,BlackOnly,73981,Graduate,False,True,False,1,False,True,False,False,True
4333,4333,23,False,33.083333333333336,BlackOnly,28163,Bachelors,False,False,False,1,False,False,True,True,False
4334,4334,23,False,28.08333333333333,BlackOnly,38210,Low,False,False,False,1,False,True,True,False,True
4335,4335,23,True,38.083333333333336,Plus2Races,43330,HighSchoolOrCollege,False,False,False,1,False,False,False,True,True
4336,4336,23,False,15.083333333333334,BlackOnly,36409,HighSchoolOrCollege,False,False,False,1,True,False,True,True,False
4337,4337,23,False,23.08333333333333,BlackOnly,95689,HighSchoolOrCollege,False,True,False,1,False,True,True,False,False
4338,4338,23,True,26.08333333333333,BlackOnly,478903,HighSchoolOrCollege,False,True,False,1,True,False,False,False,False
4339,4339,23,False,47.083333333333336,BlackOnly,48946,Low,False,False,False,1,False,True,True,True,False
4340,4340,23,True,24.08333333333333,BlackOnly,99092,HighSchoolOrCollege,False,True,False,1,True,True,False,True,False
4341,4341,23,False,33.083333333333336,BlackOnly,30843,Graduate,False,False,False,1,False,True,True,True,True
4342,4342,23,False,49.083333333333336,BlackOnly,96033,Bachelors,False,True,False,1,True,False,False,True,False
4343,4343,23,False,20.08333333333333,BlackOnly,41740,HighSchoolOrCollege,False,False,False,1,True,True,True,True,False
4344,4344,23,False,41.083333333333336,BlackOnly,71947,HighSchoolOrCollege,False,True,False,1,False,True,False,True,True
4345,4345,23,False,24.08333333333333,BlackOnly,11122,Graduate,False,False,False,1,False,False,False,False,True
4346,4346,23,True,30.08333333333333,BlackOnly,86096,HighSchoolOrCollege,False,True,False,1,False,False,True,True,True
4347,4347,23,True,63.083333333333336,BlackOnly,25268,HighSchoolOrCollege,False,False,True,1,True,True,True,True,False
4348,4348,23,False,30.08333333333333,BlackOnly,13244,Bachelors,False,False,False,1,False,False,True,True,False
4349,4349,23,False,22.08333333333333,BlackOnly,38144,Bachelors,False,False,False,1,True,True,True,True,False
4350,4350,23,True,27.08333333333333,BlackOnly,65064,Graduate,False,False,False,1,True,False,True,False,True
4351,4351,23,True,21.08333333333333,BlackOnly,14859,HighSchoolOrCollege,False,False,False,1,True,False,False,True,True
4352,4352,23,False,61.083333333333336,BlackOnly,215775,HighSchoolOrCollege,False,True,True,1,True,True,True,True,False
4353,4353,23,True,27.08333333333333,BlackOnly,21196,HighSchoolOrCollege,False,False,False,1,False,False,True,False,True
4354,4354,23,True,24.08333333333333,BlackOnly,64751,HighSchoolOrCollege,False,False,False,1,False,False,True,False,False
4355,4355,23,False,39.083333333333336,BlackOnly,20627,HighSchoolOrCollege,False,False,False,1,True,False,False,True,False
4356,4356,23,False,39.083333333333336,BlackOnly,478432,Bachelors,False,True,False,1,True,False,False,True,True
4357,4357,23,False,23.08333333333333,BlackOnly,25610,Low,False,False,False,1,False,False,False,True,True
4358,4358,23,False,35.083333333333336,BlackOnly,36435,HighSchoolOrCollege,False,False,False,1,False,False,False,True,False
4359,4359,23,False,17.083333333333332,BlackOnly,235312,HighSchoolOrCollege,False,True,False,1,False,True,True,True,True
4360,4360,23,False,16.083333333333332,BlackOnly,28065,HighSchoolOrCollege,False,False,False,1,False,True,False,False,False
4361,4361,23,False,37.083333333333336,BlackOnly,45165,Bachelors,False,False,False,1,False,False,False,True,True
4362,4362,23,False,25.08333333333333,BlackOnly,42742,Low,False,False,False,1,True,False,False,False,True
4363,4363,23,False,28.08333333333333,BlackOnly,27295,Low,False,False,False,1,False,False,True,False,True
4364,4364,23,False,43.083333333333336,BlackOnly,32610,HighSchoolOrCollege,False,False,False,1,True,False,True,True,False
4365,4365,23,False,35.083333333333336,BlackOnly,17959,Low,False,False,False,1,False,True,True,True,True
4366,4366,23,False,32.083333333333336,BlackOnly,36275,Low,False,False,False,1,False,True,True,True,False
4367,4367,23,False,30.08333333333333,BlackOnly,37240,Graduate,False,False,False,1,True,False,True,True,True
4368,4368,23,False,23.08333333333333,BlackOnly,85738,HighSchoolOrCollege,False,True,False,1,False,True,True,True,False
4369,4369,23,False,27.08333333333333,WhiteOnly,83253,Low,True,True,False,1,False,True,True,False,False
4370,4370,23,True,52.083333333333336,BlackOnly,16097,Graduate,False,False,True,1,False,False,False,False,True
4371,4371,23,False,41.083333333333336,BlackOnly,41373,Graduate,False,False,False,1,False,True,False,True,True
4372,4372,23,False,19.08333333333333,BlackOnly,47117,Bachelors,False,False,False,1,False,False,True,True,True
4373,4373,23,True,49.083333333333336,BlackOnly,13590,HighSchoolOrCollege,False,False,False,1,True,False,True,True,True
4374,4374,23,False,60.083333333333336,BlackOnly,11836,HighSchoolOrCollege,False,False,True,1,True,False,True,True,True
4375,4375,23,False,46.083333333333336,BlackOnly,65578,Bachelors,False,False,False,1,False,False,True,True,False
4376,4376,23,False,45.083333333333336,BlackOnly,31630,HighSchoolOrCollege,False,False,False,1,True,False,False,True,True
4377,4377,23,True,33.083333333333336,BlackOnly,31450,Low,False,False,False,1,False,False,False,False,False
4378,4378,23,False,24.08333333333333,BlackOnly,73657,Bachelors,False,True,False,1,False,True,False,False,True
4379,4379,23,True,34.083333333333336,BlackOnly,65589,Bachelors,False,False,False,1,False,False,True,True,True
4380,4380,23,True,25.08333333333333,BlackOnly,16731,Bachelors,False,False,False,1,True,False,False,False,True
4381,4381,23,False,27.08333333333333,BlackOnly,82572,Bachelors,False,True,False,1,True,True,False,False,True
4382,4382,23,False,36.083333333333336,BlackOnly,48832,Graduate,False,False,False,1,False,False,True,False,True
4383,4383,23,False,29.08333333333333,BlackOnly,10565,Bachelors,False,False,False,1,False,False,True,True,True
4384,4384,23,False,33.083333333333336,BlackOnly,65997,Bachelors,False,False,False,1,False,False,False,True,False
4385,4385,23,True,56.083333333333336,BlackOnly,74129,HighSchoolOrCollege,False,True,True,1,True,True,False,False,False
4386,4386,23,False,26.08333333333333,BlackOnly,34337,HighSchoolOrCollege,False,False,False,1,False,False,True,False,True
4387,4387,23,False,58.083333333333336,BlackOnly,76252,HighSchoolOrCollege,False,True,True,1,True,False,False,True,False
4388,4388,23,True,38.083333333333336,BlackOnly,15695,Bachelors,False,False,False,1,True,False,True,False,False
4389,4389,23,True,30.08333333333333,BlackOnly,26176,HighSchoolOrCollege,False,False,False,1,False,False,False,True,False
4390,4390,24,True,47.083333333333336,BlackOnly,82677,HighSchoolOrCollege,False,True,False,1,True,True,False,True,False
4391,4391,24,False,64.08333333333333,WhiteOnly,223,HighSchoolOrCollege,True,False,True,1,False,True,True,True,False
4392,4392,24,False,34.083333333333336,Plus2Races,239336,Bachelors,False,True,False,1,True,True,False,False,False
4393,4393,24,True,55.083333333333336,WhiteOnly,51517,Low,True,False,True,1,False,False,True,True,False
4394,4394,24,False,20.08333333333333,BlackOnly,96669,HighSchoolOrCollege,False,True,False,1,False,True,False,True,True
4395,4395,24,False,57.083333333333336,BlackOnly,96565,Low,False,True,True,1,True,True,True,True,False
4396,4396,24,False,34.083333333333336,BlackOnly,40151,Graduate,False,False,False,1,False,False,False,True,False
4397,4397,24,False,54.083333333333336,BlackOnly,93862,HighSchoolOrCollege,False,True,True,1,True,True,False,True,False
4398,4398,24,False,23.08333333333333,BlackOnly,42478,Low,False,False,False,1,False,False,True,True,True
4399,4399,24,True,59.083333333333336,WhiteOnly,335941,Low,True,True,True,1,True,False,False,True,False
4400,4400,24,False,63.083333333333336,BlackOnly,23315,HighSchoolOrCollege,False,False,True,1,True,False,False,False,True
4401,4401,24,False,36.083333333333336,BlackOnly,24362,HighSchoolOrCollege,False,False,False,1,False,False,False,True,False
4402,4402,24,False,28.08333333333333,AsianOnly,54443,HighSchoolOrCollege,False,False,False,1,True,True,True,True,True
4403,4403,24,False,49.083333333333336,BlackOnly,132943,HighSchoolOrCollege,False,True,False,1,True,True,True,True,False
4404,4404,24,False,39.083333333333336,BlackOnly,70389,Graduate,False,True,False,1,True,False,False,True,True
4405,4405,24,True,30.08333333333333,WhiteOnly,11782,Bachelors,True,False,False,1,False,False,False,True,True
4406,4406,24,True,22.08333333333333,BlackOnly,16562,Bachelors,False,False,False,1,False,False,False,True,True
4407,4407,24,True,45.083333333333336,BlackOnly,13357,Low,False,False,False,1,True,False,False,False,True
4408,4408,24,True,39.083333333333336,BlackOnly,421727,Low,False,True,False,1,False,True,False,True,False
4409,4409,24,True,42.083333333333336,BlackOnly,35367,HighSchoolOrCollege,False,False,False,1,True,True,True,False,False
4410,4410,24,True,32.083333333333336,WhiteOnly,51497,Low,True,False,False,1,False,False,False,False,False
4411,4411,24,False,35.083333333333336,BlackOnly,69098,Low,False,False,False,1,True,True,True,False,False
4412,4412,24,False,25.08333333333333,WhiteOnly,13077,Bachelors,True,False,False,1,True,False,True,True,False
4413,4413,24,False,43.083333333333336,BlackOnly,23241,Graduate,False,False,False,1,True,False,True,True,True
4414,4414,24,False,59.083333333333336,BlackOnly,99210,HighSchoolOrCollege,False,True,True,1,True,True,True,True,False
4415,4415,24,True,36.083333333333336,BlackOnly,55460,Bachelors,False,False,False,1,False,False,False,False,True
4416,4416,24,False,45.083333333333336,BlackOnly,23725,Low,False,False,False,1,True,False,True,False,False
4417,4417,24,True,37.083333333333336,WhiteOnly,38572,HighSchoolOrCollege,True,False,False,1,True,False,False,False,True
4418,4418,24,False,33.083333333333336,BlackOnly,16056,HighSchoolOrCollege,False,False,False,1,False,True,False,False,False
4419,4419,24,False,31.08333333333333,WhiteOnly,468308,HighSchoolOrCollege,True,True,False,1,True,True,False,True,False
4420,4420,24,True,27.08333333333333,WhiteOnly,84704,Low,True,True,False,1,True,False,False,True,True
4421,4421,24,True,31.08333333333333,BlackOnly,63622,Graduate,False,False,False,1,True,False,True,False,False
4422,4422,24,True,34.083333333333336,BlackOnly,171953,Graduate,False,True,False,1,False,True,False,False,True
4423,4423,24,False,26.08333333333333,WhiteOnly,971,HighSchoolOrCollege,True,False,False,1,False,True,True,True,False
4424,4424,24,True,34.083333333333336,WhiteOnly,39383,HighSchoolOrCollege,True,False,False,1,False,False,True,False,False
4425,4425,24,True,31.08333333333333,BlackOnly,29885,HighSchoolOrCollege,False,False,False,1,False,True,True,True,False
4426,4426,24,True,42.083333333333336,BlackOnly,36268,Graduate,False,False,False,1,True,True,False,False,True
4427,4427,24,False,61.083333333333336,BlackOnly,22981,HighSchoolOrCollege,False,False,True,1,True,True,False,True,False
4428,4428,24,True,42.083333333333336,WhiteOnly,86553,HighSchoolOrCollege,True,True,False,1,False,False,True,True,False
4429,4429,24,False,29.08333333333333,Plus2Races,99315,HighSchoolOrCollege,False,True,False,1,False,True,True,True,True
4430,4430,24,True,39.083333333333336,BlackOnly,14706,HighSchoolOrCollege,False,False,False,1,False,False,True,True,True
4431,4431,24,True,43.083333333333336,Plus2Races,13871,Bachelors,False,False,False,1,False,False,True,False,False
4432,4432,24,False,64.08333333333333,WhiteOnly,80593,Bachelors,True,True,True,1,True,True,False,True,True
4433,4433,24,False,27.08333333333333,BlackOnly,41170,HighSchoolOrCollege,False,False,False,1,False,False,False,True,True
4434,4434,24,False,32.083333333333336,WhiteOnly,73582,Graduate,True,True,False,1,True,True,True,True,True
4435,4435,24,False,22.08333333333333,BlackOnly,272721,Graduate,False,True,False,1,False,False,True,False,True
4436,4436,24,False,34.083333333333336,WhiteOnly,454482,HighSchoolOrCollege,True,True,False,1,False,False,False,True,False
4437,4437,24,False,30.08333333333333,BlackOnly,35440,HighSchoolOrCollege,False,False,False,1,False,False,True,False,False
4438,4438,24,True,34.083333333333336,BlackOnly,36399,HighSchoolOrCollege,False,False,False,1,True,False,True,True,False
4439,4439,24,False,30.08333333333333,BlackOnly,14454,Low,False,False,False,1,True,False,False,True,False
4440,4440,24,True,29.08333333333333,WhiteOnly,66117,HighSchoolOrCollege,True,False,False,1,False,False,False,True,False
4441,4441,24,True,38.083333333333336,BlackOnly,12322,Graduate,False,False,False,1,True,False,True,False,True
4442,4442,24,False,44.083333333333336,WhiteOnly,10363,Low,True,False,False,1,True,False,False,True,True
4443,4443,24,False,24.08333333333333,Plus2Races,468977,HighSchoolOrCollege,False,True,False,1,False,False,False,True,True
4444,4444,24,False,32.083333333333336,WhiteOnly,474743,HighSchoolOrCollege,True,True,False,1,True,False,False,False,False
4445,4445,24,False,30.08333333333333,BlackOnly,23042,HighSchoolOrCollege,False,False,False,1,False,True,False,True,False
4446,4446,24,False,47.083333333333336,WhiteOnly,15651,Graduate,True,False,False,1,False,False,False,True,True
4447,4447,24,True,53.083333333333336,BlackOnly,16264,HighSchoolOrCollege,False,False,True,1,True,False,False,False,False
4448,4448,24,True,24.08333333333333,BlackOnly,98981,Graduate,False,True,False,1,False,False,False,True,True
4449,4449,24,False,36.083333333333336,BlackOnly,28163,Graduate,False,False,False,1,False,False,False,True,False
4450,4450,24,False,33.083333333333336,BlackOnly,38210,Low,False,False,False,1,True,False,False,True,True
4451,4451,24,True,38.083333333333336,Plus2Races,43330,HighSchoolOrCollege,False,False,False,1,False,False,True,False,False
4452,4452,24,False,16.083333333333332,BlackOnly,36409,HighSchoolOrCollege,False,False,False,1,True,False,False,True,False
4453,4453,24,False,23.08333333333333,BlackOnly,270689,HighSchoolOrCollege,False,True,False,1,True,True,True,False,True
4454,4454,24,True,33.083333333333336,BlackOnly,478903,Bachelors,False,True,False,1,False,True,True,True,True
4455,4455,24,True,49.083333333333336,WhiteOnly,48946,Low,True,False,False,1,True,True,True,False,False
4456,4456,24,True,20.08333333333333,BlackOnly,99092,HighSchoolOrCollege,False,True,False,1,False,False,True,False,True
4457,4457,24,False,32.083333333333336,BlackOnly,30843,Graduate,False,False,False,1,False,False,False,True,True
4458,4458,24,False,47.083333333333336,BlackOnly,146033,Bachelors,False,True,False,1,True,False,False,True,False
4459,4459,24,False,24.08333333333333,BlackOnly,41740,HighSchoolOrCollege,False,False,False,1,False,False,False,True,False
4460,4460,24,False,44.083333333333336,BlackOnly,96947,HighSchoolOrCollege,False,True,False,1,False,False,False,True,False
4461,4461,24,False,24.08333333333333,BlackOnly,11122,Graduate,False,False,False,1,True,False,False,True,True
4462,4462,24,True,31.08333333333333,BlackOnly,311096,HighSchoolOrCollege,False,True,False,1,True,False,True,True,False
4463,4463,24,True,60.083333333333336,WhiteOnly,15268,HighSchoolOrCollege,True,False,True,1,True,False,False,False,True
4464,4464,24,False,35.083333333333336,BlackOnly,3244,Bachelors,False,False,False,1,False,False,False,True,False
4465,4465,24,False,26.08333333333333,BlackOnly,38144,Bachelors,False,False,False,1,True,True,True,True,True
4466,4466,24,True,29.08333333333333,WhiteOnly,65064,Graduate,True,False,False,1,False,True,True,True,True
4467,4467,24,True,23.08333333333333,BlackOnly,14859,HighSchoolOrCollege,False,False,False,1,True,False,False,True,False
4468,4468,24,False,64.08333333333333,WhiteOnly,215775,HighSchoolOrCollege,True,True,True,1,True,True,True,True,True
4469,4469,24,True,29.08333333333333,WhiteOnly,21196,HighSchoolOrCollege,True,False,False,1,False,False,False,False,True
4470,4470,24,True,23.08333333333333,AsianOnly,89751,HighSchoolOrCollege,False,True,False,1,True,True,False,False,False
4471,4471,24,False,43.083333333333336,BlackOnly,20627,HighSchoolOrCollege,False,False,False,1,True,False,True,False,True
4472,4472,24,False,39.083333333333336,BlackOnly,478432,Bachelors,False,True,False,1,False,True,True,True,True
4473,4473,24,False,20.08333333333333,BlackOnly,25610,Low,False,False,False,1,False,False,True,True,True
4474,4474,24,False,39.083333333333336,Other,16435,HighSchoolOrCollege,False,False,False,1,False,True,False,False,False
4475,4475,24,False,18.08333333333333,BlackOnly,235312,Bachelors,False,True,False,1,True,True,False,True,True
4476,4476,24,False,18.08333333333333,BlackOnly,28065,HighSchoolOrCollege,False,False,False,1,False,False,False,True,False
4477,4477,24,False,37.083333333333336,BlackOnly,20165,Graduate,False,False,False,1,True,False,False,True,False
4478,4478,24,False,25.08333333333333,WhiteOnly,42742,Low,True,False,False,1,True,False,True,False,False
4479,4479,24,False,31.08333333333333,WhiteOnly,27295,Low,True,False,False,1,False,False,True,True,False
4480,4480,24,False,41.083333333333336,WhiteOnly,57610,Bachelors,True,False,False,1,True,True,True,True,False
4481,4481,24,False,44.083333333333336,BlackOnly,17959,Low,False,False,False,1,True,False,False,True,False
4482,4482,24,False,34.083333333333336,BlackOnly,36275,HighSchoolOrCollege,False,False,False,1,True,True,True,True,False
4483,4483,24,False,35.083333333333336,BlackOnly,37240,Graduate,False,False,False,1,False,False,False,True,False
4484,4484,24,False,20.08333333333333,BlackOnly,85738,Bachelors,False,True,False,1,False,True,True,True,True
4485,4485,24,False,28.08333333333333,WhiteOnly,383253,Low,True,True,False,1,True,True,True,False,False
4486,4486,24,True,53.083333333333336,BlackOnly,1097,Graduate,False,False,True,1,False,True,True,False,True
4487,4487,24,False,42.083333333333336,BlackOnly,41373,Graduate,False,False,False,1,False,True,False,True,True
4488,4488,24,False,19.08333333333333,BlackOnly,12117,Graduate,False,False,False,1,False,False,True,True,True
4489,4489,24,True,48.083333333333336,BlackOnly,13590,HighSchoolOrCollege,False,False,False,1,True,False,False,True,False
4490,4490,24,True,61.083333333333336,BlackOnly,11836,HighSchoolOrCollege,False,False,True,1,True,False,True,False,True
4491,4491,24,False,54.083333333333336,BlackOnly,90578,Graduate,False,True,True,1,True,True,True,True,True
4492,4492,24,True,51.083333333333336,BlackOnly,31630,HighSchoolOrCollege,False,False,True,1,True,False,True,False,False
4493,4493,24,True,30.08333333333333,BlackOnly,31450,Low,False,False,False,1,False,True,True,True,False
4494,4494,24,False,24.08333333333333,BlackOnly,98657,Bachelors,False,True,False,1,False,True,True,True,True
4495,4495,24,True,33.083333333333336,BlackOnly,90589,Bachelors,False,True,False,1,False,True,True,False,False
4496,4496,24,True,29.08333333333333,BlackOnly,6731,Bachelors,False,False,False,1,False,False,False,False,True
4497,4497,24,False,26.08333333333333,BlackOnly,82572,Bachelors,False,True,False,1,False,True,True,True,False
4498,4498,24,False,36.083333333333336,BlackOnly,48832,Graduate,False,False,False,1,False,False,True,True,True
4499,4499,24,False,26.08333333333333,BlackOnly,565,Graduate,False,False,False,1,True,False,False,True,False
4500,4500,24,False,37.083333333333336,BlackOnly,90997,Bachelors,False,True,False,1,False,True,False,True,False
4501,4501,24,True,60.083333333333336,BlackOnly,99129,HighSchoolOrCollege,False,True,True,1,False,True,True,False,True
4502,4502,24,True,29.08333333333333,BlackOnly,34337,HighSchoolOrCollege,False,False,False,1,False,True,True,True,True
4503,4503,24,False,60.083333333333336,Other,176252,HighSchoolOrCollege,False,True,True,1,True,True,True,True,True
4504,4504,25,True,44.083333333333336,BlackOnly,82677,HighSchoolOrCollege,False,True,False,1,False,True,True,False,False
4505,4505,25,False,55.083333333333336,WhiteOnly,20223,HighSchoolOrCollege,True,False,True,1,False,False,False,True,True
4506,4506,25,False,29.08333333333333,Plus2Races,239336,Bachelors,False,True,False,1,False,False,True,False,True
4507,4507,25,True,57.083333333333336,WhiteOnly,76517,HighSchoolOrCollege,True,True,True,1,True,True,False,True,False
4508,4508,25,False,20.08333333333333,BlackOnly,96669,HighSchoolOrCollege,False,True,False,1,False,True,False,True,True
4509,4509,25,False,51.083333333333336,BlackOnly,96565,Low,False,True,True,1,True,True,True,True,False
4510,4510,25,False,26.08333333333333,BlackOnly,65151,Bachelors,False,False,False,1,False,False,False,False,True
4511,4511,25,False,49.083333333333336,BlackOnly,93862,HighSchoolOrCollege,False,True,False,1,True,True,True,True,False
4512,4512,25,False,24.08333333333333,BlackOnly,42478,Low,False,False,False,1,True,False,True,True,False
4513,4513,25,True,50.083333333333336,WhiteOnly,335941,HighSchoolOrCollege,True,True,True,1,False,True,False,False,True
4514,4514,25,False,55.083333333333336,AsianOnly,28315,HighSchoolOrCollege,False,False,True,1,True,False,True,True,False
4515,4515,25,False,33.083333333333336,BlackOnly,29362,HighSchoolOrCollege,False,False,False,1,True,False,False,True,False
4516,4516,25,False,20.08333333333333,AsianOnly,54443,HighSchoolOrCollege,False,False,False,1,False,True,False,True,True
4517,4517,25,False,42.083333333333336,BlackOnly,132943,HighSchoolOrCollege,False,True,False,1,False,True,False,True,False
4518,4518,25,False,33.083333333333336,BlackOnly,95389,Graduate,False,True,False,1,True,True,False,True,True
4519,4519,25,True,29.08333333333333,WhiteOnly,36782,Bachelors,True,False,False,1,False,False,False,False,False
4520,4520,25,True,23.08333333333333,BlackOnly,41562,Bachelors,False,False,False,1,False,False,False,False,True
4521,4521,25,True,42.083333333333336,WhiteOnly,43357,HighSchoolOrCollege,True,False,False,1,True,False,False,True,False
4522,4522,25,True,33.083333333333336,BlackOnly,421727,HighSchoolOrCollege,False,True,False,1,False,True,False,False,True
4523,4523,25,True,39.083333333333336,BlackOnly,35367,HighSchoolOrCollege,False,False,False,1,True,True,True,False,False
4524,4524,25,True,26.08333333333333,WhiteOnly,76497,HighSchoolOrCollege,True,True,False,1,False,True,True,False,False
4525,4525,25,False,33.083333333333336,BlackOnly,69098,HighSchoolOrCollege,False,False,False,1,False,False,False,True,False
4526,4526,25,False,24.08333333333333,WhiteOnly,28077,Bachelors,True,False,False,1,False,False,True,True,True
4527,4527,25,False,30.08333333333333,BlackOnly,23241,Graduate,False,False,False,1,False,False,False,True,False
4528,4528,25,False,54.083333333333336,BlackOnly,99210,HighSchoolOrCollege,False,True,True,1,True,True,True,True,False
4529,4529,25,True,33.083333333333336,BlackOnly,80460,Bachelors,False,True,False,1,False,True,True,True,True
4530,4530,25,False,40.083333333333336,BlackOnly,38725,HighSchoolOrCollege,False,False,False,1,False,False,True,True,False
4531,4531,25,True,32.083333333333336,WhiteOnly,38572,HighSchoolOrCollege,True,False,False,1,False,False,False,True,False
4532,4532,25,False,27.08333333333333,BlackOnly,31056,HighSchoolOrCollege,False,False,False,1,False,True,False,False,False
4533,4533,25,False,27.08333333333333,WhiteOnly,468308,HighSchoolOrCollege,True,True,False,1,False,True,True,True,True
4534,4534,25,True,22.08333333333333,WhiteOnly,84704,HighSchoolOrCollege,True,True,False,1,True,False,False,True,False
4535,4535,25,True,29.08333333333333,BlackOnly,88622,Bachelors,False,True,False,1,False,True,True,True,False
4536,4536,25,True,29.08333333333333,BlackOnly,171953,Graduate,False,True,False,1,True,True,True,False,True
4537,4537,25,False,23.08333333333333,WhiteOnly,10971,HighSchoolOrCollege,True,False,False,1,True,True,False,True,False
4538,4538,25,True,26.08333333333333,WhiteOnly,39383,HighSchoolOrCollege,True,False,False,1,False,False,False,False,True
4539,4539,25,True,28.08333333333333,BlackOnly,29885,HighSchoolOrCollege,False,False,False,1,True,True,True,True,False
4540,4540,25,True,33.083333333333336,BlackOnly,36268,Graduate,False,False,False,1,True,False,True,False,False
4541,4541,25,False,55.083333333333336,BlackOnly,42981,HighSchoolOrCollege,False,False,True,1,True,True,True,True,True
4542,4542,25,True,31.08333333333333,WhiteOnly,86553,HighSchoolOrCollege,True,True,False,1,True,True,False,True,False
4543,4543,25,False,24.08333333333333,Plus2Races,99315,HighSchoolOrCollege,False,True,False,1,True,True,False,False,True
4544,4544,25,True,31.08333333333333,BlackOnly,44706,HighSchoolOrCollege,False,False,False,1,True,True,True,True,False
4545,4545,25,True,39.083333333333336,Plus2Races,43871,Bachelors,False,False,False,1,False,False,True,True,False
4546,4546,25,False,59.083333333333336,WhiteOnly,80593,Bachelors,True,True,True,1,True,True,False,True,False
4547,4547,25,False,21.08333333333333,BlackOnly,66170,HighSchoolOrCollege,False,False,False,1,False,False,True,True,False
4548,4548,25,False,26.08333333333333,WhiteOnly,98582,Bachelors,True,True,False,1,False,True,False,False,True
4549,4549,25,False,21.08333333333333,BlackOnly,272721,Bachelors,False,True,False,1,False,True,True,True,False
4550,4550,25,False,29.08333333333333,WhiteOnly,454482,HighSchoolOrCollege,True,True,False,1,False,True,True,False,False
4551,4551,25,False,25.08333333333333,BlackOnly,60440,HighSchoolOrCollege,False,False,False,1,False,False,True,False,True
4552,4552,25,True,28.08333333333333,BlackOnly,36399,HighSchoolOrCollege,False,False,False,1,True,True,True,False,False
4553,4553,25,False,29.08333333333333,BlackOnly,49454,HighSchoolOrCollege,False,False,False,1,False,True,True,False,False
4554,4554,25,True,22.08333333333333,WhiteOnly,91117,HighSchoolOrCollege,True,True,False,1,False,True,False,False,True
4555,4555,25,True,32.083333333333336,BlackOnly,32322,Bachelors,False,False,False,1,False,True,True,False,True
4556,4556,25,False,32.083333333333336,WhiteOnly,40363,HighSchoolOrCollege,True,False,False,1,False,False,False,True,True
4557,4557,25,False,22.08333333333333,Plus2Races,468977,Bachelors,False,True,False,1,False,False,False,True,True
4558,4558,25,False,27.08333333333333,WhiteOnly,474743,HighSchoolOrCollege,True,True,False,1,False,True,True,True,False
4559,4559,25,False,25.08333333333333,BlackOnly,33042,HighSchoolOrCollege,False,False,False,1,True,False,True,True,False
4560,4560,25,False,42.083333333333336,WhiteOnly,25651,Bachelors,True,False,False,1,True,False,False,False,True
4561,4561,25,True,48.083333333333336,WhiteOnly,46264,HighSchoolOrCollege,True,False,False,1,False,True,True,False,False
4562,4562,25,True,22.08333333333333,AsianOnly,98981,Graduate,False,True,False,1,False,False,True,True,True
4563,4563,25,False,33.083333333333336,BlackOnly,53163,Bachelors,False,False,False,1,False,True,False,True,True
4564,4564,25,False,29.08333333333333,BlackOnly,63210,HighSchoolOrCollege,False,False,False,1,False,False,False,False,False
4565,4565,25,True,33.083333333333336,Plus2Races,43330,HighSchoolOrCollege,False,False,False,1,False,True,True,False,True
4566,4566,25,False,16.083333333333332,BlackOnly,36409,HighSchoolOrCollege,False,False,False,1,False,True,True,False,False
4567,4567,25,False,20.08333333333333,BlackOnly,270689,HighSchoolOrCollege,False,True,False,1,False,True,False,False,False
4568,4568,25,True,26.08333333333333,AsianOnly,478903,Bachelors,False,True,False,1,True,True,True,False,False
4569,4569,25,True,42.083333333333336,WhiteOnly,73946,HighSchoolOrCollege,True,True,False,1,True,True,False,False,True
4570,4570,25,True,23.08333333333333,AsianOnly,99092,HighSchoolOrCollege,False,True,False,1,True,True,False,True,False
4571,4571,25,False,34.083333333333336,BlackOnly,55843,Graduate,False,False,False,1,True,False,True,True,True
4572,4572,25,False,42.083333333333336,BlackOnly,146033,Bachelors,False,True,False,1,True,False,True,False,True
4573,4573,25,False,24.08333333333333,BlackOnly,41740,HighSchoolOrCollege,False,False,False,1,True,False,False,True,True
4574,4574,25,False,38.083333333333336,BlackOnly,96947,HighSchoolOrCollege,False,True,False,1,True,False,True,False,False
4575,4575,25,False,23.08333333333333,BlackOnly,46122,Graduate,False,False,False,1,True,False,True,True,False
4576,4576,25,True,31.08333333333333,BlackOnly,311096,HighSchoolOrCollege,False,True,False,1,False,True,False,True,False
4577,4577,25,True,60.083333333333336,WhiteOnly,25268,HighSchoolOrCollege,True,False,True,1,False,True,False,False,False
4578,4578,25,False,33.083333333333336,BlackOnly,13244,Bachelors,False,False,False,1,False,False,True,False,False
4579,4579,25,False,22.08333333333333,BlackOnly,38144,Bachelors,False,False,False,1,False,False,True,True,True
4580,4580,25,True,24.08333333333333,WhiteOnly,90064,Graduate,True,True,False,1,False,True,False,True,True
4581,4581,25,True,21.08333333333333,BlackOnly,14859,HighSchoolOrCollege,False,False,False,1,False,True,True,True,True
4582,4582,25,False,61.083333333333336,WhiteOnly,215775,HighSchoolOrCollege,True,True,True,1,False,True,True,True,False
4583,4583,25,True,24.08333333333333,WhiteOnly,31196,HighSchoolOrCollege,True,False,False,1,True,False,False,True,True
4584,4584,25,True,21.08333333333333,AsianOnly,89751,HighSchoolOrCollege,False,True,False,1,False,True,True,False,True
4585,4585,25,False,38.083333333333336,BlackOnly,40627,HighSchoolOrCollege,False,False,False,1,True,True,False,True,False
4586,4586,25,False,33.083333333333336,BlackOnly,478432,Bachelors,False,True,False,1,True,True,True,False,False
4587,4587,25,False,21.08333333333333,BlackOnly,50610,HighSchoolOrCollege,False,False,False,1,True,False,False,False,False
4588,4588,25,False,33.083333333333336,Plus2Races,36435,HighSchoolOrCollege,False,False,False,1,False,True,False,False,True
4589,4589,25,False,17.083333333333332,BlackOnly,235312,Bachelors,False,True,False,1,True,True,False,True,True
4590,4590,25,False,19.08333333333333,BlackOnly,53065,HighSchoolOrCollege,False,False,False,1,False,False,False,True,True
4591,4591,25,False,30.08333333333333,BlackOnly,45165,Bachelors,False,False,False,1,False,False,True,True,False
4592,4592,25,False,22.08333333333333,WhiteOnly,42742,HighSchoolOrCollege,True,False,False,1,False,False,False,True,False
4593,4593,25,False,25.08333333333333,WhiteOnly,52295,Low,True,False,False,1,False,True,False,True,False
4594,4594,25,False,39.083333333333336,WhiteOnly,57610,Bachelors,True,False,False,1,True,False,False,True,False
4595,4595,25,False,39.083333333333336,AsianOnly,32959,Low,False,False,False,1,True,False,False,False,False
4596,4596,25,False,26.08333333333333,AsianOnly,61275,HighSchoolOrCollege,False,False,False,1,False,True,True,True,True
4597,4597,25,False,33.083333333333336,BlackOnly,37240,Graduate,False,False,False,1,True,True,False,True,False
4598,4598,25,False,22.08333333333333,BlackOnly,85738,Bachelors,False,True,False,1,False,True,False,True,True
4599,4599,25,False,22.08333333333333,WhiteOnly,383253,HighSchoolOrCollege,True,True,False,1,False,True,False,True,False
4600,4600,25,True,46.083333333333336,AsianOnly,16097,Graduate,False,False,False,1,True,False,True,False,True
4601,4601,25,False,36.083333333333336,BlackOnly,66373,Graduate,False,False,False,1,True,False,True,True,True
4602,4602,25,False,18.08333333333333,BlackOnly,47117,Bachelors,False,False,False,1,False,True,True,False,False
4603,4603,25,True,49.083333333333336,BlackOnly,28590,HighSchoolOrCollege,False,False,False,1,False,True,True,True,True
4604,4604,25,True,57.083333333333336,BlackOnly,11836,HighSchoolOrCollege,False,False,True,1,True,False,True,True,False
4605,4605,25,False,49.083333333333336,BlackOnly,90578,Bachelors,False,True,False,1,True,True,True,True,True
4606,4606,25,True,45.083333333333336,BlackOnly,31630,HighSchoolOrCollege,False,False,False,1,False,False,False,True,False
4607,4607,25,True,27.08333333333333,BlackOnly,31450,HighSchoolOrCollege,False,False,False,1,False,False,False,True,True
4608,4608,25,False,23.08333333333333,BlackOnly,98657,Bachelors,False,True,False,1,False,True,False,True,True
4609,4609,25,True,25.08333333333333,AsianOnly,90589,Bachelors,False,True,False,1,False,True,False,True,True
4610,4610,25,True,22.08333333333333,BlackOnly,16731,Bachelors,False,False,False,1,True,False,False,True,False
4611,4611,25,False,22.08333333333333,BlackOnly,82572,Bachelors,False,True,False,1,False,False,True,False,False
4612,4612,25,False,34.083333333333336,BlackOnly,48832,Graduate,False,False,False,1,True,True,True,True,True
4613,4613,25,False,20.08333333333333,BlackOnly,10565,Graduate,False,False,False,1,False,False,True,True,True
4614,4614,25,False,30.08333333333333,WhiteOnly,90997,Bachelors,True,True,False,1,True,True,True,True,False
4615,4615,25,True,57.083333333333336,WhiteOnly,99129,HighSchoolOrCollege,True,True,True,1,False,True,True,False,False
4616,4616,25,True,21.08333333333333,BlackOnly,34337,HighSchoolOrCollege,False,False,False,1,False,True,True,False,True
4617,4617,25,False,57.083333333333336,Other,176252,HighSchoolOrCollege,False,True,True,1,True,True,True,False,False
4618,4618,25,True,35.083333333333336,BlackOnly,15695,Bachelors,False,False,False,1,True,False,True,False,True
4619,4619,25,True,27.08333333333333,Plus2Races,51176,HighSchoolOrCollege,False,False,False,1,True,True,False,True,False
4620,4620,25,False,53.083333333333336,BlackOnly,21922,Graduate,False,False,True,1,True,False,False,True,False
4621,4621,25,False,59.083333333333336,WhiteOnly,25407,HighSchoolOrCollege,True,False,True,1,True,True,False,False,False
4622,4622,25,True,31.08333333333333,WhiteOnly,129524,Bachelors,True,True,False,1,True,False,False,True,False
4623,4623,25,False,45.083333333333336,BlackOnly,36594,Bachelors,False,False,False,1,False,False,True,True,True
4624,4624,25,True,21.08333333333333,WhiteOnly,19556,HighSchoolOrCollege,True,False,False,1,True,True,False,False,False
4625,4625,25,False,55.083333333333336,WhiteOnly,27154,HighSchoolOrCollege,True,False,True,1,False,False,False,False,False
4626,4626,25,True,26.08333333333333,BlackOnly,91019,Low,False,True,False,1,True,False,False,False,False
4627,4627,25,False,43.083333333333336,BlackOnly,90442,Bachelors,False,True,False,1,False,True,False,False,True
4628,4628,25,False,26.08333333333333,BlackOnly,56451,Bachelors,False,False,False,1,True,False,False,True,True
4629,4629,25,False,25.08333333333333,WhiteOnly,37830,HighSchoolOrCollege,True,False,False,1,True,False,False,True,True
4630,4630,25,True,27.08333333333333,BlackOnly,90301,Bachelors,False,True,False,1,True,False,True,False,True
4631,4631,25,False,26.08333333333333,BlackOnly,72436,Bachelors,False,True,False,1,True,False,True,True,True
4632,4632,25,False,20.08333333333333,BlackOnly,44876,Bachelors,False,False,False,1,False,True,False,True,False
4633,4633,25,False,53.083333333333336,BlackOnly,61500,Bachelors,False,False,True,1,True,False,False,True,True
4634,4634,25,False,25.08333333333333,BlackOnly,46466,HighSchoolOrCollege,False,False,False,1,True,True,True,False,False
4635,4635,25,True,15.083333333333334,WhiteOnly,54190,HighSchoolOrCollege,True,False,False,1,True,True,False,False,False
4636,4636,25,False,49.083333333333336,WhiteOnly,99919,HighSchoolOrCollege,True,True,False,1,True,False,True,False,False
4637,4637,25,True,37.083333333333336,BlackOnly,83217,HighSchoolOrCollege,False,True,False,1,True,False,True,False,False
4638,4638,25,True,58.083333333333336,BlackOnly,24681,Low,False,False,True,1,False,False,False,False,False
4639,4639,25,False,31.08333333333333,WhiteOnly,457475,HighSchoolOrCollege,True,True,False,1,False,True,False,True,False
4640,4640,25,True,23.08333333333333,BlackOnly,70004,HighSchoolOrCollege,False,True,False,1,True,False,False,False,False
4641,4641,25,True,31.08333333333333,BlackOnly,13650,HighSchoolOrCollege,False,False,False,1,True,False,True,True,True
4642,4642,25,False,44.083333333333336,BlackOnly,81831,HighSchoolOrCollege,False,True,False,1,False,True,False,True,False
4643,4643,26,True,38.083333333333336,BlackOnly,82677,HighSchoolOrCollege,False,True,False,1,False,True,True,False,False
4644,4644,26,False,55.083333333333336,WhiteOnly,20223,HighSchoolOrCollege,True,False,True,1,True,False,False,True,True
4645,4645,26,False,30.08333333333333,Plus2Races,239336,Bachelors,False,True,False,1,False,False,False,False,False
4646,4646,26,True,53.083333333333336,WhiteOnly,76517,Low,True,True,True,1,False,True,True,False,False
4647,4647,26,False,20.08333333333333,BlackOnly,96669,HighSchoolOrCollege,False,True,False,1,False,True,False,False,False
4648,4648,26,False,49.083333333333336,BlackOnly,96565,Low,False,True,False,1,True,True,False,True,False
4649,4649,26,False,28.08333333333333,BlackOnly,65151,Bachelors,False,False,False,1,True,True,False,False,True
4650,4650,26,False,44.083333333333336,BlackOnly,93862,HighSchoolOrCollege,False,True,False,1,True,True,False,True,False
4651,4651,26,False,24.08333333333333,BlackOnly,42478,Low,False,False,False,1,True,True,False,False,False
4652,4652,26,True,46.083333333333336,WhiteOnly,335941,Low,True,True,False,1,True,False,False,False,False
4653,4653,26,False,59.083333333333336,BlackOnly,28315,HighSchoolOrCollege,False,False,True,1,True,True,True,False,True
4654,4654,26,False,34.083333333333336,BlackOnly,29362,HighSchoolOrCollege,False,False,False,1,True,False,False,True,True
4655,4655,26,False,25.08333333333333,AsianOnly,79443,HighSchoolOrCollege,False,True,False,1,False,True,True,True,False
4656,4656,26,False,35.083333333333336,BlackOnly,132943,HighSchoolOrCollege,False,True,False,1,True,False,True,False,False
4657,4657,26,False,30.08333333333333,BlackOnly,95389,Graduate,False,True,False,1,False,False,False,True,False
4658,4658,26,True,26.08333333333333,WhiteOnly,36782,Bachelors,True,False,False,1,False,True,True,True,False
4659,4659,26,True,24.08333333333333,BlackOnly,41562,Bachelors,False,False,False,1,False,False,True,False,True
4660,4660,26,True,39.083333333333336,WhiteOnly,13357,Low,True,False,False,1,False,True,False,False,False
4661,4661,26,True,31.08333333333333,BlackOnly,421727,Low,False,True,False,1,True,True,True,False,False
4662,4662,26,True,34.083333333333336,BlackOnly,35367,HighSchoolOrCollege,False,False,False,1,True,True,True,False,True
4663,4663,26,True,28.08333333333333,WhiteOnly,76497,Low,True,True,False,1,True,True,False,True,False
4664,4664,26,False,31.08333333333333,BlackOnly,94098,Low,False,True,False,1,False,True,True,True,False
4665,4665,26,False,25.08333333333333,WhiteOnly,28077,Bachelors,True,False,False,1,True,False,False,True,False
4666,4666,26,False,34.083333333333336,BlackOnly,23241,Graduate,False,False,False,1,False,False,True,False,True
4667,4667,26,False,45.083333333333336,BlackOnly,99210,HighSchoolOrCollege,False,True,False,1,True,True,False,True,False
4668,4668,26,True,34.083333333333336,BlackOnly,80460,Bachelors,False,True,False,1,True,False,False,True,True
4669,4669,26,False,39.083333333333336,BlackOnly,38725,Low,False,False,False,1,False,False,False,True,False
4670,4670,26,True,30.08333333333333,WhiteOnly,63572,HighSchoolOrCollege,True,False,False,1,True,True,False,True,True
4671,4671,26,False,25.08333333333333,BlackOnly,31056,HighSchoolOrCollege,False,False,False,1,False,False,False,True,True
4672,4672,26,False,29.08333333333333,WhiteOnly,468308,HighSchoolOrCollege,True,True,False,1,True,False,True,True,True
4673,4673,26,True,28.08333333333333,WhiteOnly,84704,Low,True,True,False,1,False,True,False,False,False
4674,4674,26,True,30.08333333333333,BlackOnly,88622,Bachelors,False,True,False,1,True,True,False,False,True
4675,4675,26,True,27.08333333333333,BlackOnly,171953,Graduate,False,True,False,1,True,True,False,True,False
4676,4676,26,False,29.08333333333333,WhiteOnly,10971,HighSchoolOrCollege,True,False,False,1,True,False,False,True,True
4677,4677,26,True,33.083333333333336,WhiteOnly,64383,HighSchoolOrCollege,True,False,False,1,False,False,False,False,False
4678,4678,26,True,29.08333333333333,BlackOnly,54885,HighSchoolOrCollege,False,False,False,1,False,True,False,True,True
4679,4679,26,True,33.083333333333336,BlackOnly,61268,Bachelors,False,False,False,1,False,False,True,False,False
4680,4680,26,False,59.083333333333336,BlackOnly,42981,HighSchoolOrCollege,False,False,True,1,False,True,True,False,False
4681,4681,26,True,31.08333333333333,WhiteOnly,86553,HighSchoolOrCollege,True,True,False,1,True,False,False,False,False
4682,4682,26,False,29.08333333333333,Plus2Races,99315,HighSchoolOrCollege,False,True,False,1,True,True,False,True,False
4683,4683,26,True,31.08333333333333,BlackOnly,14706,HighSchoolOrCollege,False,False,False,1,False,False,False,False,False
4684,4684,26,True,37.083333333333336,Plus2Races,43871,Bachelors,False,False,False,1,False,False,False,True,True
4685,4685,26,False,58.083333333333336,WhiteOnly,80593,Bachelors,True,True,True,1,True,False,False,True,False
4686,4686,26,False,27.08333333333333,BlackOnly,66170,HighSchoolOrCollege,False,False,False,1,True,False,False,True,False
4687,4687,26,False,25.08333333333333,WhiteOnly,98582,Bachelors,True,True,False,1,True,True,True,True,True
4688,4688,26,False,22.08333333333333,BlackOnly,272721,Bachelors,False,True,False,1,False,True,True,True,True
4689,4689,26,False,34.083333333333336,WhiteOnly,454482,HighSchoolOrCollege,True,True,False,1,False,True,False,True,False
4690,4690,26,False,27.08333333333333,BlackOnly,60440,HighSchoolOrCollege,False,False,False,1,True,True,True,True,True
4691,4691,26,True,28.08333333333333,BlackOnly,36399,HighSchoolOrCollege,False,False,False,1,False,True,False,False,True
4692,4692,26,False,28.08333333333333,BlackOnly,49454,Low,False,False,False,1,False,False,False,True,False
4693,4693,26,True,28.08333333333333,WhiteOnly,91117,HighSchoolOrCollege,True,True,False,1,True,True,False,False,False
4694,4694,26,True,32.083333333333336,BlackOnly,32322,Bachelors,False,False,False,1,False,False,True,False,True
4695,4695,26,False,33.083333333333336,WhiteOnly,40363,Low,True,False,False,1,True,True,False,True,True
4696,4696,26,False,23.08333333333333,Plus2Races,468977,Bachelors,False,True,False,1,True,False,True,False,True
4697,4697,26,False,28.08333333333333,WhiteOnly,474743,HighSchoolOrCollege,True,True,False,1,True,False,True,True,True
4698,4698,26,False,25.08333333333333,BlackOnly,33042,HighSchoolOrCollege,False,False,False,1,True,True,False,True,False
4699,4699,26,False,39.083333333333336,WhiteOnly,15651,Bachelors,True,False,False,1,True,True,True,True,False
4700,4700,26,True,43.083333333333336,WhiteOnly,46264,HighSchoolOrCollege,True,False,False,1,True,True,False,False,False
4701,4701,26,True,24.08333333333333,BlackOnly,98981,Graduate,False,True,False,1,True,True,False,False,True
4702,4702,26,False,33.083333333333336,BlackOnly,53163,Bachelors,False,False,False,1,True,False,False,False,True
4703,4703,26,False,29.08333333333333,BlackOnly,63210,Low,False,False,False,1,False,False,False,True,True
4704,4704,26,True,30.08333333333333,Plus2Races,68330,HighSchoolOrCollege,False,False,False,1,False,False,True,True,False
4705,4705,26,False,18.08333333333333,BlackOnly,36409,HighSchoolOrCollege,False,False,False,1,False,False,True,True,False
4706,4706,26,False,23.08333333333333,BlackOnly,95689,HighSchoolOrCollege,False,True,False,1,True,False,True,True,False
4707,4707,26,True,26.08333333333333,BlackOnly,478903,Bachelors,False,True,False,1,False,True,False,True,False
4708,4708,26,False,39.083333333333336,WhiteOnly,73946,Low,True,True,False,1,True,True,True,False,True
4709,4709,26,True,21.08333333333333,BlackOnly,99092,HighSchoolOrCollege,False,True,False,1,False,False,True,True,True
4710,4710,26,False,32.083333333333336,BlackOnly,80843,Bachelors,False,True,False,1,False,True,True,True,False
4711,4711,26,False,36.083333333333336,BlackOnly,146033,Bachelors,False,True,False,1,True,False,False,True,False
4712,4712,26,False,20.08333333333333,BlackOnly,41740,HighSchoolOrCollege,False,False,False,1,True,True,False,False,False
4713,4713,26,False,34.083333333333336,BlackOnly,96947,HighSchoolOrCollege,False,True,False,1,False,False,False,True,False
4714,4714,26,False,24.08333333333333,BlackOnly,11122,Graduate,False,False,False,1,True,False,False,True,True
4715,4715,26,True,32.083333333333336,BlackOnly,311096,HighSchoolOrCollege,False,True,False,1,False,True,True,True,True
4716,4716,26,True,60.083333333333336,WhiteOnly,25268,HighSchoolOrCollege,True,False,True,1,True,False,False,True,True
4717,4717,26,False,33.083333333333336,WhiteOnly,13244,Bachelors,True,False,False,1,False,True,False,True,True
4718,4718,26,False,28.08333333333333,BlackOnly,38144,Bachelors,False,False,False,1,False,True,True,True,False
4719,4719,26,True,28.08333333333333,WhiteOnly,90064,Bachelors,True,True,False,1,False,True,True,False,False
4720,4720,26,True,22.08333333333333,BlackOnly,14859,HighSchoolOrCollege,False,False,False,1,True,False,False,True,True
4721,4721,26,False,61.083333333333336,WhiteOnly,215775,HighSchoolOrCollege,True,True,True,1,True,False,False,True,False
4722,4722,26,True,25.08333333333333,WhiteOnly,21196,HighSchoolOrCollege,True,False,False,1,False,False,False,False,False
4723,4723,26,True,24.08333333333333,AsianOnly,89751,HighSchoolOrCollege,False,True,False,1,True,True,False,True,False
4724,4724,26,False,31.08333333333333,BlackOnly,20627,HighSchoolOrCollege,False,False,False,1,True,True,True,True,True
4725,4725,26,False,31.08333333333333,WhiteOnly,478432,Bachelors,True,True,False,1,True,True,False,True,False
4726,4726,26,False,20.08333333333333,BlackOnly,50610,Low,False,False,False,1,False,True,False,True,False
4727,4727,26,False,32.083333333333336,Other,36435,HighSchoolOrCollege,False,False,False,1,True,False,False,False,False
4728,4728,26,False,23.08333333333333,BlackOnly,235312,Bachelors,False,True,False,1,False,False,True,False,False
4729,4729,26,False,24.08333333333333,BlackOnly,53065,HighSchoolOrCollege,False,False,False,1,False,True,False,True,True
4730,4730,26,False,34.083333333333336,BlackOnly,45165,Bachelors,False,False,False,1,True,True,True,True,False
4731,4731,26,False,25.08333333333333,WhiteOnly,67742,Low,True,False,False,1,True,False,True,False,False
4732,4732,26,False,25.08333333333333,WhiteOnly,52295,Low,True,False,False,1,True,True,False,True,False
4733,4733,26,False,30.08333333333333,WhiteOnly,82610,Bachelors,True,True,False,1,True,True,False,False,True
4734,4734,26,False,34.083333333333336,BlackOnly,32959,Low,False,False,False,1,False,False,True,True,True
4735,4735,26,False,28.08333333333333,BlackOnly,61275,HighSchoolOrCollege,False,False,False,1,True,False,True,False,True
4736,4736,26,False,31.08333333333333,BlackOnly,37240,Bachelors,False,False,False,1,False,False,False,True,True
4737,4737,26,False,23.08333333333333,BlackOnly,85738,Bachelors,False,True,False,1,False,False,False,False,True
4738,4738,26,False,26.08333333333333,WhiteOnly,383253,Low,True,True,False,1,True,True,False,True,False
4739,4739,26,True,42.083333333333336,BlackOnly,16097,Graduate,False,False,False,1,True,True,True,False,True
4740,4740,26,False,31.08333333333333,BlackOnly,66373,Graduate,False,False,False,1,False,False,True,False,True
4741,4741,26,False,19.08333333333333,BlackOnly,47117,Bachelors,False,False,False,1,False,True,True,True,True
4742,4742,26,True,41.083333333333336,BlackOnly,13590,HighSchoolOrCollege,False,False,False,1,True,False,False,True,True
4743,4743,26,False,56.083333333333336,BlackOnly,11836,HighSchoolOrCollege,False,False,True,1,True,False,True,True,True
4744,4744,26,False,44.083333333333336,BlackOnly,90578,Bachelors,False,True,False,1,True,True,False,True,False
4745,4745,26,False,44.083333333333336,BlackOnly,56630,HighSchoolOrCollege,False,False,False,1,True,True,True,False,False
4746,4746,27,True,53.083333333333336,BlackOnly,57677,HighSchoolOrCollege,False,False,True,1,True,False,True,False,False
4747,4747,27,False,60.083333333333336,BlackOnly,20223,HighSchoolOrCollege,False,False,True,1,True,False,False,False,False
4748,4748,27,False,34.083333333333336,Plus2Races,239336,Bachelors,False,True,False,1,False,True,True,True,True
4749,4749,27,True,57.083333333333336,BlackOnly,51517,HighSchoolOrCollege,False,False,True,1,True,True,False,False,True
4750,4750,27,False,17.083333333333332,BlackOnly,71669,HighSchoolOrCollege,False,True,False,1,False,False,False,True,False
4751,4751,27,False,56.083333333333336,BlackOnly,71565,Low,False,True,True,1,True,False,True,False,False
4752,4752,27,False,33.083333333333336,BlackOnly,40151,Bachelors,False,False,False,1,True,True,False,True,False
4753,4753,27,False,58.083333333333336,BlackOnly,68862,HighSchoolOrCollege,False,False,True,1,True,False,True,False,True
4754,4754,27,True,17.083333333333332,BlackOnly,42478,Low,False,False,False,1,True,True,True,False,False
4755,4755,27,True,56.083333333333336,WhiteOnly,335941,Low,True,True,True,1,True,True,True,False,True
4756,4756,27,False,60.083333333333336,BlackOnly,23315,HighSchoolOrCollege,False,False,True,1,False,False,False,True,False
4757,4757,27,False,35.083333333333336,BlackOnly,29362,HighSchoolOrCollege,False,False,False,1,True,False,False,True,False
4758,4758,27,False,25.08333333333333,BlackOnly,54443,HighSchoolOrCollege,False,False,False,1,True,True,True,True,True
4759,4759,27,False,45.083333333333336,BlackOnly,57943,HighSchoolOrCollege,False,False,False,1,True,False,False,True,False
4760,4760,27,False,43.083333333333336,BlackOnly,70389,Graduate,False,True,False,1,False,False,True,False,True
4761,4761,27,True,30.08333333333333,BlackOnly,36782,Bachelors,False,False,False,1,False,True,True,False,True
4762,4762,27,True,21.08333333333333,BlackOnly,41562,HighSchoolOrCollege,False,False,False,1,True,False,True,False,False
4763,4763,27,True,53.083333333333336,BlackOnly,13357,Low,False,False,True,1,False,False,True,False,False
4764,4764,27,True,43.083333333333336,BlackOnly,421727,Low,False,True,False,1,False,False,False,False,False
4765,4765,27,True,43.083333333333336,BlackOnly,35367,HighSchoolOrCollege,False,False,False,1,False,False,True,True,False
4766,4766,27,True,26.08333333333333,BlackOnly,51497,Low,False,False,False,1,True,False,False,True,False
4767,4767,27,False,35.083333333333336,BlackOnly,69098,Low,False,False,False,1,False,True,True,True,False
4768,4768,27,False,27.08333333333333,BlackOnly,28077,Bachelors,False,False,False,1,False,False,False,False,False
4769,4769,27,False,42.083333333333336,BlackOnly,23241,Graduate,False,False,False,1,False,False,False,True,True
4770,4770,27,False,55.083333333333336,BlackOnly,74210,HighSchoolOrCollege,False,True,True,1,True,True,False,True,False
4771,4771,27,True,38.083333333333336,BlackOnly,55460,HighSchoolOrCollege,False,False,False,1,True,True,False,True,False
4772,4772,27,False,48.083333333333336,BlackOnly,38725,HighSchoolOrCollege,False,False,False,1,False,True,True,False,True
4773,4773,27,True,35.083333333333336,BlackOnly,38572,HighSchoolOrCollege,False,False,False,1,True,False,True,True,False
4774,4774,27,False,33.083333333333336,BlackOnly,16056,HighSchoolOrCollege,False,False,False,1,True,False,False,True,True
4775,4775,27,False,31.08333333333333,WhiteOnly,93308,HighSchoolOrCollege,True,True,False,1,True,True,False,True,False
4776,4776,27,True,26.08333333333333,BlackOnly,59704,HighSchoolOrCollege,False,False,False,1,True,False,True,True,False
4777,4777,27,True,37.083333333333336,BlackOnly,63622,Bachelors,False,False,False,1,False,False,False,True,False
4778,4778,27,True,33.083333333333336,BlackOnly,96953,Graduate,False,True,False,1,True,True,False,False,True
4779,4779,27,False,27.08333333333333,BlackOnly,10971,HighSchoolOrCollege,False,False,False,1,False,False,True,False,True
4780,4780,27,True,34.083333333333336,WhiteOnly,39383,HighSchoolOrCollege,True,False,False,1,True,True,False,False,True
4781,4781,27,True,30.08333333333333,BlackOnly,29885,HighSchoolOrCollege,False,False,False,1,True,False,True,False,False
4782,4782,27,True,44.083333333333336,BlackOnly,36268,Bachelors,False,False,False,1,False,False,False,True,True
4783,4783,27,False,62.083333333333336,BlackOnly,42981,HighSchoolOrCollege,False,False,True,1,False,False,False,False,True
4784,4784,27,True,40.083333333333336,WhiteOnly,61553,HighSchoolOrCollege,True,False,False,1,True,False,False,False,True
4785,4785,27,False,29.08333333333333,Plus2Races,74315,HighSchoolOrCollege,False,True,False,1,False,False,True,False,False
4786,4786,27,True,36.083333333333336,BlackOnly,14706,HighSchoolOrCollege,False,False,False,1,True,False,True,True,True
4787,4787,27,True,45.083333333333336,AsianOnly,43871,Bachelors,False,False,False,1,False,False,True,False,False
4788,4788,27,False,61.083333333333336,BlackOnly,55593,Bachelors,False,False,True,1,True,True,True,True,True
4789,4789,27,False,22.08333333333333,BlackOnly,41170,HighSchoolOrCollege,False,False,False,1,False,True,True,False,False
4790,4790,27,False,32.083333333333336,BlackOnly,73582,Bachelors,False,True,False,1,False,True,False,False,True
4791,4791,27,False,21.08333333333333,BlackOnly,72721,Bachelors,False,True,False,1,False,True,True,False,True
4792,4792,27,False,35.083333333333336,BlackOnly,54482,HighSchoolOrCollege,False,False,False,1,False,False,True,True,False
4793,4793,27,False,32.083333333333336,BlackOnly,35440,HighSchoolOrCollege,False,False,False,1,True,False,False,True,True
4794,4794,27,True,27.08333333333333,BlackOnly,36399,HighSchoolOrCollege,False,False,False,1,True,True,True,False,False
4795,4795,27,False,30.08333333333333,BlackOnly,14454,Low,False,False,False,1,False,False,True,False,False
4796,4796,27,True,27.08333333333333,WhiteOnly,66117,HighSchoolOrCollege,True,False,False,1,True,False,False,True,False
4797,4797,27,True,35.083333333333336,BlackOnly,32322,Bachelors,False,False,False,1,True,False,False,True,True
4798,4798,27,False,40.083333333333336,BlackOnly,40363,Low,False,False,False,1,True,True,True,False,True
4799,4799,27,False,15.083333333333334,Plus2Races,93977,HighSchoolOrCollege,False,True,False,1,False,True,False,True,True
4800,4800,27,False,34.083333333333336,BlackOnly,474743,HighSchoolOrCollege,False,True,False,1,False,False,False,True,False
4801,4801,27,False,34.083333333333336,BlackOnly,33042,HighSchoolOrCollege,False,False,False,1,False,True,False,True,False
4802,4802,27,False,45.083333333333336,BlackOnly,15651,Bachelors,False,False,False,1,False,True,True,False,False
4803,4803,27,True,53.083333333333336,BlackOnly,46264,HighSchoolOrCollege,False,False,True,1,True,False,False,True,False
4804,4804,27,True,22.08333333333333,BlackOnly,73981,Graduate,False,True,False,1,False,False,True,True,False
4805,4805,27,False,35.083333333333336,BlackOnly,28163,Bachelors,False,False,False,1,False,False,True,True,False
4806,4806,27,False,30.08333333333333,BlackOnly,38210,Low,False,False,False,1,True,False,False,True,False
4807,4807,27,True,36.083333333333336,Plus2Races,43330,HighSchoolOrCollege,False,False,False,1,False,True,False,True,True
4808,4808,27,True,18.08333333333333,BlackOnly,36409,HighSchoolOrCollege,False,False,False,1,False,False,True,False,True
4809,4809,27,False,24.08333333333333,BlackOnly,70689,HighSchoolOrCollege,False,True,False,1,True,True,True,True,False
4810,4810,27,True,30.08333333333333,BlackOnly,478903,HighSchoolOrCollege,False,True,False,1,False,False,False,True,False
4811,4811,27,True,46.083333333333336,WhiteOnly,48946,HighSchoolOrCollege,True,False,False,1,False,True,True,False,False
4812,4812,27,True,15.083333333333334,BlackOnly,74092,HighSchoolOrCollege,False,True,False,1,False,True,False,False,False
4813,4813,27,False,38.083333333333336,BlackOnly,55843,Graduate,False,False,False,1,True,False,False,True,True
4814,4814,27,False,51.083333333333336,BlackOnly,96033,Bachelors,False,True,True,1,True,True,True,True,True
4815,4815,27,False,23.08333333333333,BlackOnly,41740,HighSchoolOrCollege,False,False,False,1,False,False,False,True,True
4816,4816,27,False,47.083333333333336,BlackOnly,71947,HighSchoolOrCollege,False,True,False,1,True,True,False,True,False
4817,4817,27,False,22.08333333333333,BlackOnly,11122,Graduate,False,False,False,1,False,False,True,False,False
4818,4818,27,True,38.083333333333336,BlackOnly,61096,HighSchoolOrCollege,False,False,False,1,True,False,False,False,False
4819,4819,27,True,64.08333333333333,BlackOnly,25268,HighSchoolOrCollege,False,False,True,1,True,False,False,False,False
4820,4820,27,False,38.083333333333336,BlackOnly,13244,Bachelors,False,False,False,1,False,False,True,True,False
4821,4821,27,False,20.08333333333333,BlackOnly,38144,HighSchoolOrCollege,False,False,False,1,True,True,True,False,True
4822,4822,27,True,26.08333333333333,BlackOnly,65064,Bachelors,False,False,False,1,True,True,True,False,True
4823,4823,27,True,19.08333333333333,BlackOnly,14859,HighSchoolOrCollege,False,False,False,1,True,False,False,True,True
4824,4824,27,False,62.083333333333336,BlackOnly,215775,HighSchoolOrCollege,False,True,True,1,True,True,True,True,False
4825,4825,27,True,28.08333333333333,BlackOnly,21196,HighSchoolOrCollege,False,False,False,1,True,True,True,False,True
4826,4826,27,True,23.08333333333333,BlackOnly,64751,HighSchoolOrCollege,False,False,False,1,False,False,True,False,False
4827,4827,27,False,43.083333333333336,BlackOnly,20627,HighSchoolOrCollege,False,False,False,1,True,False,False,True,True
4828,4828,27,False,42.083333333333336,BlackOnly,478432,HighSchoolOrCollege,False,True,False,1,True,True,False,False,False
4829,4829,27,False,21.08333333333333,BlackOnly,25610,Low,False,False,False,1,False,True,False,True,True
4830,4830,27,True,43.083333333333336,AmerIndianOnly,36435,HighSchoolOrCollege,False,False,False,1,False,False,False,True,False
4831,4831,27,False,17.083333333333332,BlackOnly,235312,HighSchoolOrCollege,False,True,False,1,False,True,True,True,False
4832,4832,27,False,19.08333333333333,BlackOnly,28065,HighSchoolOrCollege,False,False,False,1,True,False,True,True,False
4833,4833,27,False,44.083333333333336,BlackOnly,45165,Bachelors,False,False,False,1,False,True,False,True,False
4834,4834,27,False,25.08333333333333,BlackOnly,42742,Low,False,False,False,1,True,False,False,False,True
4835,4835,27,False,28.08333333333333,BlackOnly,27295,Low,False,False,False,1,False,False,True,False,True
4836,4836,27,False,45.083333333333336,BlackOnly,57610,HighSchoolOrCollege,False,False,False,1,False,False,True,True,False
4837,4837,27,False,43.083333333333336,BlackOnly,17959,Low,False,False,False,1,False,False,False,True,False
4838,4838,27,False,32.083333333333336,BlackOnly,36275,HighSchoolOrCollege,False,False,False,1,False,True,False,False,False
4839,4839,27,False,38.083333333333336,BlackOnly,37240,Bachelors,False,False,False,1,False,True,True,True,True
4840,4840,27,False,21.08333333333333,BlackOnly,60738,HighSchoolOrCollege,False,False,False,1,False,False,False,False,False
4841,4841,27,False,25.08333333333333,WhiteOnly,58253,Low,True,False,False,1,True,False,True,True,False
4842,4842,27,True,54.083333333333336,BlackOnly,16097,Graduate,False,False,True,1,False,True,False,False,True
4843,4843,27,False,49.083333333333336,BlackOnly,41373,Graduate,False,False,False,1,True,False,False,True,False
4844,4844,27,False,17.083333333333332,BlackOnly,47117,Bachelors,False,False,False,1,True,False,False,True,True
4845,4845,27,True,50.083333333333336,BlackOnly,13590,HighSchoolOrCollege,False,False,True,1,False,True,False,True,False
4846,4846,27,True,60.083333333333336,BlackOnly,11836,HighSchoolOrCollege,False,False,True,1,True,True,True,True,False
4847,4847,27,False,52.083333333333336,BlackOnly,65578,Bachelors,False,False,True,1,True,False,True,False,False
4848,4848,27,True,52.083333333333336,BlackOnly,31630,HighSchoolOrCollege,False,False,True,1,True,False,True,False,False
4849,4849,27,True,34.083333333333336,BlackOnly,31450,Low,False,False,False,1,True,True,True,True,False
4850,4850,27,False,21.08333333333333,BlackOnly,73657,Bachelors,False,True,False,1,False,False,False,False,False
4851,4851,27,True,31.08333333333333,BlackOnly,65589,Bachelors,False,False,False,1,False,False,False,False,True
4852,4852,27,True,25.08333333333333,BlackOnly,16731,HighSchoolOrCollege,False,False,False,1,False,False,True,True,False
4853,4853,27,True,25.08333333333333,BlackOnly,57572,HighSchoolOrCollege,False,False,False,1,True,False,True,False,True
4854,4854,27,False,42.083333333333336,BlackOnly,48832,Graduate,False,False,False,1,False,False,True,False,True
4855,4855,27,False,25.08333333333333,BlackOnly,10565,Bachelors,False,False,False,1,False,False,True,True,False
4856,4856,27,False,37.083333333333336,BlackOnly,65997,Bachelors,False,False,False,1,False,False,True,True,False
4857,4857,27,True,63.083333333333336,BlackOnly,74129,HighSchoolOrCollege,False,True,True,1,False,True,True,False,True
4858,4858,27,True,28.08333333333333,BlackOnly,34337,HighSchoolOrCollege,False,False,False,1,False,False,False,False,False
4859,4859,27,False,60.083333333333336,BlackOnly,51252,HighSchoolOrCollege,False,False,True,1,True,False,True,False,False
4860,4860,27,True,44.083333333333336,BlackOnly,15695,Bachelors,False,False,False,1,False,False,False,False,False
4861,4861,27,True,31.08333333333333,AsianOnly,26176,HighSchoolOrCollege,False,False,False,1,False,False,False,False,False
4862,4862,27,False,59.083333333333336,BlackOnly,21922,Graduate,False,False,True,1,False,False,True,True,True
4863,4863,27,False,62.083333333333336,WhiteOnly,25407,Low,True,False,True,1,True,False,False,True,False
4864,4864,27,True,38.083333333333336,WhiteOnly,79524,Bachelors,True,True,False,1,True,True,False,False,False
4865,4865,27,False,50.083333333333336,BlackOnly,21594,Bachelors,False,False,True,1,False,True,False,False,False
4866,4866,27,True,22.08333333333333,BlackOnly,19556,HighSchoolOrCollege,False,False,False,1,False,False,False,False,False
4867,4867,27,False,61.083333333333336,WhiteOnly,27154,HighSchoolOrCollege,True,False,True,1,True,False,True,True,False
4868,4868,27,True,30.08333333333333,BlackOnly,66019,Low,False,False,False,1,False,True,False,True,False
4869,4869,27,False,48.083333333333336,BlackOnly,65442,HighSchoolOrCollege,False,False,False,1,True,True,False,False,True
4870,4870,27,False,34.083333333333336,BlackOnly,31451,HighSchoolOrCollege,False,False,False,1,True,False,True,False,False
4871,4871,27,False,32.083333333333336,BlackOnly,37830,HighSchoolOrCollege,False,False,False,1,False,False,False,True,True
4872,4872,27,True,30.08333333333333,BlackOnly,65301,Bachelors,False,False,False,1,False,False,True,False,True
4873,4873,27,False,35.083333333333336,BlackOnly,47436,Bachelors,False,False,False,1,True,True,False,True,True
4874,4874,27,False,22.08333333333333,BlackOnly,24876,HighSchoolOrCollege,False,False,False,1,True,False,False,False,False
4875,4875,27,False,55.083333333333336,BlackOnly,61500,HighSchoolOrCollege,False,False,True,1,True,True,True,True,False
4876,4876,27,False,34.083333333333336,BlackOnly,46466,HighSchoolOrCollege,False,False,False,1,True,True,True,False,False
4877,4877,27,True,16.083333333333332,WhiteOnly,54190,HighSchoolOrCollege,True,False,False,1,False,True,False,True,True
4878,4878,27,True,52.083333333333336,BlackOnly,74919,HighSchoolOrCollege,False,True,True,1,True,False,True,True,False
4879,4879,27,True,49.083333333333336,BlackOnly,58217,HighSchoolOrCollege,False,False,False,1,True,False,False,False,False
4880,4880,27,True,55.083333333333336,BlackOnly,24681,Low,False,False,True,1,False,False,True,False,False
4881,4881,27,False,35.083333333333336,WhiteOnly,457475,HighSchoolOrCollege,True,True,False,1,False,False,False,True,True
4882,4882,27,True,17.083333333333332,BlackOnly,45004,HighSchoolOrCollege,False,False,False,1,False,True,False,True,False
4883,4883,27,True,39.083333333333336,BlackOnly,13650,HighSchoolOrCollege,False,False,False,1,False,False,False,False,False
4884,4884,27,False,48.083333333333336,BlackOnly,56831,HighSchoolOrCollege,False,False,False,1,True,False,True,True,False
4885,4885,27,True,32.083333333333336,BlackOnly,53117,HighSchoolOrCollege,False,False,False,1,True,False,False,True,False
4886,4886,27,True,16.083333333333332,WhiteOnly,60815,HighSchoolOrCollege,True,False,False,1,False,False,False,True,False
4887,4887,27,False,62.083333333333336,BlackOnly,24590,Bachelors,False,False,True,1,False,False,False,True,True
4888,4888,27,False,45.083333333333336,BlackOnly,11740,Low,False,False,False,1,False,False,True,True,False
4889,4889,27,True,22.08333333333333,BlackOnly,41216,HighSchoolOrCollege,False,False,False,1,False,False,False,True,False
4890,4890,27,True,55.083333333333336,BlackOnly,32854,HighSchoolOrCollege,False,False,True,1,False,False,True,False,False
4891,4891,27,True,57.083333333333336,WhiteOnly,11281,HighSchoolOrCollege,True,False,True,1,True,True,False,False,False
4892,4892,27,False,27.08333333333333,BlackOnly,51539,HighSchoolOrCollege,False,False,False,1,False,True,True,True,False
4893,4893,27,True,18.08333333333333,BlackOnly,43404,Bachelors,False,False,False,1,False,True,False,False,True
4894,4894,27,False,47.083333333333336,BlackOnly,88231,Low,False,True,False,1,False,False,False,True,False
4895,4895,27,False,58.083333333333336,BlackOnly,70597,Low,False,True,True,1,True,False,True,False,False
4896,4896,27,False,18.08333333333333,BlackOnly,33296,HighSchoolOrCollege,False,False,False,1,True,True,False,False,False
4897,4897,27,True,53.083333333333336,BlackOnly,29361,Low,False,False,True,1,True,False,False,False,True
4898,4898,27,False,33.083333333333336,BlackOnly,62581,HighSchoolOrCollege,False,False,False,1,False,False,True,False,False
4899,4899,27,False,28.08333333333333,BlackOnly,445760,Bachelors,False,True,False,1,True,True,False,True,True
4900,4900,27,True,50.083333333333336,WhiteOnly,35209,HighSchoolOrCollege,True,False,True,1,False,False,True,False,False
4901,4901,27,True,59.083333333333336,BlackOnly,11682,Low,False,False,True,1,True,True,False,False,True
4902,4902,27,False,41.083333333333336,BlackOnly,61305,Low,False,False,False,1,True,True,False,True,False
4903,4903,27,False,58.083333333333336,BlackOnly,51947,Graduate,False,False,True,1,True,False,False,True,True
4904,4904,27,False,57.083333333333336,BlackOnly,59040,Bachelors,False,False,True,1,False,False,True,True,True
4905,4905,27,False,32.083333333333336,BlackOnly,63411,Bachelors,False,False,False,1,True,False,True,True,False
4906,4906,27,False,23.08333333333333,BlackOnly,60866,HighSchoolOrCollege,False,False,False,1,False,False,True,True,True
4907,4907,27,False,22.08333333333333,BlackOnly,27223,Low,False,False,False,1,False,False,True,False,True
4908,4908,27,True,55.083333333333336,WhiteOnly,50357,HighSchoolOrCollege,True,False,True,1,True,True,False,False,False
4909,4909,27,True,42.083333333333336,BlackOnly,34189,Bachelors,False,False,False,1,True,False,False,False,True
4910,4910,27,False,50.083333333333336,BlackOnly,64544,Bachelors,False,False,True,1,True,False,False,True,True
4911,4911,27,False,49.083333333333336,BlackOnly,17807,Bachelors,False,False,False,1,True,False,False,True,True
4912,4912,27,False,18.08333333333333,BlackOnly,57725,HighSchoolOrCollege,False,False,False,1,True,True,True,True,False
4913,4913,27,False,29.08333333333333,Plus2Races,10575,HighSchoolOrCollege,False,False,False,1,False,False,False,False,False
4914,4914,27,True,35.083333333333336,BlackOnly,99266,Low,False,True,False,1,True,True,False,True,True
4915,4915,27,True,43.083333333333336,BlackOnly,67066,Graduate,False,False,False,1,True,False,False,True,True
4916,4916,27,True,47.083333333333336,BlackOnly,50887,HighSchoolOrCollege,False,False,False,1,False,False,True,False,True
4917,4917,27,True,19.08333333333333,BlackOnly,36068,HighSchoolOrCollege,False,False,False,1,False,False,False,False,False
4918,4918,27,True,29.08333333333333,BlackOnly,20981,Low,False,False,False,1,False,True,False,True,False
4919,4919,27,True,20.08333333333333,BlackOnly,68607,HighSchoolOrCollege,False,False,False,1,True,False,True,True,False
4920,4920,27,True,49.083333333333336,BlackOnly,419691,HighSchoolOrCollege,False,True,False,1,True,False,True,False,False
4921,4921,27,False,28.08333333333333,BlackOnly,21521,Graduate,False,False,False,1,False,False,False,True,True
4922,4922,27,True,50.083333333333336,BlackOnly,73462,Bachelors,False,True,True,1,True,True,True,False,False
4923,4923,27,True,26.08333333333333,BlackOnly,17145,Bachelors,False,False,False,1,True,False,False,False,True
4924,4924,27,True,30.08333333333333,Plus2Races,17044,Graduate,False,False,False,1,False,False,True,False,False
4925,4925,27,True,52.083333333333336,BlackOnly,40477,HighSchoolOrCollege,False,False,True,1,True,True,False,False,False
4926,4926,27,False,41.083333333333336,BlackOnly,44020,HighSchoolOrCollege,False,False,False,1,False,False,True,True,False
4927,4927,27,True,39.083333333333336,BlackOnly,43867,Bachelors,False,False,False,1,False,False,False,True,False
4928,4928,27,False,56.083333333333336,BlackOnly,15124,Bachelors,False,False,True,1,True,True,False,False,False
4929,4929,27,False,54.083333333333336,BlackOnly,57553,HighSchoolOrCollege,False,False,True,1,False,False,False,True,True
4930,4930,27,True,18.08333333333333,WhiteOnly,23496,HighSchoolOrCollege,True,False,False,1,True,False,False,True,False
4931,4931,27,True,37.083333333333336,BlackOnly,24370,HighSchoolOrCollege,False,False,False,1,True,False,False,False,False
4932,4932,27,True,44.083333333333336,BlackOnly,82548,Bachelors,False,True,False,1,False,True,False,True,False
4933,4933,27,True,39.083333333333336,BlackOnly,33519,Bachelors,False,False,False,1,True,False,True,True,False
4934,4934,27,False,48.083333333333336,BlackOnly,66462,HighSchoolOrCollege,False,False,False,1,False,True,False,True,False
4935,4935,27,False,36.083333333333336,Plus2Races,27632,HighSchoolOrCollege,False,False,False,1,False,True,True,True,False
4936,4936,27,False,46.083333333333336,BlackOnly,67859,Bachelors,False,False,False,1,False,False,False,True,False
4937,4937,27,True,45.083333333333336,WhiteOnly,12757,Graduate,True,False,False,1,True,False,False,True,True
4938,4938,27,False,52.083333333333336,WhiteOnly,53219,Graduate,True,False,True,1,False,True,False,True,True
4939,4939,27,True,58.083333333333336,BlackOnly,32508,Bachelors,False,False,True,1,True,True,True,True,True
4940,4940,27,True,59.083333333333336,BlackOnly,28980,HighSchoolOrCollege,False,False,True,1,True,True,False,False,False
4941,4941,27,True,53.083333333333336,BlackOnly,55009,HighSchoolOrCollege,False,False,True,1,True,False,False,False,False
4942,4942,27,False,29.08333333333333,BlackOnly,48735,Graduate,False,False,False,1,False,False,True,True,True
4943,4943,27,False,45.083333333333336,Plus2Races,56293,Low,False,False,False,1,True,False,True,True,False
4944,4944,27,False,54.083333333333336,BlackOnly,48786,HighSchoolOrCollege,False,False,True,1,True,True,False,True,False
4945,4945,27,False,21.08333333333333,BlackOnly,35612,HighSchoolOrCollege,False,False,False,1,False,True,True,True,False
4946,4946,27,True,45.083333333333336,BlackOnly,310379,Bachelors,False,True,False,1,False,True,False,True,True
4947,4947,27,False,20.08333333333333,Plus2Races,71846,Bachelors,False,True,False,1,False,True,True,True,True
4948,4948,27,True,53.083333333333336,BlackOnly,44700,HighSchoolOrCollege,False,False,True,1,True,False,True,False,False
4949,4949,27,False,51.083333333333336,BlackOnly,10736,HighSchoolOrCollege,False,False,True,1,False,False,True,False,False
4950,4950,27,False,42.083333333333336,BlackOnly,40009,Bachelors,False,False,False,1,True,False,False,True,True
4951,4951,27,True,29.08333333333333,BlackOnly,48736,HighSchoolOrCollege,False,False,False,1,False,False,True,False,False
4952,4952,27,True,52.083333333333336,BlackOnly,66299,HighSchoolOrCollege,False,False,True,1,False,True,False,True,False
4953,4953,27,True,43.083333333333336,BlackOnly,66227,HighSchoolOrCollege,False,False,False,1,False,False,False,False,False
4954,4954,27,True,63.083333333333336,BlackOnly,280368,HighSchoolOrCollege,False,True,True,1,False,True,False,True,False
4955,4955,27,False,35.083333333333336,BlackOnly,36813,HighSchoolOrCollege,False,False,False,1,False,True,True,False,False
4956,4956,27,True,34.083333333333336,BlackOnly,88433,HighSchoolOrCollege,False,True,False,1,True,True,True,False,False
4957,4957,27,True,48.083333333333336,BlackOnly,70244,Bachelors,False,True,False,1,True,False,True,False,False
4958,4958,27,True,39.083333333333336,BlackOnly,60502,Graduate,False,False,False,1,False,False,False,False,False
4959,4959,27,True,22.08333333333333,WhiteOnly,43656,Low,True,False,False,1,True,False,True,True,False
4960,4960,27,True,52.083333333333336,BlackOnly,68329,HighSchoolOrCollege,False,False,True,1,True,False,True,False,False
4961,4961,27,False,57.083333333333336,BlackOnly,32403,Bachelors,False,False,True,1,False,True,True,True,True
4962,4962,27,False,32.083333333333336,BlackOnly,32046,Bachelors,False,False,False,1,False,False,True,False,True
4963,4963,27,True,62.083333333333336,BlackOnly,62856,HighSchoolOrCollege,False,False,True,1,True,True,True,False,False
4964,4964,27,True,28.08333333333333,BlackOnly,58108,HighSchoolOrCollege,False,False,False,1,False,False,True,False,True
4965,4965,27,False,45.083333333333336,BlackOnly,58947,Bachelors,False,False,False,1,False,True,False,True,True
4966,4966,27,False,37.083333333333336,WhiteOnly,74554,Bachelors,True,True,False,1,False,False,True,False,False
4967,4967,27,False,40.083333333333336,BlackOnly,21092,HighSchoolOrCollege,False,False,False,1,True,True,True,True,False
4968,4968,27,True,37.083333333333336,BlackOnly,64399,HighSchoolOrCollege,False,False,False,1,True,False,True,True,False
4969,4969,27,True,49.083333333333336,BlackOnly,13184,Graduate,False,False,False,1,True,True,True,False,True
4970,4970,27,True,39.083333333333336,BlackOnly,46407,HighSchoolOrCollege,False,False,False,1,False,False,True,True,False
4971,4971,27,True,56.083333333333336,BlackOnly,44198,Bachelors,False,False,True,1,True,True,False,False,True
4972,4972,27,True,47.083333333333336,BlackOnly,300831,HighSchoolOrCollege,False,True,False,1,True,False,True,True,False
4973,4973,27,True,48.083333333333336,BlackOnly,58802,Graduate,False,False,False,1,False,False,True,False,True
4974,4974,27,False,33.083333333333336,BlackOnly,39573,HighSchoolOrCollege,False,False,False,1,False,True,True,True,False
4975,4975,27,True,64.08333333333333,BlackOnly,60498,HighSchoolOrCollege,False,False,True,1,False,False,False,False,True
4976,4976,27,True,24.08333333333333,BlackOnly,18407,HighSchoolOrCollege,False,False,False,1,True,False,True,False,True
4977,4977,27,False,38.083333333333336,BlackOnly,69658,HighSchoolOrCollege,False,False,False,1,True,True,True,True,False
4978,4978,27,True,53.083333333333336,BlackOnly,51702,Low,False,False,True,1,True,False,True,True,False
4979,4979,27,True,29.08333333333333,BlackOnly,19245,HighSchoolOrCollege,False,False,False,1,True,False,True,False,False
4980,4980,27,True,31.08333333333333,BlackOnly,41014,HighSchoolOrCollege,False,False,False,1,False,False,True,True,False
4981,4981,27,False,25.08333333333333,BlackOnly,48882,HighSchoolOrCollege,False,False,False,1,False,True,True,True,False
4982,4982,27,True,41.083333333333336,WhiteOnly,23228,Bachelors,True,False,False,1,False,False,True,True,True
4983,4983,27,True,30.08333333333333,BlackOnly,58984,Bachelors,False,False,False,1,True,True,True,True,False
4984,4984,27,True,29.08333333333333,BlackOnly,28476,HighSchoolOrCollege,False,False,False,1,True,False,True,True,False
4985,4985,27,True,24.08333333333333,BlackOnly,13895,HighSchoolOrCollege,False,False,False,1,True,True,True,True,False
4986,4986,27,False,42.083333333333336,AmerIndianOnly,50197,Graduate,False,False,False,1,True,True,False,True,True
4987,4987,27,False,57.083333333333336,BlackOnly,33868,HighSchoolOrCollege,False,False,True,1,True,True,True,True,True
4988,4988,27,False,34.083333333333336,BlackOnly,70683,HighSchoolOrCollege,False,True,False,1,False,True,False,True,False
4989,4989,27,False,39.083333333333336,BlackOnly,28216,Low,False,False,False,1,False,False,False,True,True
4990,4990,27,True,54.083333333333336,BlackOnly,28088,HighSchoolOrCollege,False,False,True,1,True,True,False,False,True
4991,4991,27,False,31.08333333333333,Plus2Races,67765,Bachelors,False,False,False,1,True,False,False,True,False
4992,4992,27,False,56.083333333333336,BlackOnly,59095,HighSchoolOrCollege,False,False,True,1,True,False,False,True,False
4993,4993,27,True,53.083333333333336,WhiteOnly,54230,HighSchoolOrCollege,True,False,True,1,True,True,False,False,False
4994,4994,27,True,57.083333333333336,BlackOnly,22398,Bachelors,False,False,True,1,True,False,True,True,True
4995,4995,27,True,58.083333333333336,WhiteOnly,25193,Bachelors,True,False,True,1,False,False,False,True,True
4996,4996,27,False,48.083333333333336,BlackOnly,58264,HighSchoolOrCollege,False,False,False,1,False,True,False,True,False
4997,4997,27,True,38.083333333333336,BlackOnly,15163,Bachelors,False,False,False,1,False,False,False,True,False
4998,4998,27,True,19.08333333333333,BlackOnly,19140,HighSchoolOrCollege,False,False,False,1,False,False,True,False,False
4999,4999,27,True,16.083333333333332,AsianOnly,44312,HighSchoolOrCollege,False,False,False,1,False,False,True,False,False
